transitions,speed_ms,speed_kmh,is_low_speed,v_rms_ratio,v_rms_diff,s_rms_ratio,s_rms_diff,s_kurt_ratio,s_kurt_diff,car1_v_ratio,car1_v_diff,car2_v_ratio,car2_v_diff,car3_v_ratio,car3_v_diff,car4_v_ratio,car4_v_diff,car5_v_ratio,car5_v_diff,car6_v_ratio,car6_v_diff,car7_v_ratio,car7_v_diff,car8_v_ratio,car8_v_diff,top1_car_ratio,top2_car_ratio,top3_car_ratio,mean_top2_car_ratio,mean_top3_car_ratio,top1_car_diff,top2_car_diff,mean_top2_car_diff,min1_car_ratio,min2_car_ratio,mean_min2_car_ratio,min1_car_diff,min2_car_diff,mean_min2_car_diff,car_ratio_std,car_ratio_range,spectral_centroid_diff,spectral_entropy_diff,band_100_250_ratio,band_100_250_diff,band_100_250_s1,band_100_250_s2,band_250_500_ratio,band_250_500_diff,band_250_500_s1,band_250_500_s2,band_500_1000_ratio,band_500_1000_diff,band_500_1000_s1,band_500_1000_s2,band_1000_2000_ratio,band_1000_2000_diff,band_1000_2000_s1,band_1000_2000_s2,band_2000_4000_ratio,band_2000_4000_diff,band_2000_4000_s1,band_2000_4000_s2,wave_2_4cm_ratio,wave_2_4cm_diff,wave_4_7cm_ratio,wave_4_7cm_diff,wave_7_12cm_ratio,wave_7_12cm_diff,wave_12_20cm_ratio,wave_12_20cm_diff,wave_20_30cm_ratio,wave_20_30cm_diff,filename,label
118,1.7505652397503124,6.302034863101125,1,1.069388298429195,0.011901151720329711,0.9324494654252222,-0.07975457824342524,0.8643614577041189,-6.390154707362157,1.9846001070117625,0.08552640667780963,1.3632717219036818,0.06685383527003105,0.7997681577557969,-0.039533801708234145,1.222897395171471,0.04235956819938369,0.7208645505918814,-0.05952190101790056,1.2745174126298013,0.04192698975765924,0.8085414600216791,-0.03407263164703808,0.9128931037788692,-0.011803141716396154,1.9846001070117625,1.3632717219036818,1.2745174126298013,1.6739359144577222,1.5407964138484154,0.08552640667780963,0.06685383527003105,0.07619012097392033,0.7208645505918814,0.7997681577557969,0.7603163541738391,-0.05952190101790056,-0.039533801708234145,-0.04952785136306735,0.393844485734508,1.2637355564198811,-0.9060750553675092,0.0017067079846118105,1.1103250418824546,3.6145898933866974e-06,3.627704423269431e-05,3.266245433930761e-05,1.3406318134417174,2.5018634061279445e-06,9.807279370803556e-06,7.3054159646756115e-06,0.9386266531266776,-3.6242727001788674e-08,7.072232212906509e-07,7.434659482924396e-07,0.9936610280586575,8.404262593326513e-09,2.501386796943332e-07,2.417344171010067e-07,0.8395672424211015,-3.898357024953911e-08,2.563379301020938e-07,2.9532150035163293e-07,1.0,0.0,1.0,0.0,1.0,0.0,1.0,0.0,1.0,0.0,Train1.csv,Normal
900,13.351768777756622,48.06636759992384,0,0.9435165538767465,-0.054731160882586005,0.9100600722484777,-0.1332327482993787,1.3690893194465623,7.417553993670484,1.5778193848473443,0.17863931526559101,1.3654508671532681,0.16521548275685932,1.7248237089633058,0.4585961174855663,0.6213568744476046,-0.45501531441562015,1.6404774323770104,0.6593637750726504,0.5750086351705431,-0.8621623925816551,0.8099364556890515,-0.051197029665919436,0.7023311173261853,-0.10273644196624981,1.7248237089633058,1.6404774323770104,1.5778193848473443,1.682650570670158,1.6477068420625534,0.6593637750726504,0.4585961174855663,0.5589799462791083,0.5750086351705431,0.6213568744476046,0.5981827548090739,-0.8621623925816551,-0.45501531441562015,-0.6585888534986376,0.46400315210691817,1.1498150737927628,22.540125552507163,0.395536028035659,0.9036592677047651,-5.625838209213528e-05,0.0005277876111683437,0.000584045993260479,0.786104920127143,-6.124854101003071e-05,0.00022513673767727646,0.0002863852786873072,1.0265689031245184,7.264447450789301e-06,0.00028029723799394594,0.00027303279054315664,0.8772732453719972,-3.3487130438540123e-06,2.4008693957452373e-05,2.7357407001306385e-05,0.9097095323161841,-5.977853775187723e-07,6.123660290114146e-06,6.7214456676329186e-06,0.906187721337308,-4.300101959580613e-05,0.8381410131220326,-1.9831613888723852e-05,1.0754966480467207,1.804413759975694e-05,0.804240110361305,-0.00016266242276433325,0.4922581366259741,-0.00047732544700381397,Train2.csv,Side II
1200,17.802358370342162,64.08849013323179,0,0.9629654721340127,-0.018619608164658852,0.8929247994682317,-0.15635234461934333,1.1992344434536775,3.340215143268626,0.8756497148090098,-0.04627254016949006,0.7053027783417185,-0.13869882994419142,1.285155718770525,0.11181995397983568,0.888246678755669,-0.06200327858500099,1.111265293998477,0.03678639288662294,0.6658511161400663,-0.24408343369948415,1.6179775294086334,0.2510565248326989,0.9553037460036945,-0.02800796823190055,1.6179775294086334,1.285155718770525,1.111265293998477,1.4515666240895793,1.3381328473925453,0.2510565248326989,0.11181995397983568,0.1814382394062673,0.6658511161400663,0.7053027783417185,0.6855769472408924,-0.24408343369948415,-0.13869882994419142,-0.19139113182183778,0.29636755496074396,0.9521264132685671,1.0607295223193205,-0.032457031169350614,0.8807645949287047,-1.3412071996554646e-05,9.914576797118893e-05,0.00011255783996774358,0.8402049848805695,-2.223957978155667e-05,0.00011698867971563335,0.00013922825949719001,0.954597516213717,-9.280931049343246e-06,0.00019534393194795888,0.00020462486299730213,0.9608213998831995,-5.880978583343341e-07,1.4667834475931426e-05,1.525593233426576e-05,0.8490565882524843,-2.6085191680383e-07,1.523541847508892e-06,1.784393764312722e-06,0.9392813498887015,-1.3148465535660114e-05,0.8191870157876995,-2.103342394104366e-05,0.9266222746648263,-3.5679358683680462e-06,0.8999263837293456,-9.47735278759485e-06,0.623594707669913,-6.633549104214787e-05,Train3.csv,Normal
861,12.773192130720501,45.98349167059381,0,0.7719594966280959,-0.12139332953168958,0.9319127393654411,-0.09129872711243836,1.4461900917190282,7.667543562181859,0.883365015804851,-0.02140715597910056,0.6738541991426559,-0.20799388304132616,0.9024394945660444,-0.04348109157730734,1.2783248547462274,0.12750815029264773,0.7300616074306021,-0.1456197058012041,0.9214692055008462,-0.03330705608343898,1.3448298154483547,0.10441681573384948,0.4346013768880836,-0.5229645641524439,1.3448298154483547,1.2783248547462274,0.9214692055008462,1.311577335097291,1.181541291898476,0.12750815029264773,0.10441681573384948,0.1159624830132486,0.4346013768880836,0.6738541991426559,0.5542277880153698,-0.5229645641524439,-0.20799388304132616,-0.365479223596885,0.28245423805254993,0.910228438560271,4.842714295609653,-0.21744965924882376,0.6230074064173003,-5.4763035913966656e-05,9.051638580500743e-05,0.0001452794217189741,0.821475773560251,-1.1083212319561925e-05,5.104520183738627e-05,6.21284141569482e-05,0.7095473932065045,-1.983109561831594e-05,4.846986167470109e-05,6.830095729301703e-05,0.8971234421640675,-4.624966971378347e-07,4.120354260136338e-06,4.582850957274172e-06,0.49985878972529485,-1.363634481512061e-06,1.3728588153662048e-06,2.736493296878266e-06,0.7497758158444798,-2.638717156783038e-05,0.5577764638475315,-1.1196834959449926e-05,0.6316411167306347,-4.68370173756453e-05,0.7306129017025143,-6.576322958874801e-05,0.957530514124674,-8.506384246510183e-06,Train4.csv,Normal
0,0.0,0.0,1,0.891943528098497,-0.003360205127534186,0.914740361298153,-0.11404168028451478,1.0266032025559357,0.6214470672153531,0.9865833545589737,-0.0003755484860677172,0.9472935903081906,-0.0014395252792647507,0.8642460485137509,-0.004676071685473366,1.754739889100518,0.006893202848982026,0.84876274860199,-0.005887048570328013,0.8246349176038265,-0.005921811275732998,0.7416830909945389,-0.009248754801721683,1.0040072556904023,0.00012668198086337318,1.754739889100518,1.0040072556904023,0.9865833545589737,1.37937357239546,1.248443499783298,0.006893202848982026,0.00012668198086337318,0.0035099424149226998,0.7416830909945389,0.8246349176038265,0.7831590042991827,-0.009248754801721683,-0.005921811275732998,-0.007585283038727341,0.2981799719585948,1.013056798105979,83.77255315773675,0.25562613188636796,0.5443457426312605,-8.042827353774921e-08,1.0802981628663681e-07,1.8845808982438602e-07,0.5664468532488469,-6.483438613818655e-07,8.601409341159646e-07,1.5084847954978301e-06,0.7522326236949934,-7.363336476205996e-08,2.539145643047016e-07,3.2754792906676155e-07,0.7461599606901046,-5.421853093030021e-08,1.8876965448319297e-07,2.429881854134932e-07,0.7757421783658035,-7.27652835484519e-08,2.8629780172246673e-07,3.590630852709186e-07,1.0,0.0,1.0,0.0,1.0,0.0,1.0,0.0,1.0,0.0,Train5.csv,Normal
369,5.474225198880214,19.70721071596877,0,0.8635915478572469,-0.04931953606142858,0.88505078982454,-0.1485059742188417,0.7277481418160472,-8.002425465028441,0.4697484438259148,-0.19515436232858405,1.3289311277364297,0.04986102447146096,0.9230179062882105,-0.026808540086115107,1.2490178194008459,0.0803325997848528,0.712803260017814,-0.17560103957256312,1.3143852799434497,0.0914283211203894,0.7736026838774364,-0.07775534503071718,0.6586101661034589,-0.09990511778763891,1.3289311277364297,1.3143852799434497,1.2490178194008459,1.3216582038399398,1.297444742360242,0.0914283211203894,0.0803325997848528,0.0858804604526211,0.4697484438259148,0.6586101661034589,0.5641793049646868,-0.19515436232858405,-0.17560103957256312,-0.1853777009505736,0.30939971681273815,0.859182683910515,39.36037188199393,0.46667476866438307,0.7457385105141111,-2.61266903943916e-05,7.665783994222918e-05,0.00010278453033662078,0.6368688743936287,-1.8749554860580868e-05,3.290099841547166e-05,5.165055327605253e-05,0.8364311969054153,-1.774262470333518e-06,9.124067459193189e-06,1.0898329929526707e-05,0.7839139577284165,-4.6842082212938616e-07,1.7356084464898812e-06,2.2040292686192673e-06,2.5299367223359726,1.3741371623459645e-06,2.2557669548926404e-06,8.816297925466759e-07,0.665584571465122,-2.1448301163759508e-05,0.9065103884216625,-7.533556097519755e-06,0.4147121442287892,-0.0001629204396676058,0.477579196200626,-2.0586849991343185e-05,0.3607000418619785,-3.124282906056255e-06,Train6.csv,Normal
1223,18.143570239107053,65.31685286078539,0,0.9715814524632707,-0.014979904059167493,0.9235646226412606,-0.10096627431830063,0.9624405169824316,-0.8107015011870544,0.9242770782354799,-0.021573885094148704,1.0518275571650706,0.013325704689606921,0.7670501631669392,-0.10917422407697441,1.335381390009394,0.11705798300009507,1.7922693885771883,0.3839079705222181,0.5108073506909567,-0.46594231122924606,1.478290284537482,0.19004681832319348,0.7934361368562223,-0.13611082275966646,1.7922693885771883,1.478290284537482,1.335381390009394,1.635279836557335,1.5353136877080213,0.3839079705222181,0.19004681832319348,0.28697739442270576,0.5108073506909567,0.7670501631669392,0.6389287569289479,-0.46594231122924606,-0.13611082275966646,-0.3010265669944563,0.39690053535233716,1.2814620378862316,-4.943174992972047,0.14474244120601476,0.9626922240171193,-2.4009437924246013e-06,6.221214694155267e-05,6.461309073397727e-05,1.4449039642880908,2.9457828860933962e-05,9.563700950367032e-05,6.617918064273636e-05,0.8779226568777718,-3.646408324058662e-05,0.00026230439856227714,0.00029876848180286376,1.01490494724635,1.8704136930599796e-07,1.2055068602804119e-05,1.1868027233498121e-05,0.971785022744605,-5.33783366435396e-08,2.182887399098667e-06,2.2362657357422067e-06,0.9092116812749889,-2.746998986264261e-05,1.4166635097017302,2.2195110912569216e-05,0.9161384889223034,-1.6372453411438696e-06,0.9141815657229302,-6.963548274720229e-06,1.056480339147426,3.8469828271642205e-06,Train7.csv,Normal
872,12.936380415781969,46.57096949681509,0,0.9823530785778669,-0.006694036201395859,0.9261283782699846,-0.0940141305675104,1.03851148052807,0.9789646102098857,0.6899721941274016,-0.07879838761847646,1.037032016349282,0.009477218460554493,1.2670460283275726,0.10457949984851311,0.7689274215128038,-0.11214796190859366,0.9890058331026024,-0.004531609164526773,0.6373180955947267,-0.1674223013449206,1.278940973995662,0.11027714045299286,1.11688100193261,0.03561463837045936,1.278940973995662,1.2670460283275726,1.11688100193261,1.2729935011616174,1.220956001418615,0.11027714045299286,0.10457949984851311,0.10742832015075299,0.6373180955947267,0.6899721941274016,0.6636451448610642,-0.1674223013449206,-0.11214796190859366,-0.13978513162675713,0.2344017689261531,0.6416228784009353,25.505973970107362,0.16279773621379068,1.1668487718557232,1.6489640904841253e-05,0.00011524956723724168,9.875992633240043e-05,1.4776780937817893,1.4860092343379257e-05,4.593816721365582e-05,3.107807487027656e-05,1.0585488585070844,3.617096617565622e-06,6.521541332162513e-05,6.15983167040595e-05,1.1614608811148492,5.990694078097851e-07,4.23744171782321e-06,3.638372310013425e-06,0.7941698671443868,-2.5948761065652906e-07,1.039784296803058e-06,1.299271907459587e-06,1.204256840376764,1.4705253473386176e-05,1.036037786872727,5.269198733682454e-07,0.9754291174882266,-8.448649952481048e-07,1.038503575264352,1.0053446708583095e-05,0.6214434856656055,-5.651003215511055e-05,Train8.csv,Normal
367,5.444554601596311,19.60039656574672,0,0.8316161023779024,-0.055198460887909195,0.9344902553890039,-0.07954018499229187,0.8616602945943642,-4.333487576031388,0.9080448583686339,-0.034047938347394946,0.6545707199330245,-0.14279087730238532,1.0493678598858514,0.008233854229038662,1.1014204623714114,0.02620522109485507,0.6635563467085277,-0.14391263233489787,1.2043282504945907,0.058264079071084385,0.7691681766379111,-0.06271451207798218,0.6766512361685216,-0.11156558425416344,1.2043282504945907,1.1014204623714114,1.0493678598858514,1.152874356433001,1.1183721909172846,0.058264079071084385,0.02620522109485507,0.04223465008296973,0.6545707199330245,0.6635563467085277,0.6590635333207762,-0.14391263233489787,-0.14279087730238532,-0.1433517548186416,0.2046239458451382,0.5497575305615662,4.227631682357995,-0.14536268644747175,0.6589996104094119,-2.0205666590665804e-05,3.906774541639125e-05,5.927341200705705e-05,0.477702796610532,-2.0394980322882372e-05,1.866277686682391e-05,3.905775718970628e-05,0.8823050960197926,-7.396208952751313e-07,5.619566469040945e-06,6.359187364316077e-06,0.9632160166367119,-2.961275074931095e-08,1.0372893987021258e-06,1.0669021494514368e-06,1.1031893918454392,7.942980083333233e-08,7.422683513049432e-07,6.628385504716109e-07,0.5872909720727124,-1.7467731225255026e-05,0.6270873414766526,-3.237733633646847e-05,0.7562206947009099,-4.378698061677919e-05,0.382392951681854,-2.2821826312482896e-05,0.4961558110012802,-2.0813290313116114e-06,Train9.csv,Normal
579,8.589637913690092,30.922696489284334,0,1.0453843646808403,0.010282673875465331,0.9523914590565327,-0.06138964245982392,0.7025794879577782,-14.009632769086444,1.359752136659809,0.0824601148586735,0.9069026148951842,-0.016439621502636254,1.0638452349707352,0.012539676612348394,1.0573200001289285,0.013090952744006928,0.8084972959597424,-0.04894910127477295,0.9065963562111004,-0.027457582682543447,1.0074896270453535,0.0011344146920770626,1.1892878388472998,0.04694873977632796,1.359752136659809,1.1892878388472998,1.0638452349707352,1.2745199877535545,1.2042950701592814,0.0824601148586735,0.04694873977632796,0.06470442731750073,0.8084972959597424,0.9065963562111004,0.8575468260854213,-0.04894910127477295,-0.027457582682543447,-0.0382033419786582,0.16412921029768615,0.5512548407000667,-53.36558985652539,-0.22066553847439696,1.2722955215968144,2.2295120269085095e-06,1.037062671984467e-05,8.14111469293616e-06,1.1917241181292793,3.518104889027696e-06,2.1805776164073976e-05,1.828767127504628e-05,0.9377433047426821,-3.88257380420163e-06,5.863200749766363e-05,6.251458130186526e-05,1.1109607383887905,1.941301662721929e-07,1.8435474425616427e-06,1.6494172762894498e-06,0.8956945042170025,-4.3008769374784756e-08,4.55198099082721e-07,4.982068684575058e-07,1.18938610801963,3.2260183006631353e-06,1.2168843819275927,5.154241956537502e-07,1.8174585062523074,1.9185390386378165e-05,1.3406647893389683,1.1845992976436867e-05,1.3364581856629172,1.2898006480394228e-06,Train10.csv,Normal
0,0.0,0.0,1,0.8515717702380224,-0.004853656777003758,0.8961778421120568,-0.14928136662111346,0.8185384241500293,-3.444595984370835,0.9404189378504708,-0.0019641880436281935,0.9073751318655289,-0.0030267244200771135,0.7313478266590361,-0.009378422630522975,1.2183920038448712,0.004800827226648641,0.7588747677901442,-0.009398826068937535,0.7853293492579257,-0.006646891977880518,0.9067614780463246,-0.002526751948382304,0.788636895908517,-0.008146494187011178,1.2183920038448712,0.9404189378504708,0.9073751318655289,1.079405470847671,1.0220620245202903,0.004800827226648641,-0.0019641880436281935,0.001418319591510224,0.7313478266590361,0.7588747677901442,0.7451112972245901,-0.009398826068937535,-0.009378422630522975,-0.009388624349730255,0.14735275924424704,0.48704417718583515,50.84556880619482,-0.022493167575234452,0.4105542168347591,-9.500362878751112e-08,7.313595891749614e-08,1.6813958770500726e-07,0.7295596055083,-2.826896443311488e-07,7.895807941559227e-07,1.0722704384870715e-06,0.9013087833264152,-2.1888456088941904e-08,2.912249593065844e-07,3.131134153955263e-07,0.8054726340289423,-4.240069591265578e-08,2.169737216716141e-07,2.593744175842699e-07,0.7930870614152913,-6.962299015467103e-08,3.051909837770459e-07,3.7481397393171694e-07,1.0,0.0,1.0,0.0,1.0,0.0,1.0,0.0,1.0,0.0,Train11.csv,Normal
974,14.449580877261054,52.018491158139796,0,0.6643214069795412,-0.21483146896553562,0.8805080212134855,-0.157167090078292,1.1576788908398101,4.523778659159355,0.31357068661697646,-1.0828283835058705,0.8700243979584456,-0.05331122322395737,1.3276026863984436,0.17008203238970587,1.5760330031923888,0.22924447732571135,0.9628036815844206,-0.010348029892227217,1.0619784786055646,0.01435669873235626,1.0503957514413231,0.010273445393919695,1.186991052785773,0.026116970082707858,1.5760330031923888,1.3276026863984436,1.186991052785773,1.4518178447954162,1.3635422474588683,0.22924447732571135,0.17008203238970587,0.1996632548577086,0.31357068661697646,0.8700243979584456,0.591797542287711,-1.0828283835058705,-0.05331122322395737,-0.568069803364914,0.34545018845591385,1.2624623165754123,80.33720863661534,1.6520506946422966,1.2687517528932364,1.3933335071526728e-05,6.573075556882808e-05,5.179742049730135e-05,1.3143394279946783,1.8873633884166613e-05,7.887403093968955e-05,6.0000397055522936e-05,0.8781511546697616,-1.1968441342932731e-05,8.632730222376572e-05,9.829574356669845e-05,0.6547249295138422,-2.791456858904007e-06,5.312238853211758e-06,8.103695712115765e-06,0.25087628878876145,-3.497449953261551e-06,1.1746204454853354e-06,4.672070398746887e-06,1.0190764267055659,2.3240355960329166e-06,1.1914890905516644,4.758027074761904e-06,1.674267482418683,1.1514686863638373e-05,0.9404163933626003,-7.1278675290986084e-06,0.2565977020299384,-0.0007301893766165893,Train12.csv,Side II
0,0.0,0.0,1,0.8811198449409414,-0.0036182574564297167,0.8971570104658831,-0.13322791576613646,0.9971497028325164,-0.1701030528660965,0.922750786697598,-0.002081473200518727,1.0142247303585459,0.000323776965186498,0.9324925510310027,-0.0022125112171400285,1.164462018813522,0.0013906597032218582,0.8383600260646443,-0.006332006136634309,0.785033803326015,-0.0076547993617114216,0.8225406513059607,-0.006203303546447637,0.9422252984940176,-0.0018239098099250006,1.164462018813522,1.0142247303585459,0.9422252984940176,1.089343374586034,1.0403040158886951,0.0013906597032218582,0.000323776965186498,0.0008572183342041781,0.785033803326015,0.8225406513059607,0.8037872273159878,-0.0076547993617114216,-0.006332006136634309,-0.006993402749172865,0.11357539528225163,0.37942821548750694,120.9800666584523,0.40816853777737006,0.5368978400248327,-5.4333346619111904e-08,7.458491414339807e-08,1.2891826076250997e-07,0.868268012608301,-1.0931222560650496e-07,7.864072429059948e-07,8.957194685124998e-07,0.755731016217167,-4.69644818982814e-08,1.7623942723545293e-07,2.2320390913373433e-07,1.0354943956591536,1.6593544645707413e-08,1.923565228077826e-07,1.7576297816207519e-07,0.8320157128724404,-5.14853541468676e-08,3.0453313007111425e-07,3.5601848421798185e-07,1.0,0.0,1.0,0.0,1.0,0.0,1.0,0.0,1.0,0.0,Train13.csv,Normal
1100,16.31882850614698,58.74778262212912,0,0.9106307358043683,-0.042497884281677334,0.9251581975884122,-0.09193435319824572,1.1241555480753433,3.1453368599312412,1.1607615014259334,0.03729997043745589,0.6668593662640377,-0.32185630039164514,1.012397520450981,0.006307579241630168,1.105746333203127,0.05955259674718316,1.1357480106581148,0.028795240892162344,0.6678213884455332,-0.11030283806740132,1.6698656431556202,0.14862371438682423,1.6681140681761681,0.1357958275736967,1.6698656431556202,1.6681140681761681,1.1607615014259334,1.6689898556658942,1.4995804042525738,0.14862371438682423,0.1357958275736967,0.14220977098026047,0.6668593662640377,0.6678213884455332,0.6673403773547855,-0.32185630039164514,-0.11030283806740132,-0.21607956922952323,0.3578142057925572,1.0030062768915826,65.05006679891616,0.16013505575080256,0.5261686084370854,-5.2457535214265196e-05,5.826285569800223e-05,0.00011072039091226742,0.8035944463283844,-6.642524234247201e-06,2.7218840958256627e-05,3.386136519250383e-05,1.4813674166114976,5.279578507455177e-05,0.00016244377864239263,0.00010964799356784086,0.8891335538571659,-6.833453283087596e-07,5.5605335722153215e-06,6.243878900524081e-06,1.0234790646469256,4.392200959372734e-08,1.4786988822605517e-06,1.4347768726668243e-06,1.4246402003258962,5.042341436340668e-05,0.768436963469449,-5.704135988129718e-06,0.7536679264523148,-8.937215259831321e-06,0.5913065096540514,-5.270818157779243e-05,1.2402862822195642,3.0218630427257396e-05,Train14.csv,Normal
1074,15.933110741456234,57.359198669242446,0,1.1771466357879456,0.0772056574888691,0.9613046696796811,-0.047253002665428534,0.9881625169142368,-0.47716356137778604,0.5306788123635898,-0.21650756486103476,0.9667363356950726,-0.012563668136509665,1.3922037442002455,0.16742055961220015,0.8300362109548624,-0.11131808291815426,1.4168023211347285,0.18369775170576302,0.9473497941507549,-0.0163908226361405,1.7954998342491402,0.38714422863908615,0.965384800072716,-0.005463677832943908,1.7954998342491402,1.4168023211347285,1.3922037442002455,1.6061510776919343,1.5348352998613715,0.38714422863908615,0.18369775170576302,0.2854209901724246,0.5306788123635898,0.8300362109548624,0.6803575116592261,-0.21650756486103476,-0.11131808291815426,-0.1639128238895945,0.37506777583134865,1.2648210218855502,16.26697660450199,0.3852208104286321,1.8640726030994386,7.407904773423618e-05,0.000159789909000465,8.571086126622883e-05,1.3845047596466924,2.617740934615313e-05,9.422224791355455e-05,6.804483856740142e-05,1.2131676981104065,2.5539862201187264e-05,0.0001452940780157453,0.00011975421581455804,0.8970076514163833,-8.479439135296831e-07,7.472227456755567e-06,8.32017137028525e-06,1.098676086239529,1.4722328740717544e-07,1.5278670860888136e-06,1.3806437986816381e-06,1.238751148927141,3.318338744241371e-05,1.3315547135029102,1.5876287978297067e-05,1.878452034354846,3.6217187109567e-05,1.2636019478971534,3.630701296088515e-05,0.5300156464550223,-0.00013140928825901863,Train15.csv,Normal
156,2.314306588144481,8.331503717320132,1,0.9914093940392915,-0.0020747931055137836,0.9373930667704488,-0.07797769657317843,1.1803826917236477,11.594113782372418,1.7294280251136356,0.07017337823868032,1.2077462020111633,0.051330089523577815,0.7795915367851893,-0.06817076897637,1.3555249569114511,0.08275062493769877,0.774922203649416,-0.0686039010052113,1.2167418304050779,0.05199910238873334,0.8141759797296191,-0.03888394177185836,0.5218027061313074,-0.1093242682678265,1.7294280251136356,1.3555249569114511,1.2167418304050779,1.5424764910125432,1.4338982708100547,0.08275062493769877,0.07017337823868032,0.07646200158818955,0.5218027061313074,0.774922203649416,0.6483624548903617,-0.1093242682678265,-0.0686039010052113,-0.08896408463651889,0.36929807119682445,1.2076253189823283,4.865987052131317,0.09525183457958697,1.0422854166576356,2.3368718889884156e-06,5.735463495510553e-05,5.5017763066117114e-05,0.8881919867372441,-1.974211902037145e-06,1.576238643321923e-05,1.7736598335256376e-05,0.8974779952029351,-2.387585643748864e-07,2.177633358678965e-06,2.4163919230538513e-06,0.869594958985064,-5.0708664797563344e-08,4.048305837243559e-07,4.5553924852191924e-07,0.7569642400431752,-9.880502285263794e-08,3.3888639042731364e-07,4.376914132799516e-07,1.0,0.0,1.0,0.0,1.0,0.0,1.0,0.0,1.0,0.0,Train16.csv,Normal
951,14.108369008496162,50.790128430586186,0,0.9343688297009956,-0.03693313075770843,0.8954072266808003,-0.15894406080598378,0.9699207400280478,-0.43954616268396585,0.4397637221752623,-0.26240308780362875,0.7343336310388078,-0.09805390188252555,1.1354819830883471,0.0690146412288376,1.0342521875227844,0.016519869918808383,1.0418168450369145,0.028492412249749854,0.8715773697798954,-0.0878192728908298,0.9082438860096159,-0.05184969793628613,0.9473776105649039,-0.03468640879006024,1.1354819830883471,1.0418168450369145,1.0342521875227844,1.0886494140626308,1.0705170052160153,0.0690146412288376,0.028492412249749854,0.04875352673929373,0.4397637221752623,0.7343336310388078,0.5870486766070351,-0.26240308780362875,-0.09805390188252555,-0.18022849484307715,0.204640295389766,0.6957182609130849,50.086467288588466,0.5897945629409689,1.1338619893580608,1.4576999316890391e-05,0.00012338802750231395,0.00010881102818542356,1.127148449024116,1.2868569412442964e-05,0.00011398893719226628,0.00010112036777982331,1.0894226953699317,7.19020228953559e-06,8.747528017588081e-05,8.028507788634522e-05,0.9440726623780333,-4.6008756227787046e-07,7.935239461428572e-06,8.395327023706443e-06,2.0758679070182207,3.5452981025328577e-06,6.821294533387435e-06,3.2759964308545775e-06,1.1208952656304043,1.6022976988599888e-05,1.1296281710398168,6.735265516399661e-06,1.3256073801155377,1.0170266508255208e-05,0.692734096414717,-0.00012088133004981987,0.5748951683876221,-0.00014461573057151974,Train17.csv,Normal
1028,15.250687003926451,54.90247321413523,0,0.9629072113217073,-0.014044481746108672,0.9458152865687744,-0.07417079415332872,1.1372742464397938,2.1846763736479033,1.4038060493336817,0.06976620412336737,0.8945154934014717,-0.022254714468478543,0.9410467938551753,-0.02270206568854155,0.6686521335096021,-0.1950013559528989,1.5689567656043018,0.22749192989241074,0.6049064413473377,-0.21487560989643595,1.308620779934753,0.06948856835936973,1.147355074327801,0.03941440823519926,1.5689567656043018,1.4038060493336817,1.308620779934753,1.4863814074689916,1.4271278649575787,0.22749192989241074,0.06976620412336737,0.14862906700788905,0.6049064413473377,0.6686521335096021,0.6367792874284699,-0.21487560989643595,-0.1950013559528989,-0.20493848292466743,0.3255884310134772,0.964050324256964,3.0065731003858787,0.09301098280914033,0.786025206415204,-2.0226107167049912e-05,7.43362806737195e-05,9.456238784076941e-05,1.024969829106906,8.002111919228763e-07,3.243685116449375e-05,3.1636639972570875e-05,0.9477034756213863,-5.659077853374173e-06,0.00010273349613665759,0.00010839257399003176,1.0723996402686593,4.111875962509969e-07,5.942480270665918e-06,5.531292674414921e-06,1.017435307902282,3.222241296626138e-08,1.2967862515178505e-06,1.2645638385515892e-06,0.9630897393487893,-4.1713449515265965e-06,0.950906480412327,-1.2892897780191807e-06,1.2713830609253356,4.532010210095441e-06,0.7863540290679875,-3.485750515196847e-05,1.299574852918257,2.0056610337685434e-05,Train18.csv,Normal
33,0.4895648551844094,1.7624334786638738,1,0.8850629474851195,-0.0033686741181052984,0.9124318676361759,-0.10739833245215924,1.1277788949031724,2.401925006682667,0.935977151772836,-0.0022969841892203496,0.8167352754302007,-0.00648159651744416,0.9275155714901293,-0.001572423984916367,0.8370619569438238,-0.004393751682793427,1.063086514098988,0.001556552091852844,0.7302661058346331,-0.006689223820561318,0.9226020305633559,-0.0025120437263821335,0.8316118273814681,-0.00493551905318302,1.063086514098988,0.935977151772836,0.9275155714901293,0.999531832935912,0.9755264124539845,0.001556552091852844,-0.001572423984916367,-7.935946531761537e-06,0.7302661058346331,0.8167352754302007,0.7735006906324169,-0.006689223820561318,-0.00648159651744416,-0.006585410169002739,0.09437776529025327,0.3328204082643549,112.37894733985297,0.41479519377919516,0.43069077529455335,-7.216506917879653e-08,6.215907947926833e-08,1.3432414865806486e-07,0.8347849003215522,-9.494686310966566e-08,5.302666453040322e-07,6.252135084136978e-07,0.8770688431716473,-5.269941936321482e-08,4.473374254926527e-07,5.000368448558675e-07,0.917657803034924,-9.62668009594341e-09,2.1872838959290287e-07,2.2835506968884628e-07,0.7826004614686921,-5.994885801260458e-08,2.5180370174515775e-07,3.1175255975776233e-07,1.0,0.0,1.0,0.0,1.0,0.0,1.0,0.0,1.0,0.0,Train19.csv,Normal
642,9.524261728133057,34.287342221279005,0,1.1190985939574776,0.04401484637530839,0.9338303846524024,-0.08967434994759516,0.9780179984049707,-0.398219408374203,1.0091039466319147,0.0011816081517888044,0.9843891249256916,-0.0029304681695251356,0.944368337306313,-0.014170239044384803,0.9924191849908174,-0.0018282667832653643,1.5614702062424046,0.13927902308282192,0.3919622734144044,-0.4957459763472673,2.289409673554039,0.505157447269293,1.9622393601651582,0.18692372300945617,2.289409673554039,1.9622393601651582,1.5614702062424046,2.1258245168595984,1.9377064133205337,0.505157447269293,0.18692372300945617,0.3460405851393746,0.3919622734144044,0.944368337306313,0.6681653053603587,-0.4957459763472673,-0.014170239044384803,-0.25495810769582605,0.5816945158055009,1.8974474001396344,-53.04646607967388,-0.6779211438189172,0.9601712010105888,-8.224369093257247e-07,2.0067939964881242e-05,2.0890376874206967e-05,0.8220124336650662,-1.0981662971947857e-05,5.076356633021551e-05,6.174522930216337e-05,0.8603242089848472,-6.593985053440817e-06,4.0676828646940394e-05,4.727081370038121e-05,0.9395942419423983,-1.6451054650645773e-07,2.7144615004968718e-06,2.8789720470033295e-06,1.1101217478387826,1.1483738493903134e-07,1.0568508336586467e-06,9.420134487196154e-07,0.8190227447073984,-1.0986388598699551e-05,0.821356100555494,-2.662739708555077e-06,1.3265299312302636,5.51252953472238e-06,2.3354325226877046,0.00015683776553124422,1.1993779683905286,2.6415744538819036e-05,Train20.csv,Normal
1087,16.125969623801605,58.053490645685784,0,0.9372868510409219,-0.022302826840470136,0.9254165694779253,-0.09583638673717187,0.8926080794385491,-3.2451888998552256,0.5970897478722995,-0.17802738615146946,0.8991972225246857,-0.03018695304450847,0.9337560573447731,-0.027674013711815715,1.0140087990314424,0.00672045994530196,1.1546429944198031,0.041910594630031606,1.0757266424779792,0.021399128072022433,0.9346360661096743,-0.020102458688534608,1.0693761807960525,0.01891435531813762,1.1546429944198031,1.0757266424779792,1.0693761807960525,1.115184818448891,1.0999152725646115,0.041910594630031606,0.021399128072022433,0.03165486135102702,0.5970897478722995,0.8991972225246857,0.7481434851984926,-0.17802738615146946,-0.03018695304450847,-0.10410716959798896,0.15925264762832467,0.5575532465475036,91.40503398673332,-0.0545342548011174,1.5401424467893623,1.4963695096942274e-05,4.263842009092839e-05,2.7674724993986113e-05,1.0613859915108115,1.5313889565081143e-06,2.6305365219889958e-05,2.4773976263381844e-05,1.6904267031699944,0.00010503109819939697,0.0002571315216769476,0.00015210042347755062,0.9778689586665623,-8.272558268537238e-08,4.0971171494446105e-06,4.179842732129983e-06,0.8085319202061942,-2.1979504483077438e-07,9.703791308242134e-07,1.1901741756549878e-06,1.6829018986003448,0.0001071469381177106,0.9801773119714645,-3.4327724240169096e-07,1.1733458413239137,2.0836528102698916e-06,1.4098525675504365,1.5041939228850863e-05,0.620252855099003,-4.832443207510969e-05,Train21.csv,Normal
338,5.0143309409797086,18.05159138752695,0,1.1574968087817263,0.03358791751506804,0.9017396695866698,-0.1375673738806502,0.9927032391111099,-0.18487545895457203,2.130272227657608,0.184526637292949,1.8447367406510469,0.08374957943460132,1.2289650319642396,0.0370386295334304,0.7388636536220357,-0.07970070105801866,1.1630577991411264,0.045595394202611494,1.4461171170315428,0.0578331740642522,1.0058479179028523,0.001677171045064152,0.7764479753396535,-0.039227044936148536,2.130272227657608,1.8447367406510469,1.4461171170315428,1.9875044841543275,1.8070420284467328,0.184526637292949,0.08374957943460132,0.13413810836377515,0.7388636536220357,0.7764479753396535,0.7576558144808445,-0.07970070105801866,-0.039227044936148536,-0.0594638729970836,0.4618178997843112,1.3914085740355724,-25.534745494683705,-0.21137875120090666,1.261921011489567,9.961069496627754e-06,4.794370491001127e-05,3.7982635413383514e-05,0.9618323571474475,-9.251309206917771e-07,2.3565489259190323e-05,2.44906201798821e-05,1.1018600329203978,4.3367959232715404e-07,4.583108763710335e-06,4.149429171383181e-06,1.037801792983341,3.7756613874522274e-08,7.620237394247441e-07,7.242671255502219e-07,0.9561639330181129,-1.3827996881778975e-08,5.197425951520508e-07,5.335705920338298e-07,1.4441798253846765,8.464205760602972e-06,1.009032300146879,4.234859636887702e-07,2.219931791336394,4.2735519786844314e-05,1.3209775431326483,7.721979221202757e-06,1.5144382629982784,1.513368906108312e-06,Train22.csv,Normal
0,0.0,0.0,1,0.8963651122351306,-0.003064832270091713,0.929219449894464,-0.0918745848640492,0.9729315878194792,-0.5033956072999359,0.7863800838060259,-0.007376284874102402,0.8215184082689849,-0.006254564225163829,0.9743715102927799,-0.000750432382849147,0.9226149801552473,-0.0028468298185801294,0.8005158031545457,-0.004010071207100941,1.234125743219433,0.004449299755444072,0.8501736670164979,-0.004229355062156458,0.9364006963873615,-0.0018027894686543505,1.234125743219433,0.9743715102927799,0.9364006963873615,1.1042486267561065,1.0482993166331915,0.004449299755444072,-0.000750432382849147,0.0018494336862974626,0.7863800838060259,0.8005158031545457,0.7934479434802858,-0.007376284874102402,-0.006254564225163829,-0.0068154245496331155,0.13622982279374318,0.44774565941340716,-18.760936378450992,-0.13001846774601322,0.6004871974787962,-5.5701855405617696e-08,9.875308819316881e-08,1.544549435987865e-07,0.7215852971663108,-2.722037587245021e-07,7.31405637087745e-07,1.003609395812247e-06,0.9877720648877435,7.148118940265265e-09,2.3037482758350914e-07,2.2322670864324388e-07,1.0642703378922653,2.22985569718507e-08,2.0365521348214376e-07,1.8135665651029306e-07,0.7790542618762571,-6.128329984545623e-08,2.5134478273621955e-07,3.126280825816758e-07,1.0,0.0,1.0,0.0,1.0,0.0,1.0,0.0,1.0,0.0,Train23.csv,Normal
367,5.444554601596311,19.60039656574672,0,0.9623497914504245,-0.006153931299475224,0.8937112247420586,-0.1344686511377664,1.0782053193757237,2.99356952871279,1.0634460394994854,0.004077275900519442,0.9030066678161275,-0.024045906881812518,1.1336991025339127,0.01516792600868827,1.0157457246996435,0.0021999229728174585,0.838391660514259,-0.036870375458839505,1.1266867522020565,0.02684982365977792,0.9667594513825655,-0.002704151639074767,0.7409915747388012,-0.02856139298182149,1.1336991025339127,1.1266867522020565,1.0634460394994854,1.1301929273679847,1.1079439647451517,0.02684982365977792,0.01516792600868827,0.021008874834233096,0.7409915747388012,0.838391660514259,0.7896916176265301,-0.036870375458839505,-0.02856139298182149,-0.0327158842203305,0.13054407053401773,0.39270752779511153,16.38831184629828,-0.40988245126191547,0.7387445856074907,-1.1305944094929649e-06,3.225226724377735e-06,4.3558211338707e-06,1.0498703639993565,5.038059791288574e-07,1.039559813639544e-05,9.891792157266583e-06,1.5679890720725762,2.10906240856037e-05,5.819511294131547e-05,3.7104488855711766e-05,1.0736384173047302,6.48240313489216e-08,7.993271501768158e-07,7.345031188278942e-07,0.8294323120904508,-5.95543772526492e-08,3.3822729643418286e-07,3.9778167368683206e-07,0.9506183862977818,-2.936884812160691e-07,1.9259056750973504,6.04786616703811e-06,1.2205120858591663,6.069064936045133e-06,0.3721916260470448,-3.8023699712432126e-06,0.37718457437097463,-2.764401199048908e-07,Train24.csv,Normal
0,0.0,0.0,1,0.8791394391415411,-0.003792161927013229,0.9135801524174392,-0.11674135696269028,0.9996384101230068,-0.009451395372863658,0.8765179823678323,-0.004622208629576151,0.8826093201147044,-0.0044016002965309095,0.9818530666488694,-0.0004784519090445388,1.0928596451763757,0.0028566677950850813,0.7479510525519467,-0.008994728554792088,0.7552937238199893,-0.006150334131692636,0.9642911394171327,-0.0008145880870827071,0.7465719738273772,-0.008020489009621063,1.0928596451763757,0.9818530666488694,0.9642911394171327,1.0373563559126224,1.0130012837474591,0.0028566677950850813,-0.0004784519090445388,0.0011891079430202713,0.7465719738273772,0.7479510525519467,0.7472615131896619,-0.008994728554792088,-0.008020489009621063,-0.008507608782206575,0.11915899398226787,0.3462876713489985,64.15451821807994,0.18714871769836794,0.6043181423124488,-3.842691409529675e-08,7.396159868189734e-08,1.1238851277719409e-07,0.6903206157041957,-2.9077966640395114e-07,6.704818435861607e-07,9.612615099901119e-07,0.8932845464644324,-3.5784194486997504e-08,3.832464001469648e-07,4.190305946339623e-07,0.8408888282584815,-3.004885887659225e-08,2.1165476719972746e-07,2.417036260763197e-07,0.7968885133471029,-6.447717035434068e-08,2.922040626062392e-07,3.566812329605799e-07,1.0,0.0,1.0,0.0,1.0,0.0,1.0,0.0,1.0,0.0,Train25.csv,Normal
873,12.95121571442392,46.62437657192611,0,0.8948830538532859,-0.10756362738061565,0.9368492192742539,-0.0838281255374187,1.0201863631378267,0.33270726154079355,1.1443126262601673,0.0976375264582875,1.0216972222793743,0.013700136059492163,0.737173819146016,-0.2741764056597952,1.5894541568914802,0.5511190815478689,0.5127353472201402,-0.7590276829072989,2.144069109714914,0.6862700226967539,0.5393588285003575,-0.44627853920747873,0.4228574353927392,-0.7813730229695728,2.144069109714914,1.5894541568914802,1.1443126262601673,1.866761633303197,1.625945297622187,0.6862700226967539,0.5511190815478689,0.6186945521223114,0.4228574353927392,0.5127353472201402,0.4677963913064397,-0.7813730229695728,-0.7590276829072989,-0.7702003529384358,0.5621251031288538,1.7212116743221748,13.393327149705954,0.1440605253989684,1.012827763085985,9.955088200709183e-06,0.0007852235318425789,0.0007752684436418697,1.0278377646727188,1.0219398355688718e-05,0.00037695574008671126,0.00036673634173102254,1.1161804895502638,2.0466108233150866e-05,0.00019652791092856668,0.0001760618026954158,0.9688607642710192,-4.6010500695300333e-07,1.4626765418658736e-05,1.508687042561174e-05,0.8245214589445792,-8.301967212546143e-07,3.947834431735525e-06,4.778031152990139e-06,1.1055164045807644,4.635232675808044e-05,0.7947332419299222,-4.3803262790029755e-05,1.1306327621922554,5.078319426639468e-05,0.8203814912650581,-0.00030238867795219504,0.8903345189376786,-2.732333454857249e-05,Train26.csv,Side II
0,0.0,0.0,1,0.9169869442468507,-0.00260053210774535,0.941094816841111,-0.07988769062532808,1.0023252245465113,0.04300386671079082,0.6053760955003932,-0.010433128323073835,1.1419383085695924,0.0036863150536021703,0.9231784618598771,-0.002788375034999728,1.0420385738550073,0.0013034834346762336,0.7709058119714373,-0.008703344604741179,1.1112848775037185,0.0032885149815831405,0.7447431879529092,-0.008373358840520588,0.9749418171363141,-0.0007114294210960603,1.1419383085695924,1.1112848775037185,1.0420385738550073,1.1266115930366554,1.0984205866427728,0.0036863150536021703,0.0032885149815831405,0.0034874150175926554,0.6053760955003932,0.7447431879529092,0.6750596417266512,-0.010433128323073835,-0.008703344604741179,-0.009568236463907507,0.17869003408540504,0.5365622130691993,10.096573910109669,0.12579269065931165,0.8019904874134001,-1.5318727918499826e-08,1.025474921825502e-07,1.1786622010105002e-07,0.9568722297595978,-2.146232939968982e-08,6.980520698913693e-07,7.195143992910591e-07,0.9027805091880209,-3.0284058604336124e-08,3.7407789976309476e-07,4.043619583674309e-07,0.9830480538578145,5.90534667316801e-09,2.374500809761106e-07,2.315447343029426e-07,0.8311287778463958,-5.277735431427883e-08,3.0896955148579267e-07,3.617469058000715e-07,1.0,0.0,1.0,0.0,1.0,0.0,1.0,0.0,1.0,0.0,Train27.csv,Normal
954,14.152874904422017,50.95034965591926,0,0.8554040510127041,-0.09669371557187412,0.8524253147905713,-0.19789725418281856,1.3090952794440542,5.427126021296104,0.6912323557288866,-0.19167843261535938,0.5111483805744674,-0.22600476563982236,0.9975288510051291,-0.0013696237478196815,0.8183278541482571,-0.15720942590422793,0.8157396381298174,-0.10130477799572263,1.061658260930761,0.030423965842632406,1.1088958967621656,0.06977121092287175,0.7816323254289217,-0.21463085585225605,1.1088958967621656,1.061658260930761,0.9975288510051291,1.0852770788464632,1.0560276695660185,0.06977121092287175,0.030423965842632406,0.05009758838275208,0.5111483805744674,0.6912323557288866,0.601190368151677,-0.22600476563982236,-0.21463085585225605,-0.2203178107460392,0.18723172700696644,0.5977475161876982,54.959643420819276,0.5781195037162297,0.6095400712038919,-0.00010428246404204177,0.00016280911630092246,0.00026709158034296423,1.0099645031819697,1.346080500047841e-06,0.00013542008605944337,0.00013407400555939553,0.9587487002318911,-4.6584516378419475e-06,0.00010850256755634799,0.00011316101919418993,0.9100453454843472,-9.529639741828922e-07,9.742029329029998e-06,1.069499330321289e-05,2.3514435109262473,4.8139423177672135e-06,8.35861721089294e-06,3.5446748931257264e-06,1.0193101980420411,3.3498114512603362e-06,0.8824995184138283,-1.0710098112797655e-05,0.5104684601171532,-3.161682729627107e-05,0.542057168556124,-0.00026321648184980553,0.45449072733613166,-0.0003210229252159349,Train28.csv,Normal
379,5.622578185299733,20.241281467079038,0,0.9476353201169694,-0.015305519919568966,0.9174376850964534,-0.10096591691948364,0.9494886045841097,-1.724595917875611,1.0438594297403632,0.014782791737953827,0.7652876512763643,-0.05268901180264421,1.1319849776530737,0.03144015858021665,1.2276727451353067,0.05406859187421545,0.7766933164864042,-0.06529352859379861,1.4283152651876836,0.10843835844709127,0.7683475520147899,-0.09305224070122842,0.5134527835456847,-0.1502571459065358,1.4283152651876836,1.2276727451353067,1.1319849776530737,1.3279940051614951,1.262657662658688,0.10843835844709127,0.05406859187421545,0.08125347516065336,0.5134527835456847,0.7652876512763643,0.6393702174110245,-0.1502571459065358,-0.09305224070122842,-0.12165469330388211,0.28176987564625455,0.9148624816419989,-12.29224024450518,-0.2898013043083125,1.0160910125719762,7.917970639191796e-07,4.9367742816067686e-05,4.8575945752148506e-05,0.7211437316097058,-7.292136948557692e-06,1.8883887094256503e-05,2.6176024042814196e-05,0.9422686587372071,-3.8535972493006987e-07,6.45290875943431e-06,6.83826848436438e-06,0.9046709953622443,-1.1201905507463475e-07,1.1579592216135512e-06,1.269978276688186e-06,0.9801225587817509,-2.8641877066085514e-09,6.3431104804749e-07,6.371752357540986e-07,1.2525117355731992,7.664073924709836e-06,0.8296119621578535,-7.57050178737284e-06,1.2381931129520756,3.6410807124781194e-05,0.9794699022662093,-4.303589295895355e-07,1.7460827578069242,1.0189054863364126e-06,Train29.csv,Normal
928,13.767157139731273,49.561765703032584,0,0.6077851411537649,-0.2420449691841794,0.9621047547687062,-0.048836095661577206,1.0554263141205817,1.137867454921139,0.3437074887875345,-1.0447423165787018,1.686165461184545,0.21765181513676546,1.1030110284822918,0.040304059686783966,1.2417900985375865,0.07981070057812678,0.9150348521943239,-0.020275275419779387,1.1260641970480154,0.026727344703082856,1.5826485996249808,0.07143821570328958,1.146567465298561,0.026645567423299488,1.686165461184545,1.5826485996249808,1.2417900985375865,1.6344070304047629,1.5035347197823707,0.21765181513676546,0.07981070057812678,0.14873125785744612,0.3437074887875345,0.9150348521943239,0.6293711704909292,-1.0447423165787018,-0.020275275419779387,-0.5325087959992406,0.3858131451558547,1.3424579723970105,99.9819596344517,1.5195567673519927,1.0657818246284625,3.322768610900938e-06,5.367270662739021e-05,5.034993801648927e-05,1.3751437380292182,1.444718053148028e-05,5.292157749176176e-05,3.847439696028148e-05,1.3341684921881063,1.787554154961e-05,7.132821671873795e-05,5.3452675169127945e-05,1.0790202906216153,4.3483947785317267e-07,5.801173511949493e-06,5.3663340340963205e-06,0.37418864655453143,-1.9351923802003394e-06,1.1630803756243725e-06,3.098272755824712e-06,1.4955531410061151,3.1815156572737786e-05,1.0659219831767794,1.6980703028180678e-06,0.9292982353139325,-1.5626096350604404e-06,0.9086791330198861,-1.1441414882436146e-05,0.23603056994221042,-0.0005058823554508335,Train30.csv,Side II
671,9.954485388749658,35.83614739949877,0,0.949309898295462,-0.02484433756851706,0.9432292888512995,-0.07099890513767071,1.2406667330062129,4.683688764572064,1.0989146040365005,0.02881230695365894,0.7043954212035616,-0.10481513715097698,0.9551744171981972,-0.019433641740995045,1.5354893230237403,0.22767940643958823,0.5129093929109937,-0.346293767420621,1.1063610537274078,0.045522017539977644,1.0391902898873386,0.022821461438008672,0.883962287940377,-0.06509806590949507,1.5354893230237403,1.1063610537274078,1.0989146040365005,1.3209251883755742,1.2469216602625497,0.22767940643958823,0.045522017539977644,0.13660071198978294,0.5129093929109937,0.7043954212035616,0.6086524070572776,-0.346293767420621,-0.10481513715097698,-0.225554452285799,0.28419824182594383,1.0225799301127467,-8.607264495660587,0.0390364413748534,0.8600282355523254,-9.178480260145752e-06,5.6456761095518236e-05,6.563524135566399e-05,1.0221856068812445,1.1427781205718994e-06,5.2191923206638214e-05,5.1049145086066315e-05,1.2740440434972427,7.164570395017773e-06,3.3261944610176577e-05,2.6097374215158804e-05,0.7567475647454462,-1.960396905050003e-06,6.12981760251726e-06,8.090214507567262e-06,0.5083592437836105,-2.317879395675617e-06,2.40704008819856e-06,4.724919483874177e-06,1.0185571405537261,9.44014588155875e-07,0.9130648698605469,-2.7194885782715925e-06,1.1758213170382803,1.4418720090401583e-05,0.9100325882424773,-2.452493967739042e-05,1.089260171625801,1.5955710760827803e-05,Train31.csv,Normal
143,2.1214477057991075,7.637211740876787,1,1.0961707194776555,0.021472394589548166,0.8661113679986964,-0.1774729157053483,0.5793272611715048,-12.733825521905793,1.9480261463835804,0.11286074229016835,1.6513599609551584,0.1347478135423484,0.8280360417565208,-0.053835917771570874,1.2654974007566526,0.0564496187490664,0.7683555066566999,-0.057005477627179196,1.107171761042191,0.028616109342645135,0.8330722934839767,-0.036077141122950684,0.8220842802966724,-0.025198050071255737,1.9480261463835804,1.6513599609551584,1.2654974007566526,1.7996930536693694,1.621627836031797,0.1347478135423484,0.11286074229016835,0.12380427791625838,0.7683555066566999,0.8220842802966724,0.7952198934766861,-0.057005477627179196,-0.053835917771570874,-0.055420697699375035,0.4124010500225165,1.1796706397268806,-3.1382985682703577,-0.05246216387398217,1.279661910358708,1.117889521567452e-05,5.110602931215822e-05,3.99271340964837e-05,1.3439446345008057,4.6002927907145165e-06,1.793631517416229e-05,1.3336022383447774e-05,0.9740077936215165,-3.961058339081546e-08,1.8590609109954143e-06,1.8986714943862297e-06,0.906359708526948,-2.9511751882426593e-08,3.8244071388704813e-07,4.119524657694747e-07,0.8994941522187018,-3.1972996871334114e-08,3.7564446318599333e-07,4.0761746005732745e-07,1.0,0.0,1.0,0.0,1.0,0.0,1.0,0.0,1.0,0.0,Train32.csv,Normal
1136,16.852899257257246,60.670437326126084,0,0.8715455512903886,-0.04910375208240203,0.8999886359323256,-0.13962381570253757,0.8696540635071708,-2.596023737592155,0.9542934573029491,-0.011015240823239403,0.6202117560457683,-0.21513415980486034,0.9129105739335511,-0.042011856261570446,0.9945531240081839,-0.0028101663803615784,1.1630283056400266,0.0431724930241853,0.6850748084515413,-0.1058663453312444,1.0406585240215063,0.008821217076675048,0.954575581373984,-0.011216342970456261,1.1630283056400266,1.0406585240215063,0.9945531240081839,1.1018434148307663,1.0660799845565723,0.0431724930241853,0.008821217076675048,0.025996855050430173,0.6202117560457683,0.6850748084515413,0.6526432822486548,-0.21513415980486034,-0.1058663453312444,-0.16050025256805237,0.16826822183303752,0.5428165495942583,-11.044991138356522,0.011703008669469384,0.7676326149786359,-6.584773332181363e-06,2.1786031192408148e-05,2.837080452458951e-05,0.8228173660515902,-4.8817690851421965e-06,2.2716856975617975e-05,2.7598626060760172e-05,0.7861917072375424,-3.578564532345603e-05,0.00013162370432368426,0.0001674093496471403,0.7597411893151681,-1.3210768824982753e-06,4.209102387948389e-06,5.530179270446665e-06,0.7987943353673376,-2.490906818626474e-07,1.0286001112154927e-06,1.27769079307814e-06,0.7867701614834537,-3.630436957336686e-05,0.824204374750056,-3.7914141323920228e-06,0.7438785891456142,-2.6598935140807016e-06,0.8677325539781531,-4.944963811144161e-06,0.7561531743215514,-2.7066673588053432e-05,Train33.csv,Normal
372,5.51873109480607,19.867431941301852,0,0.9812253530749712,-0.0055048146101693285,0.9106534840458852,-0.12897802745895492,0.8613108046330812,-2.9284017693875803,1.5099417054108504,0.07508584601128357,0.7346500781503676,-0.04172831707971708,0.9805874706019189,-0.0046981811203754,0.9714586033168837,-0.009275738138641187,0.6679968265439618,-0.1311501777281754,1.4044148501437883,0.13426946741791312,1.0718668912805196,0.02250137867865426,0.6224657985122276,-0.12682212752873814,1.5099417054108504,1.4044148501437883,1.0718668912805196,1.4571782777773192,1.3287411489450527,0.13426946741791312,0.07508584601128357,0.10467765671459835,0.6224657985122276,0.6679968265439618,0.6452313125280946,-0.1311501777281754,-0.12682212752873814,-0.12898615262845675,0.306787665868424,0.8874759068986228,-28.251557293930887,-0.48630645117883375,0.9841137788004899,-7.739132168686831e-07,4.856156718553547e-05,4.933548040240415e-05,0.5110120126029547,-2.3826677457431524e-05,2.4910281714955617e-05,4.873695917238714e-05,0.8665463442119813,-9.77242501165775e-07,6.410400488352151e-06,7.387642989517926e-06,1.0677645618117155,8.191798518328684e-08,1.1332099534411468e-06,1.05129196825786e-06,0.9742257577369487,-7.375555390044881e-09,6.567686236205508e-07,6.641441790105957e-07,0.8066044553832636,-7.070548445551745e-06,0.9597240452403143,-2.139294077592648e-06,1.3433408254866006,3.528799298552657e-05,1.0164937716067153,3.190452852340264e-07,0.4423422337973032,-1.558895067415474e-06,Train34.csv,Normal
371,5.503895796164118,19.814024866190824,0,0.8609646611993599,-0.04609356632735068,0.9125758296079703,-0.10811737153845491,1.119349863198023,3.91818827432035,0.7371530426737062,-0.10463032818728696,1.2267889686161886,0.044853477108275,0.880904111151637,-0.03363124771892398,1.6358275155889168,0.14675014040298576,0.5951140319988952,-0.1987201170384656,0.9505559440791815,-0.017110677119565154,0.868100126985726,-0.03870504025103644,0.6566765326244601,-0.10960847729806214,1.6358275155889168,1.2267889686161886,0.9505559440791815,1.4313082421025527,1.2710574760947624,0.14675014040298576,0.044853477108275,0.09580180875563038,0.5951140319988952,0.6566765326244601,0.6258952823116777,-0.1987201170384656,-0.10960847729806214,-0.15416429716826385,0.31926508088909894,1.0407134835900216,2.788742674391955,-0.04186551428033436,0.7696247640422478,-1.5140205089812741e-05,5.06129618010552e-05,6.575316689086794e-05,0.41615616034889147,-2.7080081325089568e-05,1.930945136721043e-05,4.63895326923e-05,0.8170245604502492,-1.334113719143683e-06,6.001755881995981e-06,7.335869601139664e-06,0.8859695292442705,-1.2025890029110016e-07,1.0120577053303424e-06,1.1323166056214426e-06,0.9761529104982629,-6.957254544325443e-09,6.94125519019728e-07,7.010827735640535e-07,0.7362866997018632,-1.063257435335548e-05,0.7841381914411075,-1.57259118034843e-05,0.7028901803291346,-4.522923074570272e-05,0.4242616717289018,-1.9307319965468857e-05,0.4350952771630083,-2.066098020003243e-06,Train35.csv,Normal
212,3.145083312093782,11.322299923537615,0,1.0731135158482668,0.016057443605013183,0.9086270388737556,-0.11502406783224606,1.7432276246616292,15.03207469513659,2.080446713578434,0.1702909733265694,1.4366379839616792,0.07877846097413027,0.7409224438773768,-0.06949325479459198,1.4271750876372957,0.07541557226965628,0.7115983236017532,-0.09479443204885926,1.2559176881517136,0.051137982969236884,0.7264683812085005,-0.06649652437749753,0.9862299517768347,-0.001862786651248255,2.080446713578434,1.4366379839616792,1.4271750876372957,1.7585423487700567,1.6480865950591364,0.1702909733265694,0.07877846097413027,0.12453471715034983,0.7115983236017532,0.7264683812085005,0.7190333524051269,-0.09479443204885926,-0.06949325479459198,-0.08214384342172562,0.4469700270717343,1.3688483899766806,-14.905702983520428,-0.23739229545685436,1.1004601301981556,5.269452411531638e-06,5.76130816688049e-05,5.2343629257273265e-05,1.0383490006099232,7.254844766443364e-07,1.9372671502769703e-05,1.8647187026125367e-05,0.8816081881595299,-3.790481307795621e-07,2.897058608627336e-06,3.276106739406898e-06,0.9252287186845758,-2.1017044669982716e-08,3.8380859592773097e-07,4.048256405977137e-07,0.9112953361114574,-2.3315964632916568e-08,3.4226704501331905e-07,3.655830096462356e-07,1.3966529034708388,1.276944963542389e-05,1.4338166439952662,2.2390048524178877e-05,0.8237150039562979,-2.407136011349426e-06,0.8521536342774473,-2.1777388866374687e-07,0.0,0.0,Train36.csv,Normal
751,11.141309280105803,40.10871340838089,0,1.355916302790041,0.09998405023077539,0.9296526280664966,-0.09053142352281429,1.039398949969091,1.4646557010877146,0.9354217020969021,-0.009018299573277072,1.5432891824907558,0.09764357705745283,0.994405365637234,-0.0014454221068134765,1.1441560924579999,0.032304947018172825,1.5597497249983188,0.22362153130802764,0.8747338244939348,-0.051062110387772086,2.2437929781707378,0.32105870419411564,1.0946787844806725,0.025078531585542574,2.2437929781707378,1.5597497249983188,1.5432891824907558,1.9017713515845283,1.7822772952199373,0.32105870419411564,0.22362153130802764,0.27234011775107164,0.8747338244939348,0.9354217020969021,0.9050777632954184,-0.051062110387772086,-0.009018299573277072,-0.03004020498052458,0.431710790807909,1.3690591536768029,-99.8490340998751,-0.8503676417923689,1.5930492190894312,2.1376320609221084e-05,5.739422507561085e-05,3.601790446638977e-05,1.9750426989853254,4.087134391805056e-05,8.276857932484122e-05,4.189723540679066e-05,1.0505521291952287,3.779165059660024e-06,7.832913156678336e-05,7.454996650712334e-05,0.9854231023453451,-2.463415258939724e-08,2.341327688532361e-06,2.3659618411217583e-06,0.7197936288569939,-3.704238362641048e-07,9.77232075385212e-07,1.347655911649317e-06,1.9149685197016446,4.177524565663806e-05,1.2618125628294978,5.466519045761481e-06,1.8327479727444729,2.204040223225462e-05,3.2257221609300935,0.00022399098727281269,1.4905731135971774,1.191465672073988e-05,Train37.csv,Normal
0,0.0,0.0,1,0.9533547163355073,-0.0013068838455610188,0.9598130297586797,-0.04669506108409127,0.7885487414329896,-6.649096202203559,0.9928246985847885,-0.00014772271906587572,0.8977583456491246,-0.001976072533039521,0.9153497352673734,-0.0022833851323180478,0.7558009096741619,-0.007814523824750945,0.9724015725922215,-0.0008289160406191771,1.1994244179183295,0.0057741416666857726,0.9487487176205547,-0.0017858930618485924,0.9096312969398829,-0.0025175508453575725,1.1994244179183295,0.9928246985847885,0.9724015725922215,1.096124558251559,1.0548835630317799,0.0057741416666857726,-0.00014772271906587572,0.0028132094738099484,0.7558009096741619,0.8977583456491246,0.8267796276616433,-0.007814523824750945,-0.0025175508453575725,-0.005166037335054259,0.11608968533227038,0.44362350824416763,-50.86095293197479,-0.19581068135726287,0.715405227985044,-2.961022599656046e-08,9.957091818299206e-08,1.2918114417955253e-07,0.8642934157383501,-1.1330233643966721e-07,7.852927557625902e-07,8.985950922022574e-07,0.8681222908136031,-3.702019306404073e-08,3.0952370926885534e-07,3.4654390233289607e-07,0.8478448354772338,-2.1388152219633104e-08,1.749022640017411e-07,1.962904162213742e-07,0.750581510946533,-6.718614457195423e-08,2.322782614745763e-07,2.9946440604653054e-07,1.0,0.0,1.0,0.0,1.0,0.0,1.0,0.0,1.0,0.0,Train38.csv,Normal
427,6.334672520113419,22.80482107240831,0,0.9543404005349689,-0.0058051994259848,0.9272916075743667,-0.09705139489787773,0.925304562568878,-1.5012360257732382,0.7828332375840659,-0.03789471543259387,1.060832601790538,0.006753647553431025,1.0222661936614355,0.002762678541748706,1.062401175164461,0.00860917359011526,0.8866533111297251,-0.017313400248114813,1.1308486038922214,0.015413906924089782,0.8922005813035262,-0.012333303093803163,0.8020247937289194,-0.008440361510949228,1.1308486038922214,1.062401175164461,1.060832601790538,1.0966248895283413,1.0846941269490735,0.015413906924089782,0.00860917359011526,0.012011540257102521,0.7828332375840659,0.8020247937289194,0.7924290156564926,-0.03789471543259387,-0.017313400248114813,-0.027604057840354343,0.12239325377349626,0.34801536630815555,104.8051534602979,-0.3105745799477688,0.2994148570426095,-8.583904402454171e-06,3.6728478814675158e-06,1.2256752283921688e-05,1.016423710649936,8.589151048379833e-08,4.696741944432094e-06,4.610850433948296e-06,1.1968371899312007,1.0656485383750697e-05,6.473425907871098e-05,5.407777369496028e-05,1.040507759000506,2.912837188731441e-08,4.91343383512012e-07,4.622150116246976e-07,0.8150985924628578,-5.704702368107685e-08,2.9556256687928026e-07,3.526095905603571e-07,0.26953402434429113,-8.712262964867908e-06,1.0291705419896735,8.963795019927697e-08,0.7061463865595956,-4.794569401070429e-06,0.4563322510325038,-2.637330289513089e-06,0.5216766359665775,-2.654255902105579e-07,Train39.csv,Normal
723,10.725920918131152,38.613315305272145,0,1.4127270317808025,0.11644263006127314,0.9356699436137798,-0.08782083005619468,1.298350494298417,6.05938987059897,0.9148369879593147,-0.014755107612769797,0.8644428363750799,-0.032814817997170204,0.9644682045187649,-0.010531351247468346,1.0480600496562895,0.012614873332051468,0.9428419844130272,-0.012932149973846452,0.9757744635698217,-0.00667834738364792,1.6470275459240566,0.2055199733599432,1.999501517132574,0.40394617546381933,1.999501517132574,1.6470275459240566,1.0480600496562895,1.8232645315283154,1.5648630375709736,0.40394617546381933,0.2055199733599432,0.30473307441188124,0.8644428363750799,0.9148369879593147,0.8896399121671973,-0.032814817997170204,-0.014755107612769797,-0.02378496280497,0.3905984547564865,1.1350586807574943,-108.2203927890215,-0.7468425663792955,1.5988664769980692,7.904553744950897e-06,2.107704775350491e-05,1.3172494008554015e-05,1.103001242416639,6.7851680085629235e-06,7.255270476057057e-05,6.576753675200765e-05,1.0209023655035494,1.4065433783704223e-06,6.820923872298489e-05,6.680269534461446e-05,1.2039257070806484,5.473563434953323e-07,3.1724157050049585e-06,2.625059361509626e-06,1.2969487105369006,2.7984411169589737e-07,1.178567073341373e-06,8.987229616454757e-07,1.1110182902448498,7.257624254238662e-06,1.562765750717481,6.108317513450226e-06,1.2322376985527936,1.720788999168353e-06,1.321190214587812,1.0313891737438476e-05,2.715708190150506,0.0001033168794334423,Train40.csv,Normal
1109,16.452346193924548,59.228446298128375,0,1.250323186993803,0.10792089508760933,0.8791456444289294,-0.1653906218129424,0.9196957350416732,-1.6874484845021556,0.7146919295306324,-0.10320461130415892,0.9969227503562457,-0.0009876783046455229,1.0931013181454767,0.03789959931360404,1.0571534933551596,0.02775376029696458,1.4791373892809068,0.22960997026828817,0.8907453921772588,-0.06449100437614752,0.9556694248007959,-0.015974008052802746,2.35451542673516,0.5133710259038213,2.35451542673516,1.4791373892809068,1.0931013181454767,1.9168264080080333,1.6422513780538477,0.5133710259038213,0.22960997026828817,0.3714904980860547,0.7146919295306324,0.8907453921772588,0.8027186608539456,-0.10320461130415892,-0.06449100437614752,-0.08384780784015322,0.48403702442822066,1.6398234972045274,-94.82422310058004,-0.1871889855593487,3.16172883992631,0.00012055648389762,0.000176310408433932,5.575392453631199e-05,1.1440738399886732,1.4015268884365139e-05,0.00011121423399188374,9.71989651075186e-05,0.8914155098871949,-2.155170171014623e-05,0.00017700903051640315,0.00019856073222654938,1.0848035262296671,7.463231918695097e-07,9.419018648133665e-06,8.672695456264155e-06,1.0352146021947273,6.729439937760886e-08,1.6843012603606262e-06,1.6170068609830174e-06,0.9207387379096077,-1.7069155102749067e-05,1.111658423406065,8.37854915448181e-06,1.9408512143552317,2.6754550719020898e-05,3.8606265431519944,0.00022031485958563563,2.022060272910497,0.00012096972588797186,Train41.csv,Normal
620,9.197885158010116,33.11238656883642,0,1.0619645820017143,0.01466435715792297,0.9331183508301574,-0.09075471163782223,0.9939359084867507,-0.14830176918478344,0.9570111133427935,-0.008188602906211512,1.0725064453982849,0.012411206645021378,1.817471844091489,0.24256546954493113,0.46255892083078143,-0.2589641098738671,1.430288616967513,0.047103092229819565,0.5023348440961437,-0.0871807573955344,2.232956335675999,0.12398770942297552,1.266291448597318,0.025902471730385707,2.232956335675999,1.817471844091489,1.430288616967513,2.025214089883744,1.826905598911667,0.24256546954493113,0.12398770942297552,0.1832765894839533,0.46255892083078143,0.5023348440961437,0.48244688246346257,-0.2589641098738671,-0.0871807573955344,-0.17307243363470073,0.5710792366893304,1.7703974148452177,-3.297413863025639,0.21031523039500089,1.1667896192640896,1.5312827280137263e-06,1.0642250416086529e-05,9.110967688072803e-06,1.236710643801872,4.106049268518814e-06,2.1400084282454336e-05,1.729403501393552e-05,1.1822802810083606,1.5874001575061114e-06,1.0231107233115463e-05,8.643707075609352e-06,1.0244595937666532,3.6158527194794686e-08,1.0956173025264551e-06,1.0594587753316605e-06,0.978449811523499,-4.037696653337723e-09,6.373578430490122e-07,6.413955397023499e-07,1.271894623295136,4.62962708352241e-06,1.0839040551660326,5.621359150798236e-07,1.2579266343987074,2.8996015663623947e-06,1.1146895173911355,6.908650517365861e-06,0.9559959917435495,-2.0415568069328936e-06,Train42.csv,Normal
874,12.966051013065872,46.67778364703714,0,0.9833101481867751,-0.01181497146575361,0.8993296332793492,-0.1319777024401354,0.8389697907497821,-4.052058288648006,0.7180463065370392,-0.034872620883659194,0.8643531759546159,-0.0743554537759406,1.1886749529495273,0.08096482537597893,0.9483399307435393,-0.02355727351985626,1.0162292980078182,0.019153275128888314,0.9403117500601843,-0.028665134598831188,1.0390274403108273,0.0434974516870843,0.7000829726979443,-0.19795945122930664,1.1886749529495273,1.0390274403108273,1.0162292980078182,1.1138511966301774,1.0813105637560578,0.08096482537597893,0.0434974516870843,0.062231138531531616,0.7000829726979443,0.7180463065370392,0.7090646396174918,-0.19795945122930664,-0.0743554537759406,-0.13615745250262362,0.1535805530129284,0.488591980251583,29.601665158059618,0.6282164289251089,1.2005640596851719,3.6066939580709314e-05,0.00021583461080110838,0.00017976767122039906,1.1210551101156583,1.1096465499199398e-05,0.00010266843579857123,9.157197029937184e-05,1.212510487315409,2.242636693439707e-05,0.00012789994667475413,0.00010547357974035706,1.052968870280766,5.789707725802745e-07,1.1310577485436283e-05,1.0731606712856009e-05,0.8344906188111216,-5.502487529236086e-07,2.8247482115944087e-06,3.3749969645180173e-06,1.2148625504428334,3.151616047045912e-05,1.0529258155963093,2.819715251176281e-06,1.1704161202358323,1.3007187097127985e-05,1.5945032627171742,0.0001918303335109491,0.8079080754788727,-0.00014189222809680925,Train43.csv,Side II
866,12.84736862393026,46.25052704614894,0,0.9955442770876927,-0.0021900030922369917,0.9535692278198287,-0.05968165101305112,1.03146560091225,0.7108628839961355,1.1408169953191734,0.08694094340788072,1.451234253580655,0.11013394492026288,0.9133287739442075,-0.09525280391716962,1.1920421686919638,0.051065162238530526,0.7917415048749109,-0.06857234841067644,1.046070492231507,0.010571906603890957,1.1568038922585846,0.024741542106859082,0.9928967724005845,-0.0011748850793522059,1.451234253580655,1.1920421686919638,1.1568038922585846,1.3216382111363094,1.2666934381770678,0.11013394492026288,0.08694094340788072,0.0985374441640718,0.7917415048749109,0.9133287739442075,0.8525351394095593,-0.09525280391716962,-0.06857234841067644,-0.08191257616392303,0.18685686772056329,0.6594927487057441,-3.7190628809232464,-0.03412232154035966,1.0879225731739415,9.098259115321606e-06,0.00011245487803060149,0.00010335661891527988,1.1346446538513304,1.0413128351910897e-05,8.766671108129015e-05,7.725358272937925e-05,0.8343796121702166,-1.721724868652593e-05,8.678922484227208e-05,0.00010400647352879801,1.013884535964601,8.890215510268198e-08,5.7616383519655955e-06,5.6727361968629135e-06,1.0979090241556357,1.806136397369454e-07,1.913186821405457e-06,1.7325731816685116e-06,0.9267539969103349,-1.0227494569694845e-05,1.091115415993926,2.9695288819801808e-06,1.129934092074676,9.975037923694131e-06,0.9442448018837649,-9.491313330305394e-06,1.1574336992373144,3.0618888545696436e-05,Train44.csv,Normal
1176,17.446311202935316,62.80672033056714,0,0.9292939378168308,-0.032593027253392415,0.9012745624625486,-0.13355640319565998,0.9118576349762865,-1.7590732106370837,0.9878980044203658,-0.002456568258367209,0.5825748332936265,-0.21424124105248882,1.151208180979689,0.1008003016039336,0.8047728020125863,-0.16107478093166883,1.2791894854965657,0.07999955845908163,0.8537809302499347,-0.04696808258965135,1.172370030493402,0.04085040495593362,0.8716385570311574,-0.02174811035705526,1.2791894854965657,1.172370030493402,1.151208180979689,1.2257797579949838,1.2009225656565523,0.1008003016039336,0.07999955845908163,0.09039993003150762,0.5825748332936265,0.8047728020125863,0.6936738176531063,-0.21424124105248882,-0.16107478093166883,-0.18765801099207882,0.21502577238352436,0.6966146522029393,-22.12221855953942,0.10783186880694817,1.0880600116354124,2.770639833068217e-06,3.411016820353744e-05,3.133952837046922e-05,0.9843363476320203,-4.909267297346085e-07,3.147927290484265e-05,3.197019963457726e-05,0.7255642523729392,-4.034452473429262e-05,0.00010669091334446531,0.00014703543807875793,0.8197493573823504,-1.683422470522496e-06,7.701398240960955e-06,9.38482071148345e-06,0.7633020394482666,-4.344325444906192e-07,1.4332031708939352e-06,1.8676357153845544e-06,0.7239593495512247,-4.128938511429999e-05,1.0246882144683345,6.500859667239828e-07,0.9049848576069799,-1.4487097033161554e-06,1.2709335067262677,1.0129868825815075e-05,0.9243529873076523,-2.17990967827072e-05,Train45.csv,Normal
865,12.832533325288308,46.19711997103791,0,0.9975985198720014,-0.0012083805737693742,0.9356881734798517,-0.08484211976473377,0.8388338295787675,-3.302305127931813,1.4302436598052786,0.21762526141444993,1.0408832373366161,0.0164762668105779,0.9003260285056227,-0.10971655109980749,1.1924938323908236,0.053620614713190295,0.691161513793479,-0.1298668841065403,0.9975891755998164,-0.00059184400498552,0.9857595849228885,-0.003270918136149631,1.0018452487678475,0.0003098544373563439,1.4302436598052786,1.1924938323908236,1.0408832373366161,1.3113687460980512,1.2212069098442395,0.21762526141444993,0.053620614713190295,0.13562293806382011,0.691161513793479,0.9003260285056227,0.7957437711495509,-0.1298668841065403,-0.10971655109980749,-0.11979171760317389,0.20066915891332848,0.7390821460117996,-18.71545614913765,-0.2442976023554353,1.1352803811189656,9.203403970514009e-06,7.715155055815066e-05,6.794814658763665e-05,1.7942169731412576,3.959304921163673e-05,8.942213670315598e-05,4.982908749151925e-05,1.0254938533145637,2.4436854212167493e-06,9.789534008706879e-05,9.545165466585204e-05,1.080420450321286,4.577436702751723e-07,6.015278650325669e-06,5.557534980050497e-06,1.3977165282907742,6.612457725350499e-07,2.288707950267121e-06,1.6274621777320713e-06,1.386676859049961,3.780613860441841e-05,0.9998663480120896,5.642825564863634e-09,1.238433851005413,1.0413153903132368e-05,1.1768779394623228,2.971012384403072e-05,1.6905358191085071,0.00012379947544516545,Train46.csv,Normal
1313,19.478747116882715,70.12348962077778,0,1.006248206732184,0.004508516000715113,0.9028725197165595,-0.13650242266281154,0.731223823211575,-6.759668124807568,0.8651623650222371,-0.08901004282777047,0.6149591624085031,-0.3139369598667714,1.194602006437288,0.11765832218883354,0.6643243844798956,-0.3170745928990065,1.348526731673305,0.19383504845137323,0.6938212678052962,-0.3234840813166663,2.340870540626917,0.5746551490102226,1.7681667463135855,0.3415816684977372,2.340870540626917,1.7681667463135855,1.348526731673305,2.054518643470251,1.8191880062046024,0.5746551490102226,0.3415816684977372,0.4581184087539799,0.6149591624085031,0.6643243844798956,0.6396417734441994,-0.3234840813166663,-0.3170745928990065,-0.3202793371078364,0.5747327702454545,1.7259113782184137,-27.05295654126479,-0.1546676227263042,1.0115308027008543,1.8494487126808376e-06,0.00016136422425537335,0.00015951477554269252,0.9756481710380797,-8.319167441064282e-06,0.00033370540639274693,0.0003420245738338112,0.9071890206792775,-4.39407155905449e-05,0.0004296001068683637,0.0004735408224589086,0.9369617745624597,-2.2779131524693826e-06,3.4006147103657224e-05,3.6284060256126606e-05,0.6416211246357943,-3.4014018714866423e-06,6.1075795919709225e-06,9.508981463457565e-06,0.9010180498586392,-4.92640498713477e-05,0.9820603015492891,-5.4073611354432975e-06,1.1553250730187146,1.572401881440354e-05,0.9431091137106795,-5.300584876912588e-06,1.1389085838961113,5.392820027021986e-05,Train47.csv,Normal
4,0.059341194567807204,0.21362830044410594,1,0.5371735320604198,-0.07959468945592638,0.9113323732089778,-0.11108106322002964,0.9026313164092623,-4.326804769850824,0.7865282157428666,-0.007455091122435278,0.3664646178669874,-0.27578288066160644,1.001837938161886,0.0001849290952751076,1.09227554769326,0.00576906578920558,0.6659545750259248,-0.010587642795832606,1.0607518610909488,0.007602844516825441,0.8493970805121767,-0.007335044849610443,0.7631881715667148,-0.026814849311408248,1.09227554769326,1.0607518610909488,1.001837938161886,1.0765137043921045,1.051621782315365,0.007602844516825441,0.00576906578920558,0.00668595515301551,0.3664646178669874,0.6659545750259248,0.5162095964464561,-0.27578288066160644,-0.026814849311408248,-0.15129886498650735,0.22352567797968945,0.7258109298262725,-80.74118362961832,1.4133392784166716,0.9296571195505953,-1.702826418863551e-07,2.382629777033229e-06,2.552912418919584e-06,0.16734308834926334,-5.8227852864907884e-05,1.1704343074415715e-05,6.99321959393236e-05,0.77427423084267,-6.432471257513477e-08,2.5494523676472423e-07,3.19269949339859e-07,0.8632988023701469,-3.24369195743203e-08,2.679986896968368e-07,3.0043560927115707e-07,0.7700782818346871,-6.424324883570169e-08,2.486633883803661e-07,3.1290663721606777e-07,1.0,0.0,1.0,0.0,1.0,0.0,1.0,0.0,1.0,0.0,Train48.csv,Normal
0,0.0,0.0,1,0.8639619028222433,-0.0042568007086824095,0.9040089474640308,-0.1301402561384568,1.0309152340191465,0.5624030016496029,0.9207092477712453,-0.0027865291467676634,0.895239258413252,-0.0037989392597791646,0.9359030468079648,-0.0017231900504543589,1.1295631244054178,0.003674740207120813,0.7803947598630121,-0.00793604110771566,0.73433095199212,-0.006954372191306429,0.7613633288221213,-0.005856880410972019,0.7018338101838988,-0.01016556737718943,1.1295631244054178,0.9359030468079648,0.9207092477712453,1.0327330856066914,0.9953918063282093,0.003674740207120813,-0.0017231900504543589,0.000975775078333227,0.7018338101838988,0.73433095199212,0.7180823810880094,-0.01016556737718943,-0.00793604110771566,-0.009050804242452545,0.1323702392069181,0.42772931422151905,24.526900132296873,0.00588846645246921,0.5527235845961332,-4.786898185265615e-08,7.15118212920917e-08,1.1938080314474785e-07,0.6744930500250914,-3.057659052112629e-07,6.543083289505679e-07,9.600742341618308e-07,1.0740291058988727,3.0975983445051985e-08,3.043237719987349e-07,2.733477885536829e-07,0.8001183289925374,-3.899909350381637e-08,1.9614141015940833e-07,2.351405036632247e-07,0.7544435506309766,-7.956189752663046e-08,2.751684842522509e-07,3.5473038177888137e-07,1.0,0.0,1.0,0.0,1.0,0.0,1.0,0.0,1.0,0.0,Train49.csv,Normal
127,1.8840829275278788,6.782698539100363,1,0.9056327532902454,-0.005996663321667789,0.8927162634614008,-0.1406523769880339,1.0710863834708932,1.3409350544378675,1.002658604558921,5.5912743029410544e-05,0.8720851492492278,-0.010862011595190318,0.7056911168926532,-0.015777800758555442,0.8769103663629007,-0.00624330198674946,1.1425817974371644,0.010597432870032605,0.821595493059012,-0.017946548466777137,0.9972921586048782,-0.00012415139565206262,0.8375855707655013,-0.006204405140539049,1.1425817974371644,1.002658604558921,0.9972921586048782,1.0726202009980428,1.0475108535336546,0.010597432870032605,5.5912743029410544e-05,0.005326672806531008,0.7056911168926532,0.821595493059012,0.7636433049758327,-0.017946548466777137,-0.015777800758555442,-0.01686217461266629,0.12627549141400513,0.4368906805445112,-7.032303648275445,-0.17411902248936784,0.5808670393386038,-1.1921243387941853e-06,1.6659973591443891e-06,2.8581216979385744e-06,1.0040379120502159,1.4949352814136454e-08,1.230670159158093e-06,1.2157208063439565e-06,0.8644652665635574,-4.382042226762463e-07,2.8587283348472908e-06,3.296932557523537e-06,0.8893922028657197,-2.7098284791819733e-08,2.983055995001858e-07,3.2540388429200555e-07,0.7602594386052283,-8.913646475858672e-08,3.143791463746602e-07,4.0351561113324693e-07,1.0,0.0,1.0,0.0,1.0,0.0,1.0,0.0,1.0,0.0,Train50.csv,Normal
87,1.2906709818498068,4.646415534659305,1,0.8997790657766448,-0.0036064120839637143,0.8992902768136892,-0.13883168398694323,0.9952942510880881,-0.10225095724502964,1.1448086864688403,0.0038838177765154747,0.9275313542488866,-0.0026190536527112007,0.8406521428042005,-0.005922010114069794,0.9232495135186001,-0.0030833739663336662,0.7556585468376616,-0.011092871133681813,0.9544536428853673,-0.001732499822711793,0.7488621548112334,-0.00690650103061358,0.988363568477138,-0.00038139176360511146,1.1448086864688403,0.988363568477138,0.9544536428853673,1.066586127472989,1.0292086326104484,0.0038838177765154747,-0.00038139176360511146,0.0017512130064551816,0.7488621548112334,0.7556585468376616,0.7522603508244475,-0.011092871133681813,-0.00690650103061358,-0.008999686082147696,0.12161887465291274,0.39594653165760685,22.32493690722424,0.1777033860888979,0.5363899997209349,-8.257466086632737e-08,1.0710753065370683e-07,1.896821915200342e-07,0.7168378995462011,-3.3529684934276384e-07,8.741348782414962e-07,1.20943172758426e-06,0.8341028409205423,-3.4929239732796844e-07,1.8064613703774964e-06,2.155753767705465e-06,0.9441931391182022,-6.0033830200575455e-09,2.7076033683785855e-07,2.767637198579161e-07,0.8304811469908291,-5.295146090240689e-08,3.084022840347492e-07,3.613537449371561e-07,1.0,0.0,1.0,0.0,1.0,0.0,1.0,0.0,1.0,0.0,Train51.csv,Normal
87,1.2906709818498068,4.646415534659305,1,0.9832647797298453,-0.0028836365743419856,0.9384381643941366,-0.07971407554167054,1.0145744814812967,0.44543386014987263,1.3988658057675207,0.018083636072365836,1.5755671160697975,0.07933579580197211,0.7269079169273172,-0.06227691841114616,1.1873428205504446,0.030935672486752358,0.7264244447388973,-0.04714186015388075,1.3667727015235585,0.06976154350996416,0.7487989199239371,-0.04074517401494207,0.568166069195184,-0.091625473890048,1.5755671160697975,1.3988658057675207,1.3667727015235585,1.4872164609186591,1.4470685411202922,0.07933579580197211,0.06976154350996416,0.07454866965596814,0.568166069195184,0.7264244447388973,0.6472952569670407,-0.091625473890048,-0.06227691841114616,-0.07695119615059709,0.36191034433255964,1.0074010468746135,4.380169613467032,0.1510958424626816,0.9958791793701192,-1.0044507586010103e-07,2.6691273751512174e-05,2.6791718827372275e-05,1.3303135883639263,1.978397273925486e-06,7.927574683717012e-06,5.9491774097915254e-06,0.759489789307969,-2.009595622851148e-07,6.661739351997163e-07,8.671334974848311e-07,0.7702480874065447,-5.7356141710024186e-08,2.2581287242223465e-07,2.8316901413225883e-07,0.8470296478766898,-4.383161405680163e-08,2.9807719251643346e-07,3.419088065732351e-07,1.0,0.0,1.0,0.0,1.0,0.0,1.0,0.0,1.0,0.0,Train52.csv,Normal
952,14.123204307138113,50.84353550569721,0,0.7173482440567591,-0.247162483472121,0.9190303333671068,-0.1200284228516042,1.1092716215937808,1.5084265534516081,1.0347248353225387,0.014276755948372855,0.9396391117154126,-0.03233954409543449,1.0417413086208094,0.026400379928478546,1.2087653662093083,0.10629182059555509,1.0764273420824297,0.050900427056494224,0.9753890936263455,-0.01633427301555168,0.5506743229862627,-0.5139007914340745,0.4507402518658983,-0.9206796742885844,1.2087653662093083,1.0764273420824297,1.0417413086208094,1.142596354145869,1.1089780056375158,0.10629182059555509,0.050900427056494224,0.07859612382602466,0.4507402518658983,0.5506743229862627,0.5007072874260805,-0.9206796742885844,-0.5139007914340745,-0.7172902328613295,0.24876170315016474,0.75802511434341,38.275350763272,0.5311683240529224,0.2593216035746834,-0.0005512561028536737,0.00019300577751196144,0.0007442618803656351,0.7216431816708228,-6.471122002344872e-05,0.00016779049070788735,0.00023250171073133606,0.7320619444050119,-3.537727426418024e-05,9.66853205958467e-05,0.00013206259486002694,0.8155140629704998,-2.4271063257572136e-06,1.0773148965232839e-05,1.3200255290990053e-05,0.5022424212057744,-2.2956769569021394e-06,2.3264513222642797e-06,4.622128279166419e-06,0.8423121261690949,-3.685663015983519e-05,0.49423170592592336,-8.995343268598083e-05,0.2222672311344791,-0.00017152157145273263,0.2569357313189773,-0.0011646788491296897,0.7035555460713419,-0.00013565864202676734,Train53.csv,Side II
700,10.384709049366261,37.38495257771854,0,0.8913897349446724,-0.04165001110755234,0.9401749832495745,-0.07574910470206331,1.2452907567042626,6.404147700683254,0.6796697657829033,-0.2437265930870397,1.1133047815528658,0.04859616823783636,1.008015619479142,0.0026511805897644347,1.2608855873872007,0.05469004316956,1.0220542489982567,0.008205904207540138,0.9796493271788996,-0.005173303685395092,0.9496867636786555,-0.009997329304967884,0.9532081462808736,-0.006227780527397808,1.2608855873872007,1.1133047815528658,1.0220542489982567,1.1870951844700333,1.1320815393127743,0.05469004316956,0.04859616823783636,0.05164310570369818,0.6796697657829033,0.9496867636786555,0.8146782647307793,-0.2437265930870397,-0.009997329304967884,-0.1268619611960038,0.15372699599247458,0.5812158216042974,15.108731451113528,-0.06527536634610609,0.6089783693821631,-2.1735118957141122e-05,3.3865919549303064e-05,5.5601038506444186e-05,0.9779396648656092,-8.628321657782413e-07,3.869284806804322e-05,3.955568023382146e-05,0.9065870479608146,-6.195027229524405e-06,6.022074236740981e-05,6.641576959693422e-05,1.0830231352372737,3.2335360756887e-07,4.0876462390544136e-06,3.7642926314855436e-06,0.8323606349331352,-1.6804176818641652e-07,8.840105016691901e-07,1.0520522698556066e-06,0.9011812982774735,-4.652939613454841e-06,0.7470622563002806,-3.46671971251469e-06,0.94044143296912,-4.949005265718481e-06,0.9637442190351718,-5.7986757681838166e-06,0.5208461622547436,-3.538615508277168e-05,Train54.csv,Normal
0,0.0,0.0,1,0.8500760163719411,-0.004652683867315387,0.8893430908678654,-0.14776204807496862,1.0470301381708014,1.0020347268315675,0.7900497169558747,-0.0076484217228928696,0.8517714905903364,-0.00563090114549393,1.016848927252373,0.00047844493520875567,0.9433807477581775,-0.002077917450105618,0.607589814987985,-0.010656069415498567,1.0153804181920607,0.00033312782891171955,0.7512334924037338,-0.006212308341891019,0.7618721143149101,-0.007344077084380542,1.016848927252373,1.0153804181920607,0.9433807477581775,1.016114672722217,0.9918700310675371,0.00047844493520875567,0.00033312782891171955,0.0004057863820602376,0.607589814987985,0.7512334924037338,0.6794116536958594,-0.010656069415498567,-0.0076484217228928696,-0.009152245569195718,0.13384314194276595,0.40925911226438805,81.58244011969884,0.2952137071544305,0.5900913201721262,-6.041350787053386e-08,1.0136501582430825e-07,1.6177852369484212e-07,0.5704913155527322,-5.292563858026348e-07,7.162627813979091e-07,1.2455191672005439e-06,0.9500326331616045,-3.271297963284456e-09,2.523280082040084e-07,2.555993061672929e-07,0.8860917350906949,-1.3998017826201574e-08,1.8668044211969493e-07,2.006784599458965e-07,0.7881343298642566,-6.982932491145326e-08,2.9696284184357696e-07,3.6679216675503023e-07,1.0,0.0,1.0,0.0,1.0,0.0,1.0,0.0,1.0,0.0,Train55.csv,Normal
935,13.871004230224933,49.93561522880976,0,1.0689410158577597,0.021931486632710884,0.9286131242383002,-0.08663270754212382,1.2075843510285749,3.4587363990276287,1.2661531534207664,0.03577475971708788,1.0404820007187647,0.012504923736787743,1.2198965910321284,0.08455912114699077,0.8772856942846986,-0.057912128256732864,0.8595670987434079,-0.053333877573079946,1.4365982001498212,0.10357860048953568,1.2371817595210541,0.06772753931187586,1.1126651798181009,0.023490200699111147,1.4365982001498212,1.2661531534207664,1.2371817595210541,1.3513756767852938,1.313311037697214,0.10357860048953568,0.08455912114699077,0.09406886081826323,0.8595670987434079,0.8772856942846986,0.8684263965140533,-0.057912128256732864,-0.053333877573079946,-0.055623002914906405,0.18621554343542351,0.5770311014064133,-29.734018173862523,-0.11239542994792995,1.2235631293315095,7.304985878765882e-06,3.9925526972814284e-05,3.26205410940484e-05,1.435546932853358,1.0316836056888157e-05,3.397095874824989e-05,2.365412269136173e-05,1.1243854722348916,1.2330742689873792e-05,0.000111373650304415,9.904290761454121e-05,1.006309579377094,4.42361006751865e-08,5.460287288726762e-06,5.416051188051576e-06,0.5043979443103268,-1.0835416053255579e-06,1.1129496567088578e-06,2.1964912620344157e-06,1.1833328902039442,1.976025214257585e-05,1.0263277453479804,5.096747563355511e-07,1.715290857978773,7.868985959053498e-06,1.2969564487053562,1.3785085944370284e-05,1.3196347807932771,3.643406879812137e-05,Train56.csv,Normal
378,5.607742886657781,20.187874391968013,0,0.9373970264080028,-0.017739765903794558,0.900269411279873,-0.13098603495811267,0.9677814139105654,-0.9805820963192318,0.6034308256031405,-0.13542640900064676,0.6575112698611955,-0.05247421238848603,1.853192278268905,0.1934405039563311,0.973504656423677,-0.004576470476707423,0.7406502436403735,-0.05720108021203943,1.5268536671722925,0.1283764922305043,0.6706514928386224,-0.12350287076049316,0.6756083385875135,-0.13469745162065444,1.853192278268905,1.5268536671722925,0.973504656423677,1.6900229727205986,1.4511835339549581,0.1934405039563311,0.1283764922305043,0.1609084980934177,0.6034308256031405,0.6575112698611955,0.630471047732168,-0.13542640900064676,-0.13469745162065444,-0.1350619303106506,0.4402552017212944,1.2497614526657643,6.089608786418893,0.16914226745176375,0.6985849299652416,-1.7384964802828336e-05,4.031603418876951e-05,5.7700998991597846e-05,0.7930837189304205,-5.447201554771202e-06,2.09167576453563e-05,2.6363959200127504e-05,0.8848055716091658,-7.093875288799944e-07,5.525597918152571e-06,6.234985447032566e-06,1.0732086222464818,1.0031423498894282e-07,1.323969946810281e-06,1.2236557118213382e-06,0.9035227324669015,-5.175062365971511e-08,5.783029893691812e-07,6.300536130288963e-07,0.7030164436903014,-1.1380623079995459e-05,1.1396656978945718,8.197579537192415e-06,0.5160923281190466,-8.035783791885113e-05,1.4749436479748355,8.513185043244478e-06,1.0938539847273812,1.9724337825704275e-07,Train57.csv,Normal
634,9.405579338997441,33.86008562039079,0,0.7395351067858215,-0.07903296474066068,0.8720850786269841,-0.17167759791591042,0.8654249135021637,-2.8595549004741656,1.122011772862159,0.017700867543730958,1.1695870336064416,0.024637332969905057,1.1115366829792868,0.027802577392149447,0.5385655432543134,-0.25941304772128,1.588808912458753,0.10406717298549509,0.3934411348362255,-0.31163730522567057,1.4502266403999045,0.04313418034970018,1.8388097422142053,0.09124087877862937,1.8388097422142053,1.588808912458753,1.4502266403999045,1.7138093273364792,1.6259484316909543,0.10406717298549509,0.09124087877862937,0.09765402588206223,0.3934411348362255,0.5385655432543134,0.46600333904526947,-0.31163730522567057,-0.25941304772128,-0.2855251764734753,0.46179093007671757,1.44536860737798,81.52531171730405,0.9590222199931113,0.6692616894384127,-4.100992317966304e-06,8.318751037092616e-06,1.241974335505892e-05,1.4629350032466248,1.0345713361970864e-05,3.266220258720794e-05,2.2316489225237078e-05,1.2876508794664743,3.5579058669526403e-06,1.5881975116221695e-05,1.2324069249269055e-05,0.9886823119038132,-4.460693916627875e-09,1.2632467136147591e-06,1.267707407531387e-06,0.7827451526036333,-1.6845503951772964e-07,6.42953742179788e-07,8.114087816975176e-07,1.4557943122802517,1.0104006737905271e-05,0.6251282158654485,-2.8271839542758276e-06,0.6373799615401695,-6.3043509420003755e-06,0.5202119130764178,-6.254715425953128e-05,0.284360128040824,-6.193994282905024e-05,Train58.csv,Normal
349,5.177519226041179,18.639069213748243,0,1.092855967585079,0.02257747403532792,0.9408341536700313,-0.07590332661152566,0.8708959738180583,-4.313138780568757,1.314803936300307,0.09717014365714605,0.876285215734394,-0.02855301345312472,1.1635539003974513,0.04783880348631825,0.7948731652411394,-0.06530797232035229,1.4537747235664915,0.10416565183126597,1.005609534194782,0.0007258329201282054,0.9597407170887384,-0.007430506013793026,0.7614982430574767,-0.043972323951869285,1.4537747235664915,1.314803936300307,1.1635539003974513,1.3842893299333991,1.3107108534214165,0.10416565183126597,0.09717014365714605,0.10066789774420601,0.7614982430574767,0.7948731652411394,0.7781857041493081,-0.06530797232035229,-0.043972323951869285,-0.05464014813611079,0.23293148711334888,0.6922764805090148,11.453359189189712,0.2282550132265877,1.2403086774448857,6.983382583799545e-06,3.5991821110218855e-05,2.900843852641931e-05,1.2575275613163401,6.3011813418887196e-06,3.072033878714093e-05,2.441915744525221e-05,1.2063190288995693,1.2747174080589004e-06,7.394629005667921e-06,6.11991159760902e-06,0.8649300240785862,-1.0548394396399451e-07,7.395095005538691e-07,8.449934445178637e-07,0.9033830593865583,-3.98144041651661e-08,4.6577223984243466e-07,5.055866440076008e-07,1.1807161181534982,3.159412902822676e-06,1.1312574892618852,4.682595501180838e-06,1.630364839935038,3.390091160581297e-05,0.4973009280631444,-3.6809611015055723e-05,1.00577530623788,4.856162275271812e-08,Train59.csv,Normal
644,9.55393232541696,34.39415637150106,0,0.6078903955514616,-0.19822162164203144,0.8991774868653328,-0.13730054443400475,1.038551880857117,1.1063390986608823,0.5138983474346913,-0.35733677234472533,0.5426768740585932,-0.5054299220085731,0.9367109922279327,-0.014887869547420496,1.2621921749562448,0.049642063934036335,0.8815852005212707,-0.03454364901341794,0.8614919277823798,-0.035246026013999926,0.8578267728461775,-0.02375387788635558,0.9624375421836325,-0.004391525501208429,1.2621921749562448,0.9624375421836325,0.9367109922279327,1.1123148585699387,1.0537802364559368,0.049642063934036335,-0.004391525501208429,0.022625269216413953,0.5138983474346913,0.5426768740585932,0.5282876107466423,-0.5054299220085731,-0.35733677234472533,-0.43138334717664917,0.22322127059428962,0.7482938275215535,130.26959342089,0.7099873153936267,0.22490175144612637,-0.0001024231001776773,2.9721888391565518e-05,0.00013214498856924282,0.5605491137694069,-2.483237290447101e-05,3.168811476289364e-05,5.652048766736465e-05,1.186985575190391,1.2319765698761085e-05,7.814246796056465e-05,6.582270226180357e-05,0.8866185774816658,-4.0915200659481534e-07,3.277679425618313e-06,3.6868314322131284e-06,0.48996552341420424,-9.759889926367229e-07,9.471920723708779e-07,1.9231810650076007e-06,0.572272473361829,-1.850231965628907e-05,0.1347271350292031,-6.112056720331456e-05,0.3655099986557774,-8.246656252492701e-05,0.2554618666285668,-0.0003243997787223373,0.15986822163013262,-4.463678178769254e-05,Train60.csv,Normal
517,7.669849397889081,27.611457832400692,0,0.8986744808694273,-0.02507763024047041,0.9225078658284909,-0.09358807449829354,1.0071931598982218,0.14841992648938884,0.7723103553760964,-0.13196694025718841,1.0634130321497994,0.011004248654104404,1.3839250847040188,0.06569184698247507,1.105364040810916,0.019029602073743518,1.0251715479354064,0.0034608252050359334,1.003523713321276,0.0005037382804070345,1.072662695933505,0.010169598233434163,0.8744352950861357,-0.007069998271895368,1.3839250847040188,1.105364040810916,1.072662695933505,1.2446445627574674,1.1873172738161466,0.06569184698247507,0.019029602073743518,0.042360724528109295,0.7723103553760964,0.8744352950861357,0.8233728252311161,-0.13196694025718841,-0.007069998271895368,-0.06951846926454189,0.1676103036069995,0.6116147293279224,105.96613432825944,0.7426197012379259,1.44189866217125,5.928765802954231e-06,1.931270950459983e-05,1.33839437016456e-05,1.1318408538517004,1.3199858627067328e-06,1.1246100689301039e-05,9.926114826594306e-06,1.2252408230080811,1.3246945041029022e-05,7.200491109731585e-05,5.8757966056286826e-05,0.8825247433240746,-9.647601801580943e-08,7.998937233974041e-07,8.963697414132135e-07,0.8543820803601581,-5.7845985732328274e-08,3.9807184841976194e-07,4.559178341520902e-07,1.3220707368836935,3.263673366657971e-06,1.1961471691803982,1.5298089799848416e-06,0.9811077753245455,-8.164707927288647e-07,0.41807759027922364,-5.979137892795214e-05,0.9170826488057515,-9.488475087815155e-08,Train61.csv,Normal
895,13.277592284546863,47.799332224368705,0,1.2209120795957296,0.11057265723571841,0.9160599330065728,-0.1124856843312858,1.097953406529838,2.6859434858837545,0.954813100069161,-0.005477158082756145,0.8701237081704128,-0.05352306131636947,0.9328148194132004,-0.01841446441342859,0.7045891907032924,-0.1712719141706115,1.347936762698456,0.2749078873785571,0.8100187283947156,-0.07742850194642725,1.6972024130225836,0.4629795213285318,0.7509977716011094,-0.10478668798025692,1.6972024130225836,1.347936762698456,0.954813100069161,1.5225695878605197,1.3333174252634001,0.4629795213285318,0.2749078873785571,0.36894370435354445,0.7045891907032924,0.7509977716011094,0.7277934811522009,-0.1712719141706115,-0.10478668798025692,-0.1380293010754342,0.31924732173935577,0.9926132223192912,-17.070460073920827,-0.5207690998062651,0.9256692812001934,-9.059318575278553e-06,0.00011294374307295812,0.00012200306164823668,0.9061495753172244,-6.110260528904027e-06,5.9092662583496935e-05,6.520292311240096e-05,1.0719862567014262,7.780054694741503e-06,0.00011570808412956773,0.00010792802943482623,1.005110399095544,4.7921507193823355e-08,7.4583805525332515e-06,7.410459045339428e-06,1.3179200356286058,6.315247360163056e-07,2.5764966357501455e-06,1.94497189973384e-06,1.00177552533617,2.6361875336269533e-07,0.983419722289419,-6.382382424566631e-07,1.012413423502727,6.438063206194993e-07,1.8277179748089039,0.00017393599823924437,1.1772677273732792,5.859385268942955e-05,Train62.csv,Side I
724,10.740756216773104,38.66672238038318,0,1.16539288442634,0.04710986044213622,0.888185194702351,-0.14225615175889117,1.056989775739414,1.2311586454942613,0.815333525764985,-0.029334022774568425,1.1692471840991494,0.03846564378883241,1.0362911876095837,0.008832767467398361,0.9512112655640139,-0.010868728760548951,1.4050154811030084,0.16368135368400905,0.8048042677119273,-0.0796358611622861,1.5508245784717942,0.1507467300475545,1.1327895335528424,0.03215341284135678,1.5508245784717942,1.4050154811030084,1.1692471840991494,1.4779200297874013,1.3750290812246506,0.16368135368400905,0.1507467300475545,0.15721404186578178,0.8048042677119273,0.815333525764985,0.8100688967384562,-0.0796358611622861,-0.029334022774568425,-0.054484941968427264,0.24899383336153463,0.746020310759867,-67.75897526748514,-0.33170019561656794,1.6430082915820385,1.924864413458704e-05,4.9158389161906746e-05,2.9909745027319705e-05,1.2118044028471857,8.825056721477624e-06,5.043391167907535e-05,4.1608854957597725e-05,1.1018858308166353,6.576108035163985e-06,7.101185071140584e-05,6.443574267624185e-05,1.4093401636130656,9.997709253240295e-07,3.40773772483805e-06,2.4079667995140207e-06,0.6924969369900883,-3.3935132295611884e-07,7.867392237089667e-07,1.1260905466650855e-06,1.187584232494327,7.93376441070654e-06,1.5407574683272887,8.306106951205197e-06,2.009250222257973,2.3480469294876352e-05,1.7177815126384905,5.438624463327806e-05,2.297690289952112,2.5876825095814982e-05,Train63.csv,Normal
181,2.685189054193276,9.666680595095794,1,0.950049514816622,-0.003814823291322697,0.9228158811870814,-0.09905326098924272,0.8035643222029649,-6.547606792797957,1.1776812780197197,0.0069839425704552385,1.0802366432852677,0.009275115589904015,1.0341022091333643,0.0015364004919062937,0.8058777603042298,-0.012623802113039075,0.9549000200844544,-0.004022550716979503,0.9533687056278853,-0.004446431143693905,0.698196826306374,-0.01834224500022938,0.6717598340788804,-0.02263296915865398,1.1776812780197197,1.0802366432852677,1.0341022091333643,1.1289589606524937,1.0973400434794505,0.009275115589904015,0.0069839425704552385,0.008129529080179627,0.6717598340788804,0.698196826306374,0.6849783301926272,-0.02263296915865398,-0.01834224500022938,-0.02048760707944168,0.17001376317918224,0.5059214439408393,-1.3028387450099217,-0.1112195702158516,0.9235587522576072,-2.4875692996549346e-07,3.1262863236127967e-06,3.37504325357829e-06,0.8021763641889452,-4.3979718402209523e-07,1.8239310394936487e-06,2.263728223515744e-06,0.9093136868798296,-4.16713643344126e-07,4.278667231261264e-06,4.69538087460539e-06,1.0103561162402062,1.3414526016539237e-08,3.331255815262122e-07,3.1971105550967297e-07,0.8890141562526302,-2.82943307820718e-08,3.0674364423426315e-07,3.3503797501633495e-07,1.0,0.0,1.0,0.0,1.0,0.0,1.0,0.0,1.0,0.0,Train64.csv,Normal
867,12.862203922572212,46.303934121259964,0,0.9366794595515466,-0.022678217204768092,0.9149158121004062,-0.11858115663743463,0.9011321160662326,-2.413171050095336,0.7752567288126267,-0.16252867764711854,1.736593525616877,0.17662764198564584,1.0801625349399542,0.032769017430314906,0.7308865244720759,-0.09014862482173758,0.8222226003776633,-0.05009414275317223,1.0504515868703233,0.011086391078625801,1.3342548075007448,0.042241088035855884,0.9907949450938012,-0.0013872931416404333,1.736593525616877,1.3342548075007448,1.0801625349399542,1.5354241665588109,1.3836702893525252,0.17662764198564584,0.042241088035855884,0.10943436501075086,0.7308865244720759,0.7752567288126267,0.7530716266423514,-0.16252867764711854,-0.09014862482173758,-0.12633865123442806,0.31305106590543796,1.005707001144801,-20.8034371066866,-0.20881493819622587,0.9083638566249491,-3.2926680129198975e-06,3.273843859937665e-05,3.603110661229655e-05,0.6904795956112224,-1.8361512394841762e-05,4.098325754712935e-05,5.9344769941971114e-05,0.8933313268321884,-7.331508320526054e-06,6.1483837514388e-05,6.881534583491405e-05,0.787428052483799,-7.903728160173817e-07,2.9648126911454664e-06,3.755185507162848e-06,0.9589424924743003,-2.6212863249386012e-08,8.457905858571819e-07,8.72003449106568e-07,0.697643206218598,-3.208158055619107e-05,0.8423120099357597,-2.354652034693111e-06,0.9265181203934687,-1.8763166256418602e-06,0.5718171872487153,-6.550916334231306e-05,1.7158365647085052,4.940869821216502e-05,Train65.csv,Normal
871,12.921545117140017,46.51756242170406,0,0.6972955313816149,-0.15236499844496354,0.8884044385374427,-0.15472528256621598,0.862544941743578,-3.186882737470505,0.7888093818601036,-0.042997478530956895,0.7542111354370444,-0.08237435179155395,0.9808456520150265,-0.00807158025731719,0.7695015001983665,-0.11581492330875076,0.7202794863311344,-0.16362946484497232,0.7464137433038971,-0.1334255871907576,1.1461443970350977,0.04955738132402204,0.3615185788216431,-0.537624684096662,1.1461443970350977,0.9808456520150265,0.7888093818601036,1.063495024525062,0.9719331436367425,0.04955738132402204,-0.00807158025731719,0.020742900533352426,0.3615185788216431,0.7202794863311344,0.5408990325763887,-0.537624684096662,-0.16362946484497232,-0.35062707447081715,0.2106474496235858,0.7846258182134547,57.88359315416062,0.6272638110834885,0.5096771830410927,-5.41770251078474e-05,5.632593336291588e-05,0.00011050295847076328,1.0205936304764516,7.546029138862898e-07,3.690155516850339e-05,3.61469522546171e-05,0.834272372999031,-8.153557980591549e-06,4.109532617964455e-05,4.92488841602361e-05,0.8652633034862295,-6.048267905435212e-07,3.948345726311853e-06,4.553172516855374e-06,0.4783812064885619,-1.09451465872329e-06,1.0129601571051586e-06,2.1074748158284486e-06,0.965443797683618,-2.147387509817154e-06,0.6419615036158863,-7.94190415451524e-06,0.4543662152382885,-2.407944305104664e-05,0.49933007740053315,-0.00015259448070701546,0.3265618425920309,-0.00016697037047581892,Train66.csv,Normal
632,9.375908741713538,33.753271470168734,0,1.0094003904657523,0.002435143802571371,0.9345840940367248,-0.08920753424259331,2.3162234055305375,18.471365463819065,1.0481625396170102,0.00802092761496459,1.2703437958054218,0.042461524911809545,1.0131579526483394,0.002937144689496851,0.5044571033610222,-0.2856184439168601,2.5975849836368115,0.31381258029028003,0.7103278674552022,-0.05696936130891497,1.4902714573786813,0.04979478539588339,1.6062825721054241,0.07380742325555638,2.5975849836368115,1.6062825721054241,1.4902714573786813,2.1019337778711176,1.8980463377069723,0.31381258029028003,0.07380742325555638,0.1938100017729182,0.5044571033610222,0.7103278674552022,0.6073924854081122,-0.2856184439168601,-0.05696936130891497,-0.17129390261288752,0.6059851689781205,2.093127880275789,17.379259524634108,-0.09184915489488699,0.849573781147974,-1.742715815252707e-06,9.898948559671522e-06,1.1641664374924229e-05,1.3889891528422615,9.27198531846446e-06,3.307238016055476e-05,2.38003948420903e-05,0.9493908401204,-7.265676997572998e-07,1.381747155933347e-05,1.454403925909077e-05,0.7899760833566029,-2.8435526159345077e-07,1.1071768415014606e-06,1.3915321030949113e-06,0.9212728564714363,-4.481403544641629e-08,6.414392895142278e-07,6.862533249606441e-07,1.3927152897587314,9.293666938590503e-06,0.7699574327485698,-1.8624887288159012e-06,0.7852791774171474,-2.30615204232797e-06,1.2160185525406677,1.1893822194827286e-05,0.8872742261005645,-3.911281943227205e-06,Train67.csv,Normal
668,9.909979492823803,35.67592617416569,0,1.070263534697137,0.034669051637312764,0.9904752791819343,-0.012647052944750214,1.0001494278658825,0.0027092760598179666,1.0875593120701923,0.027876852896209614,1.6441774310422377,0.20475608641831738,0.7438875407681823,-0.17507434746638062,1.1435000323733264,0.06552240264976061,1.2983866931173211,0.13806096840661253,1.3610303903465732,0.16783964162667603,1.1072252132163258,0.06419569241986944,0.6146002939085958,-0.20424213137659958,1.6441774310422377,1.3610303903465732,1.2983866931173211,1.5026039106944054,1.4345315048353775,0.20475608641831738,0.16783964162667603,0.1862978640224967,0.6146002939085958,0.7438875407681823,0.6792439173383891,-0.20424213137659958,-0.17507434746638062,-0.1896582394214901,0.3088553554070551,1.029577137133642,-26.80870845890857,-0.5036337942121487,0.7147703529694184,-2.8137711855252443e-05,7.053667158205032e-05,9.867438343730277e-05,1.0057353809888512,3.353366958732857e-07,5.704985011628908e-05,5.6714513420415794e-05,1.0364177380804924,1.2651538700931693e-06,3.57206076914964e-05,3.445545382140323e-05,0.8164681384345149,-1.971248830823715e-06,8.813873138321658e-06,1.0785121969145373e-05,0.8308623086634805,-1.1864935155547709e-06,5.877586224449516e-06,7.0640797400042864e-06,0.9915928808228722,-4.6104384677014896e-07,0.9123365968112828,-4.155679822417086e-06,0.7928491378082022,-1.893914673757557e-05,1.443639056682774,0.00015208003878235755,1.107235455620048,1.6343621679064418e-05,Train68.csv,Normal
7,0.10384709049366261,0.37384952577718544,1,0.8823674561761632,-0.003562346228338769,0.9139171199301549,-0.10689138446313184,1.0949470037050841,2.1739510086014064,0.784084311337852,-0.0052757228459059564,0.9313437061373578,-0.0013826828790612714,1.0214385363447824,0.0005684990836073399,0.6834976780421129,-0.009468401965812678,0.9119796921047236,-0.0029518864207380285,0.9320005264782851,-0.00249250915524276,0.8694791853060309,-0.00506123630237771,0.8878912197572258,-0.003099035043876038,1.0214385363447824,0.9320005264782851,0.9313437061373578,0.9767195314115338,0.9615942563201418,0.0005684990836073399,-0.0013826828790612714,-0.00040709189772696573,0.6834976780421129,0.784084311337852,0.7337909946899824,-0.009468401965812678,-0.0052757228459059564,-0.007372062405859317,0.0963794185940568,0.3379408583026695,43.05540505688373,0.09494861447122993,0.7358780412571946,-3.284505295680019e-08,1.1937187577089227e-07,1.5221692872769246e-07,0.7269298211520578,-2.897123518853058e-07,7.978529448811312e-07,1.087565296766437e-06,0.5555587847926955,-1.7296109200899427e-07,2.2870435608328984e-07,4.016654480922841e-07,0.7408496776858112,-5.264510611852881e-08,1.790875900213553e-07,2.3173269613988411e-07,0.8047755049910256,-5.434051683139684e-08,2.65231429703484e-07,3.1957194653488083e-07,1.0,0.0,1.0,0.0,1.0,0.0,1.0,0.0,1.0,0.0,Train69.csv,Normal
329,4.880813253202143,17.570927711527712,0,1.089955937766068,0.01982258635630102,0.9328254074031836,-0.08006442634486666,1.1161009019217607,6.812094918985807,2.4827830444531047,0.2163888426847859,1.2720151604174663,0.05114156130390987,1.0693617498048371,0.0173743484558756,0.7548407857072924,-0.06611872639335145,1.1272013284033164,0.021934740423984217,0.8851618119236037,-0.030131767352449157,0.9352250226271949,-0.017383677016897525,0.44572577119943163,-0.08891527404260331,2.4827830444531047,1.2720151604174663,1.1272013284033164,1.8773991024352856,1.6273331777579625,0.2163888426847859,0.05114156130390987,0.13376520199434788,0.44572577119943163,0.7548407857072924,0.600283278453362,-0.08891527404260331,-0.06611872639335145,-0.07751700021797739,0.5657032265914366,2.037057273253673,-30.66875913926671,-0.5531024472029609,1.261760697395054,1.1333060349578797e-05,5.4580357805849805e-05,4.324729745627101e-05,0.77601506500703,-5.4309806327456e-06,1.885074520549603e-05,2.428172583824163e-05,1.0062958247883407,5.387137123327122e-08,7.012199224720778e-06,6.9583278534875065e-06,1.059914825920483,5.6863181841605576e-08,8.29026546612136e-07,7.721633647705304e-07,0.9183289506863065,-2.6874805916718548e-08,4.14629199806101e-07,4.4150400572281953e-07,1.005747357454809,1.4144375183731243e-07,1.406528083793643,1.7335858707613008e-05,2.7766554770765506,5.1159143065736533e-05,0.9562909121463864,-1.1902486131650148e-06,0.47787959133587943,-4.2667576948920456e-06,Train70.csv,Normal
363,5.385213407028504,19.386768265302614,0,0.8785360039474552,-0.03718034455974073,0.9043900566621129,-0.1412092102636422,0.9935538960296061,-0.10998971825927484,0.7091244421278399,-0.10842263794988394,1.1670627892012382,0.027375045530323938,0.6269484867729012,-0.12204311401657769,1.5390675536273186,0.116690953458876,0.6947366551052351,-0.12469449004238853,1.3095911122094888,0.07078912612492427,0.7431285263034331,-0.07189823816077057,0.8929078331629269,-0.03897167592507128,1.5390675536273186,1.3095911122094888,1.1670627892012382,1.4243293329184037,1.3385738183460152,0.116690953458876,0.07078912612492427,0.09374003979190014,0.6269484867729012,0.6947366551052351,0.6608425709390682,-0.12469449004238853,-0.12204311401657769,-0.12336880202948311,0.3154695796010298,0.9121190668544175,39.6545197442737,0.07421934640494854,0.8326660127891268,-1.061877629035919e-05,5.288955891171108e-05,6.350833520207027e-05,0.6784456137354197,-9.934858016533647e-06,2.098259451198155e-05,3.09174525285152e-05,0.946207446614648,-4.1435192841383055e-07,7.464322278477103e-06,7.878674206890933e-06,0.7748182099505918,-7.156548911648391e-07,2.4968742973881944e-06,3.2125291885530335e-06,3.1205200020739228,2.4507229907402897e-06,3.5917250979372036e-06,1.141002107196914e-06,0.8587338799539994,-5.097214887560554e-06,0.7927226287712269,-1.516425649861741e-05,0.8433121298667952,-1.325172358540813e-05,0.5227362285025465,-1.4952986944798444e-05,0.2728044209311256,-3.1523540922825037e-06,Train71.csv,Normal
1224,18.158405537749005,65.37025993589641,0,0.7760276123466243,-0.2120612686723906,0.7865089994402313,-0.33913405286331644,1.1913584940746569,4.055634613484152,0.42655808826269215,-0.6344261169873606,0.4196843830181019,-0.8073835410896745,1.3936988601864593,0.2300980301683475,0.6028092423601719,-0.48723690385733676,1.087523172631629,0.06848868515568907,0.9472580833013788,-0.0307267126502212,1.2677483324589656,0.23693917188324365,0.7733171583568267,-0.1487852163041431,1.3936988601864593,1.2677483324589656,1.087523172631629,1.3307235963227124,1.2496567884256846,0.23693917188324365,0.2300980301683475,0.23351860102579558,0.4196843830181019,0.42655808826269215,0.42312123564039705,-0.8073835410896745,-0.6344261169873606,-0.7209048290385176,0.347436767320338,0.9740144771683574,106.14485995900108,1.2769456319150683,1.1986607768172115,5.150560603315468e-05,0.00031070936155237305,0.00025920375551921837,0.9982033733557886,-6.06221510354981e-07,0.00034237185135407616,0.00034297807286443114,1.2352085807819246,8.362956645363757e-05,0.00043913196389957105,0.0003555023974459335,0.6832675691206611,-1.1809124090770897e-05,2.5496676056241724e-05,3.730580014701262e-05,0.4431045567479661,-4.823446068221364e-06,3.845824209150781e-06,8.669270277372145e-06,1.231839373101273,9.147844508030685e-05,0.9696376868340205,-8.717483658003775e-06,1.1551583525666775,2.5360311435708536e-05,0.9691131759920321,-5.960154862117437e-06,0.25616495802927913,-0.0010434738785053915,Train72.csv,Side II
627,9.301732248503779,33.4862360946136,0,0.7844353170015151,-0.066525788464285,0.9028026920789026,-0.11500380174560765,2.3088834668147635,28.992235134433727,0.9692498895400234,-0.005775300973338393,1.1619923267350978,0.02626698187423454,1.4638763852960361,0.12101220593834267,0.4436091945991973,-0.41926489702567965,1.5069084312984238,0.06570942653196596,0.7351494736927637,-0.043099382445606085,2.5340790086818905,0.1398087230806468,1.6902031069741121,0.07836248402413099,2.5340790086818905,1.6902031069741121,1.5069084312984238,2.1121410578280013,1.9103968489848089,0.1398087230806468,0.12101220593834267,0.13041046450949473,0.4436091945991973,0.7351494736927637,0.5893793341459805,-0.41926489702567965,-0.043099382445606085,-0.23118213973564286,0.6046072288363251,2.0904698140826934,65.44022262010863,0.9717908242082336,0.7567454391984106,-3.2572491298124144e-06,1.016415013787633e-05,1.3421399267688744e-05,1.2909911432921675,6.566730420280037e-06,2.9089135860870364e-05,2.2522405440590327e-05,1.1277603484614531,1.415850162752713e-06,1.2409656740322238e-05,1.0993806577569525e-05,0.909598601818463,-1.0218624367966773e-07,1.1287928333738088e-06,1.2309790770534765e-06,0.9974946142859066,8.430505472326862e-09,6.248787680469753e-07,6.164482625746484e-07,1.305674917809248,6.76195035556414e-06,0.658582640765897,-3.1676984858204205e-06,1.1154228611187043,1.4158948957410446e-06,0.6336951693985285,-3.723097723259551e-05,0.3019905701145241,-6.47002805159817e-05,Train73.csv,Normal
837,12.417144963313659,44.70172186792917,0,0.944263558342079,-0.03257078161403382,0.9083896684581082,-0.13000417264931552,1.1414579893223173,3.3121220553007866,0.8717053239142958,-0.030497399203618186,0.9455091572853895,-0.024609818525996086,0.9454803178192466,-0.039500054879889945,0.9603256351872463,-0.02294748943270608,1.4195521965163458,0.15804571758902825,1.6665658874063563,0.35743118677911956,0.542940080459884,-0.4793612300461666,0.5390172399905395,-0.1324662952946166,1.6665658874063563,1.4195521965163458,0.9603256351872463,1.543059041961351,1.3488145730366494,0.35743118677911956,0.15804571758902825,0.2577384521840739,0.5390172399905395,0.542940080459884,0.5409786602252118,-0.4793612300461666,-0.1324662952946166,-0.3059137626703916,0.3647320446582494,1.1275486474158167,-2.8885614832867077,-0.10081247613283661,0.9646815168124354,-4.498956389501499e-06,0.00012315667312114148,0.00012765562951064298,0.885089560980849,-7.5667232141366845e-06,5.835917676857891e-05,6.592589998271559e-05,0.8793655713202061,-1.599939081519201e-05,0.00011670057424533437,0.00013269996506052638,0.909767236215145,-7.808124047450162e-07,7.973325715091102e-06,8.754138119836118e-06,0.8240849739702105,-3.8361562643926256e-07,1.8439170921848272e-06,2.22753271862409e-06,0.8694056829696342,-1.5083519583269656e-05,0.9184947741491115,-2.241089600471256e-06,0.9840329941343275,-1.6813790649388886e-06,0.6914608977986947,-0.00010343897869184493,1.0558831179469186,2.1191189526136153e-05,Train74.csv,Normal
0,0.0,0.0,1,0.8633427390272227,-0.004428778641264848,0.8969714767357979,-0.14499494927593437,0.8438967798365657,-3.486691807954088,0.8632921559740931,-0.005270663530665208,0.8970955197552171,-0.0027522697070183517,0.8670239050991344,-0.004560278130015579,1.0165047201639328,0.00048580008870734853,0.7967029936813708,-0.0076006759238013075,0.9231002770684192,-0.002796776274434261,0.6428812296979228,-0.008829579265308623,0.803146820334461,-0.005658350148071822,1.0165047201639328,0.9231002770684192,0.8970955197552171,0.969802498616176,0.9455668389958563,0.00048580008870734853,-0.0027522697070183517,-0.0011332348091555016,0.6428812296979228,0.7967029936813708,0.7197921116896469,-0.008829579265308623,-0.0076006759238013075,-0.008215127594554965,0.10227050796972742,0.37362349046600996,32.04977743553752,-0.09807125401119876,0.4867361590419037,-8.612782456883736e-08,9.115952532395473e-08,1.772873498927921e-07,0.631111213786069,-3.516785105822476e-07,6.187755560602066e-07,9.704540666424543e-07,0.8265913463718613,-6.54260983948172e-08,3.5953546100095874e-07,4.2496155939577594e-07,0.8702107176189545,-2.2300440682716644e-08,2.165678794909516e-07,2.3886832017366824e-07,0.833722272078292,-4.791381470767271e-08,2.9038186765179204e-07,3.3829568235946475e-07,1.0,0.0,1.0,0.0,1.0,0.0,1.0,0.0,1.0,0.0,Train75.csv,Normal
380,5.6374134839416845,20.294688542190066,0,0.8231473213232737,-0.05616799927873273,0.8958395352540701,-0.14745078321814598,0.9959471870700222,-0.08312176871566024,0.7115507143625462,-0.11757117653498628,1.2676760076894538,0.05320525015006869,1.1170309649792747,0.027671966991900332,0.6484364546666943,-0.12629264508675486,0.7514983642187745,-0.03246453835759591,1.549229774940876,0.11516423261892092,0.7215458787412402,-0.1010890481277279,0.6393154748384893,-0.17052290150908822,1.549229774940876,1.2676760076894538,1.1170309649792747,1.4084528913151648,1.3113122492032014,0.11516423261892092,0.05320525015006869,0.0841847413844948,0.6393154748384893,0.6484364546666943,0.6438759647525918,-0.17052290150908822,-0.12629264508675486,-0.14840777329792154,0.31998450183388427,0.9099143001023868,-3.0705735429435776,0.01747380717398883,0.8327547067401883,-1.0770224770078547e-05,5.367734267447554e-05,6.444756744455409e-05,0.5161110863412108,-2.2322988390680615e-05,2.3820142545542e-05,4.6143130936222614e-05,0.9593192856338605,-2.92411659558409e-07,7.131372733621285e-06,7.423784393179694e-06,0.7890008794160699,-2.1874823886426158e-07,8.553711557152589e-07,1.0741193945795205e-06,0.7228863942928555,-2.077422526594502e-07,5.68008602495463e-07,7.757508551549132e-07,0.6896640664590101,-1.4679034166191889e-05,0.9091515840954779,-6.244763729294287e-06,0.6741464809996552,-4.988006977821565e-05,1.2326706042797344,2.9493230320038104e-06,0.84294367543251,-3.178622296652229e-07,Train76.csv,Normal
299,4.435754293943589,15.96871545819692,0,1.0554355693466053,0.006641062337407064,0.8998829035899181,-0.12865410939040833,0.8965025318610196,-3.547691502539571,1.395715079947519,0.02315619970806569,1.158167318529925,0.02702185058348483,1.159512683144328,0.01125866939336971,1.2836128322858587,0.031163347519079773,0.8647259185496441,-0.024826907495371975,0.9329006672391597,-0.009845463543500826,1.1171620631601513,0.00835643811712583,1.0368965706078843,0.002568136117697614,1.395715079947519,1.2836128322858587,1.159512683144328,1.3396639561166888,1.2796135317925685,0.031163347519079773,0.02702185058348483,0.0290925990512823,0.8647259185496441,0.9329006672391597,0.8988132928944019,-0.024826907495371975,-0.009845463543500826,-0.0173361855194364,0.16312389107682526,0.530989161397875,-74.36035209612629,-0.3684510721270966,0.9783459614449271,-5.550027117928677e-08,2.9593521605137374e-06,3.014852431693024e-06,1.1477741079631574,5.092625748134764e-07,3.877815026897647e-06,3.3685524520841706e-06,0.9919203557659363,-1.5552614538411156e-07,2.0321284980068177e-05,2.0476811125452288e-05,1.4242456082032426,2.5570345342416697e-07,8.248572470598059e-07,5.691537936356389e-07,0.7776971984330818,-7.708086115650157e-08,3.046409729486268e-07,3.8172183410512837e-07,0.9030238779056474,-1.6801741432558335e-07,1.079371634325138,1.5708029497093874e-06,3.2708089335919674,1.1380600776263132e-05,1.9486627118765318,3.5635483693445157e-07,1.9190147540069324,1.604105211735521e-07,Train77.csv,Normal
0,0.0,0.0,1,0.8720691786668716,-0.003701577086578773,0.9188019233756536,-0.09935695986631887,0.9680583589305832,-1.1596187835156968,0.5682460107981134,-0.011820665891775564,0.8767448546958565,-0.004520511970908969,0.9586515309484741,-0.00102801875414682,0.8864990092812125,-0.004165799913937104,1.0539014806143663,0.0008676889273271614,0.7626870586474839,-0.00618908614922388,0.9652107056629751,-0.001065233375618254,0.912780888624207,-0.0024055986483119303,1.0539014806143663,0.9652107056629751,0.9586515309484741,1.0095560931386707,0.9925879057419386,0.0008676889273271614,-0.00102801875414682,-8.01649134098293e-05,0.5682460107981134,0.7626870586474839,0.6654665347227986,-0.011820665891775564,-0.00618908614922388,-0.009004876020499722,0.13936776207936866,0.48565546981625285,79.95394459041529,0.3047360543635813,0.4463852674458967,-8.092600132616777e-08,7.331457245097935e-08,1.5424057377714711e-07,0.7839514048000171,-1.875043642315202e-07,7.166620252731307e-07,9.041663895046509e-07,0.9170182170743967,-1.4751895133393702e-08,2.7352917645535275e-07,2.8828107158874645e-07,0.9324988812810174,-3.131680580252226e-09,1.8140851118933053e-07,1.8454019176958276e-07,0.7956856223428489,-5.1361740767434684e-08,2.3896827746751547e-07,2.9033001823495015e-07,1.0,0.0,1.0,0.0,1.0,0.0,1.0,0.0,1.0,0.0,Train78.csv,Normal
630,9.346238144429634,33.646457319946684,0,1.1444129380335601,0.03784428533793466,0.8927206737077862,-0.12418283422884113,1.0794700588625397,1.7347007329341437,0.5613154116896539,-0.17776661550933373,0.6099804859482109,-0.14907124982442707,2.1148996190170815,0.36755737687019135,0.6706557345338661,-0.08023812419307108,1.7170837576178275,0.07211897519035812,0.520584865477071,-0.09261630696421129,1.9763952217300942,0.09638442526348841,1.2764523172710311,0.032554413379093816,2.1148996190170815,1.9763952217300942,1.7170837576178275,2.0456474203735877,1.936126199455001,0.36755737687019135,0.09638442526348841,0.23197090106683987,0.520584865477071,0.5613154116896539,0.5409501385833624,-0.17776661550933373,-0.14907124982442707,-0.1634189326668804,0.6332446842259161,1.5943147535400106,-11.01503295626415,-0.20454873450589828,0.9400728640135994,-7.11774444057991e-07,1.1322426103449975e-05,1.2034200547507966e-05,1.2029041838243157,4.8142279134735265e-06,2.848155098746819e-05,2.3667323073994663e-05,1.1255537248840184,1.4637682671196075e-06,1.303262240675219e-05,1.1568854139632583e-05,0.8806841732751902,-1.3827970591577029e-07,1.0944699777264736e-06,1.2327496836422439e-06,0.8678472807191057,-7.969158311178222e-08,5.890048795855933e-07,6.686964626973755e-07,1.1944902780943154,4.618934482312304e-06,0.9352621362488343,-5.322050942903559e-07,0.9337803136124303,-7.258130172526953e-07,0.9038501629209643,-8.145951374890703e-06,1.6344776172326967,2.9511237415420584e-05,Train79.csv,Normal
672,9.96932068739161,35.889554474609795,0,0.9798080113936775,-0.003341300842699041,0.9194027015559181,-0.10172456573874555,1.009062974005564,0.2817526792310048,1.1027259638315152,0.01483486034012041,1.0009827117516858,0.0001248879244602208,1.0922309747346695,0.017877651274585543,0.9999384231328287,-1.4692727659360028e-05,0.8083617942827772,-0.04062489977486847,0.8871861164007357,-0.01580146187430849,1.0494328114422191,0.006472705197211576,0.7502236530027342,-0.018977201181683674,1.1027259638315152,1.0922309747346695,1.0494328114422191,1.0974784692830923,1.0814632500028012,0.017877651274585543,0.01483486034012041,0.016356255807352976,0.7502236530027342,0.8083617942827772,0.7792927236427557,-0.04062489977486847,-0.018977201181683674,-0.02980105047827607,0.12319465783485878,0.35250231082878103,26.0042039471042,0.06024805024122326,0.9992705826686328,6.704887600193908e-09,4.51416321783959e-06,4.507458330239396e-06,0.8110110344477786,-2.8691309671639402e-06,1.2355255647690449e-05,1.5224386614854389e-05,0.999059608363517,-2.6253797177727917e-08,3.851555352569241e-05,3.854180732287014e-05,0.8119621499337959,-1.8393081699603984e-07,8.374084422422512e-07,1.021339259238291e-06,0.864970896554286,-4.292301363904315e-08,3.3901481523293725e-07,3.819378288719804e-07,0.8110110344477786,-2.8691309671639402e-06,1.1085043353356514,2.667328587680737e-07,0.9707503737234888,-2.0766904093394283e-07,0.7606959669512974,-5.910538350660792e-06,0.9725636868173626,-2.3199720362358203e-07,Train80.csv,Normal
312,4.628613176288962,16.663007434640264,0,1.0652698381981383,0.015385703520593624,0.872179057221139,-0.17515503880840844,0.5965376250803462,-15.459508073461986,1.5854175684860277,0.12729225481541684,1.1492730614686004,0.04338724471969291,1.0294245995229339,0.00755485780313031,0.8035130948191206,-0.05403001913794783,1.090020462475707,0.018715125799434712,1.1315962474676278,0.027402677585650598,0.7971729606717092,-0.046213339241636425,0.6876699197467886,-0.056508774169246684,1.5854175684860277,1.1492730614686004,1.1315962474676278,1.367345314977314,1.2887622924740854,0.12729225481541684,0.04338724471969291,0.08533974976755487,0.6876699197467886,0.7971729606717092,0.7424214402092488,-0.056508774169246684,-0.05403001913794783,-0.05526939665359726,0.2643834117201459,0.8977476487392391,-2.139309202755328,-0.09709295355899084,1.046344643086889,2.1694172074288818e-06,4.875417042152329e-05,4.658475321409441e-05,1.1709120136181699,3.0805223185111974e-06,2.1036037167402816e-05,1.7955514848891618e-05,1.093636435265849,7.138467684098082e-07,8.220651166307625e-06,7.506804397897816e-06,1.0267537783540632,3.1828546783131995e-08,8.377337432099652e-07,8.059051964268332e-07,0.7906415718785271,-1.08243292790733e-07,4.465454948005003e-07,5.547887875912333e-07,0.9821950437434895,-5.881974235036672e-07,1.5745203400903147,2.241850842128973e-05,1.0553247880001209,2.962688908516892e-06,0.6629424090678117,-3.6565103747881373e-06,0.4623642795738423,-2.288244893082321e-06,Train81.csv,Normal
1156,17.14960523009628,61.73857882834661,0,0.8542915182047743,-0.06151909344702039,0.920699491108742,-0.10004750465908296,0.7939015721269723,-5.5314755469636125,0.9951970161524418,-0.0010733970856603159,0.5513673672404048,-0.3228241828724825,0.9056824433353854,-0.051476607521683315,1.0701023642339982,0.03782511957294277,1.237840602734265,0.05887464810283097,0.8522804218446843,-0.051541685680721316,1.0379623307895096,0.008384497295899851,0.7532391567008507,-0.04780182765653457,1.237840602734265,1.0701023642339982,1.0379623307895096,1.1539714834841317,1.1153017659192577,0.05887464810283097,0.03782511957294277,0.04834988383788687,0.5513673672404048,0.7532391567008507,0.6523032619706277,-0.3228241828724825,-0.051541685680721316,-0.1871829342766019,0.1972862132475379,0.6864732354938602,34.759171546700145,0.25615852182652876,0.702551832115262,-8.33110511953418e-06,1.9701108684809643e-05,2.8032213804343823e-05,1.0222813695709236,5.969890588710983e-07,2.693137767477974e-05,2.633438861590864e-05,0.8522010479215328,-2.9004579396697838e-05,0.0001672965512890858,0.00019630113068578364,0.6256440789759359,-3.494072888352535e-06,5.856198157359837e-06,9.350271045712372e-06,0.775874362616904,-3.170207486663121e-07,1.1320749285825082e-06,1.4490956772488203e-06,0.8554345513332107,-2.872728342011665e-05,1.0643678090970674,1.304772457527999e-06,0.7610811459349548,-2.451112806292059e-06,0.7734175475250745,-8.326086150366586e-06,0.6589168867486568,-6.524561715676828e-05,Train82.csv,Normal
921,13.663310049237607,49.18791617725539,0,1.3370020694576354,0.1413109068577882,0.9654779172241994,-0.04682312411520728,1.0145085561221836,0.3539219259613908,1.26200624311321,0.033076395015923854,0.8598655241883325,-0.05091542713818181,1.0985206168006794,0.03660460214167838,0.9460231477176033,-0.0205274745951034,1.3327440428754844,0.24751623500040354,0.9286605812622265,-0.024365651942346633,1.8774342950220264,0.45076098366821016,1.3935835570666983,0.08075251154865729,1.8774342950220264,1.3935835570666983,1.3327440428754844,1.6355089260443623,1.534587298321403,0.45076098366821016,0.24751623500040354,0.34913860933430685,0.8598655241883325,0.9286605812622265,0.8942630527252795,-0.05091542713818181,-0.024365651942346633,-0.03764053954026422,0.31240104478651093,1.017568770833694,-29.68816568753843,-0.23922466827414457,2.2372148332493262,7.973566149331925e-05,0.00014416528778193552,6.442962628861627e-05,3.023051214157709,6.48030731620563e-05,9.682047449951215e-05,3.201740133745585e-05,1.2054760651661471,2.3167061132047507e-05,0.0001358566162521186,0.00011268955512007109,1.497663826289188,3.209933809092715e-06,9.62984420252618e-06,6.419910393433465e-06,1.8255548484842266,1.376626392668505e-06,3.0220299012030643e-06,1.6454035085345593e-06,1.6167797723419877,7.81871195374646e-05,1.6502783929245604,1.5515802555705523e-05,3.0175667089175486,5.397442226624269e-05,3.0804599418115317,0.00025405923971924326,1.5797136775307234,7.850651108211613e-05,Train83.csv,Side I
702,10.414379646650165,37.49176672794059,0,0.9881448850492973,-0.004097471446258882,0.9193131773471318,-0.10837275557064951,1.0956213606161933,3.4331049888262015,0.6731764852091355,-0.07636918891530878,1.001275804844121,0.0003417641299925944,1.041681961936599,0.011961572074018212,0.8983591033588302,-0.020707961364253846,0.969764158484467,-0.009222490068707734,0.5924749857958794,-0.2649810304723869,1.4477984838605134,0.13631352029739502,1.7097361811664944,0.2210149854657204,1.7097361811664944,1.4477984838605134,1.041681961936599,1.5787673325135039,1.3997388756545355,0.2210149854657204,0.13631352029739502,0.1786642528815577,0.5924749857958794,0.6731764852091355,0.6328257355025075,-0.2649810304723869,-0.07636918891530878,-0.17067510969384786,0.3493129775836878,1.1172611953706149,31.007278461281658,0.05062614001608168,0.7885605046428649,-9.122315642234211e-06,3.4058837584882296e-05,4.318115322711651e-05,0.8516779537304139,-6.484830059313087e-06,3.7293873121792304e-05,4.377870318110539e-05,1.290779534725002,2.281969192983744e-05,0.00010125294259192129,7.843325066208385e-05,0.9440692382648784,-1.6103360336581558e-07,2.8869187301961887e-06,3.0479523335620043e-06,1.4600743911588057,4.474936160975101e-07,1.3884129119869844e-06,9.409192958894743e-07,0.8577088234720587,-6.259361349558845e-06,1.155937250387399,1.8909296515361728e-06,0.9646593514723757,-1.9747586193800273e-06,1.0007789720315658,1.2472243957756257e-07,0.7687442180100941,-7.159126306805259e-06,Train84.csv,Normal
368,5.459389900238262,19.653803640857745,0,0.9715248372577114,-0.00922456873864258,0.8987332654174716,-0.13582129592768544,0.9158875559030302,-2.1556153763096475,0.6596857084044381,-0.062319105554989776,0.9351262267059087,-0.011877098130042452,1.0568763919685813,0.016932126630818334,1.263428828356247,0.08501644299710887,0.7961315001371897,-0.09309459344046594,1.145997908294553,0.056725303579665654,0.9727136061841088,-0.009235010667706156,0.6486138243928549,-0.11424031315256664,1.263428828356247,1.145997908294553,1.0568763919685813,1.2047133683253999,1.1554343762064603,0.08501644299710887,0.056725303579665654,0.07087087328838726,0.6486138243928549,0.6596857084044381,0.6541497663986464,-0.11424031315256664,-0.09309459344046594,-0.10366745329651629,0.20789450640508864,0.6148150039633921,0.9384307884366194,0.02027196428023803,1.1381213343841812,9.986924890393827e-06,8.220997226773274e-05,7.222304737733891e-05,0.7358030180803591,-1.1101175623872711e-05,3.094523071029324e-05,4.204640633416595e-05,1.027370796257549,2.7639515189542934e-07,9.999219487320355e-06,9.722824335424925e-06,0.8018607044598838,-2.2473596066931362e-07,9.499657413804337e-07,1.1747017020497473e-06,1.0515449353676098,4.550334972349542e-08,7.242877951843625e-07,6.787844454608671e-07,0.909480316555648,-4.15721362059419e-06,0.9067707786164269,-8.986241392548147e-06,0.9002420545351191,-1.762724266925127e-05,0.9260125442248086,-2.7907574103733983e-06,1.6640291559097626,1.1217513276230477e-06,Train85.csv,Normal
0,0.0,0.0,1,0.8573092946502975,-0.004520066041306191,0.8963374069662665,-0.1399399640803891,0.8390852313754968,-3.131336430020035,0.8547473161791944,-0.005416015874818263,0.8682637748035833,-0.004899984033451002,0.8744466586574406,-0.0035142792617438197,1.050209050340356,0.001619028897481778,0.7039355653779021,-0.010689367617887087,0.8204631809815226,-0.0038345535750003087,1.0324726339138652,0.0006987554556781884,0.732975062330045,-0.009280275474385823,1.050209050340356,1.0324726339138652,0.8744466586574406,1.0413408421271106,0.9857094476372206,0.001619028897481778,0.0006987554556781884,0.0011588921765799832,0.7039355653779021,0.732975062330045,0.7184553138539735,-0.010689367617887087,-0.009280275474385823,-0.009984821546136455,0.11612063224092811,0.3462734849624539,38.821403408435,0.015126633283800928,0.384368239219171,-1.0939740754831007e-07,7.454549006449963e-08,1.839428976128097e-07,0.7965614620238058,-2.2439974322797314e-07,9.177897365027644e-07,1.1421894797307375e-06,0.7779314545035075,-5.476685162361098e-08,2.2688567160433065e-07,2.816525232279416e-07,0.8574925033880627,-2.2541308216899908e-08,1.95806736556585e-07,2.183480447734849e-07,0.8015662314834282,-6.788764481239908e-08,3.1462440288322516e-07,3.8251204769562424e-07,1.0,0.0,1.0,0.0,1.0,0.0,1.0,0.0,1.0,0.0,Train86.csv,Normal
265,3.9313541401172274,14.152874904422019,0,1.0991498010980165,0.0059645596800362785,0.9217658200423081,-0.10859441490237698,1.0253821593048262,0.5788645542626512,1.716594872483163,0.035349157591766045,1.0157801358268566,0.0007169549857758833,1.0604732890908948,0.003204668978991243,1.1062324668310848,0.008276351031100193,1.0006173440661665,5.5445485819483054e-05,1.1202643818616411,0.006669631087016702,0.7959401193841964,-0.012346670324021009,1.0393651450334689,0.00109623431661433,1.716594872483163,1.1202643818616411,1.1062324668310848,1.4184296271724022,1.3143639070586297,0.035349157591766045,0.008276351031100193,0.02181275431143312,0.7959401193841964,1.0006173440661665,0.8982787317251815,-0.012346670324021009,5.5445485819483054e-05,-0.006145612419100763,0.24872629669341484,0.9206547530989666,-53.800208921217404,-0.33021127909515613,1.3791088135506915,1.2268924473562117e-07,4.099370023917571e-07,2.872477576561359e-07,0.566199588474557,-8.486477891694293e-07,1.1207136091981433e-06,1.9693613983675726e-06,1.1936855673828293,2.915370615563138e-06,1.7905820338389034e-05,1.4990449722825896e-05,0.801490081756547,-5.73316153544577e-08,2.718535293992774e-07,3.291851447537351e-07,0.8216878837387674,-6.553872611691191e-08,3.4809331695886777e-07,4.136320430757797e-07,1.1806223567480558,4.96922511515712e-08,1.859257281459111,1.4932044932612229e-06,2.5515400636462235,6.937745945438263e-07,1.3837940354907192,3.574563668373201e-08,0.9458476807000942,6.990326528053478e-09,Train87.csv,Normal
371,5.503895796164118,19.814024866190824,0,1.177309555105534,0.0396558504061523,0.9431497265876752,-0.07135181714240346,0.9530610667270809,-1.1683684612351968,1.3086748988383945,0.02519514236967621,1.710581895862963,0.20898078593839975,0.8366815362294593,-0.02012103015552555,0.8799562054013612,-0.0281975256987263,1.3683477794571086,0.09389218307339203,1.0218762254693075,0.004902155231140348,0.7585170171827207,-0.04784900575855533,0.6986404208841411,-0.08640421228109016,1.710581895862963,1.3683477794571086,1.3086748988383945,1.5394648376600357,1.4625348580528221,0.20898078593839975,0.09389218307339203,0.1514364845058959,0.6986404208841411,0.7585170171827207,0.728578719033431,-0.08640421228109016,-0.04784900575855533,-0.06712660901982274,0.3324255896833966,1.0119414749788218,-28.50770059652106,-0.45511220808716857,1.1990180177777159,5.2865718459898924e-06,3.178960772540116e-05,2.650303587941127e-05,1.3635693227123415,9.917222305445587e-06,3.715710750349967e-05,2.7239885198054083e-05,0.9742942166284693,-1.4895928496376158e-07,6.0248353369036975e-06,6.173794621867459e-06,0.8149621666707766,-2.001675674607117e-07,9.25641059777032e-07,1.1258086272377437e-06,0.9967159370919668,8.472025924759929e-09,4.6374145529606875e-07,4.552694293713088e-07,1.0296379561609204,5.445170215361967e-07,1.2095323480742426,4.621960938641422e-06,2.4718537300406784,5.886506110222466e-05,1.2825665063721166,9.796061167359229e-06,0.9632383158634285,-1.4581499477908515e-07,Train88.csv,Normal
1303,19.330394130463198,69.58941886966751,0,1.0293147642466003,0.02394095959716236,0.9637494038227111,-0.04813598651231921,0.9758570859590083,-0.4938026862003362,0.6628499316199836,-0.239600375329646,0.5261483840719139,-0.4829866415095786,1.3351678754950527,0.2648679027282559,0.6553637688920171,-0.3127150889886159,1.5388113496157036,0.39034091814411764,0.6843252857544543,-0.3390749140493238,1.850757481133877,0.35598652188608343,1.624519506446504,0.4373129360041844,1.850757481133877,1.624519506446504,1.5388113496157036,1.7376384937901905,1.6713627790653616,0.4373129360041844,0.39034091814411764,0.41382692707415103,0.5261483840719139,0.6553637688920171,0.5907560764819655,-0.4829866415095786,-0.3390749140493238,-0.4110307777794512,0.4970852723044359,1.324609097061963,5.39652380191643,-0.12416675750876127,0.8147279654830855,-4.914383627216301e-05,0.00021615245455758154,0.00026529629082974455,0.9912746766813926,-3.576276487832176e-06,0.0004074330470235557,0.00041100932351138787,1.2114473960519974,9.638189187185532e-05,0.0005521443140971751,0.0004557624222253198,1.1549418735171841,5.924920199643846e-06,4.4090011705735895e-05,3.816509150609205e-05,0.746190136345241,-2.0179804113285753e-06,5.962175613841134e-06,7.98015602516971e-06,1.2081994534485077,9.957821629701845e-05,0.9668482755669422,-1.2290557812220167e-05,0.8827302458895272,-2.1270163721474032e-05,1.0756036533165692,9.556333450599409e-06,1.2549671900211876,0.0002236285597240356,Train89.csv,Normal
0,0.0,0.0,1,0.8753999149705315,-0.0036956274568092883,0.9184232668387307,-0.10361058194439754,1.1011225590503158,2.942664331403673,0.7412611855460816,-0.006836198277564369,0.7814508428043411,-0.006023645375473341,0.8207735611396072,-0.0054474091186290305,0.8425652851336916,-0.005846172143739274,1.2778098539346285,0.0049326058859507915,0.974488040351596,-0.0007814131560751336,0.8942976400106601,-0.0035712800311080255,0.8422156758463112,-0.00468673704914414,1.2778098539346285,0.974488040351596,0.8942976400106601,1.1261489471431123,1.0488651780989615,0.0049326058859507915,-0.0007814131560751336,0.002075596364937829,0.7412611855460816,0.7814508428043411,0.7613560141752114,-0.006836198277564369,-0.006023645375473341,-0.006429921826518855,0.15827539232987234,0.536548668388547,-4.395219349173431,0.040822640941065025,0.6047006876849299,-4.46338644628433e-08,8.357498832488384e-08,1.2820885278772714e-07,0.6700410651547876,-3.430158605916508e-07,7.16862306996854e-07,1.0598781675885048e-06,0.6037791316414631,-1.4724498665902972e-07,2.3961696387493375e-07,3.8686195053396347e-07,0.6889446468001422,-6.407056646379242e-08,1.6405607466879395e-07,2.2812664113258637e-07,0.7147004799642391,-9.435995903454864e-08,2.6143090882764637e-07,3.55790867862195e-07,1.0,0.0,1.0,0.0,1.0,0.0,1.0,0.0,1.0,0.0,Train90.csv,Normal
178,2.6406831582674206,9.506459369762714,1,1.0967351299662236,0.02179839103039266,0.9159164966888709,-0.11516703650929871,0.8823801848325402,-3.016630887894621,2.4243997165431654,0.16727629257792329,1.1967477737733918,0.05163133694405514,0.6975676155981686,-0.08516064431229525,1.4219751838031687,0.0952740895151927,0.7460219884930825,-0.0733297951470783,1.300061814777054,0.05944429317176825,0.7077009407918478,-0.06549439539943716,1.1978604675687003,0.02832146195803109,2.4243997165431654,1.4219751838031687,1.300061814777054,1.9231874501731672,1.7154789050411294,0.16727629257792329,0.0952740895151927,0.131275191046558,0.6975676155981686,0.7077009407918478,0.7026342781950081,-0.08516064431229525,-0.0733297951470783,-0.07924521972968677,0.5313052487000669,1.7268321009449967,-11.607300996969428,-0.1848216824455955,1.124003377164478,6.821289221017593e-06,6.173954502152776e-05,5.491825580051017e-05,1.3388182103239712,7.441333498161679e-06,2.9364432935337698e-05,2.192309943717602e-05,1.0320850315929215,1.0402833998736192e-07,3.024626669462153e-06,2.920598329474791e-06,0.8477053302065752,-5.9596112283163494e-08,3.8738713196015075e-07,4.4698324424331425e-07,0.9274995855273999,-2.1717929320356454e-08,4.0576824991167423e-07,4.274861792320307e-07,1.0,0.0,1.0,0.0,1.0,0.0,1.0,0.0,1.0,0.0,Train91.csv,Normal
0,0.0,0.0,1,0.9069195142860788,-0.002783334942683603,0.9198439425958913,-0.10244098423989367,0.9609469158831137,-1.1646309130539763,1.054364955568656,0.0011959993365874728,1.0137014903314143,0.000251498575569626,0.9576327580227687,-0.0013612099499409128,0.4028002046676627,-0.012898632410503567,0.9042513641439339,-0.0034776035778780884,0.9540754987540183,-0.0016352725554036537,0.7676219596563607,-0.008962088920511382,1.0691700530908796,0.0019058481897046044,1.0691700530908796,1.054364955568656,1.0137014903314143,1.0617675043297679,1.04574549966365,0.0019058481897046044,0.0011959993365874728,0.0015509237631460386,0.4028002046676627,0.7676219596563607,0.5852110821620117,-0.012898632410503567,-0.008962088920511382,-0.010930360665507476,0.2048295495542614,0.666369848423217,-3.4640242945301907,-0.159636452366394,0.5961573350360146,-5.739728432623268e-08,9.94926710286409e-08,1.5688995535487358e-07,0.8989473519898636,-9.826171129257142e-08,9.63077965840004e-07,1.0613396771325754e-06,0.7978309452054935,-5.6811087422694074e-08,2.6366029698677357e-07,3.2047138440946764e-07,0.9101510965320767,-9.696595021360818e-09,1.995224968220099e-07,2.0921909184337072e-07,0.8650593066427645,-3.355982650689368e-08,2.792473669582794e-07,3.1280719346517307e-07,1.0,0.0,1.0,0.0,1.0,0.0,1.0,0.0,1.0,0.0,Train92.csv,Normal
1096,16.25948731157917,58.534154321685016,0,0.6858908776370997,-0.26432388008548724,0.8997691766629627,-0.14395300458751215,1.1855680462058318,3.4718671283813336,0.38252859969541175,-0.7878653149831342,0.4247300451014635,-0.7599853315328041,1.6302127517862972,0.40203064417244005,0.7637994691051349,-0.2453692148691795,0.6387920176514092,-0.21648518639877556,0.9332019419186969,-0.020136003647484357,0.6998445892196187,-0.15662206227465436,0.709302363167224,-0.08386467438428871,1.6302127517862972,0.9332019419186969,0.7637994691051349,1.281707346852497,1.1090713876033764,0.40203064417244005,-0.020136003647484357,0.19094732026247785,0.38252859969541175,0.4247300451014635,0.40362932239843763,-0.7878653149831342,-0.7599853315328041,-0.7739253232579691,0.3643047247863876,1.2476841520908855,135.07975747936683,1.603786979647881,0.6991522449887467,-5.018972231355179e-05,0.00011666116156332492,0.0001668508838768767,1.0024834256835191,4.591778133965381e-07,0.00018131942344927268,0.00018086024563587614,1.1134988048133756,2.586629438774095e-05,0.0002536674544282018,0.00022780116004046083,0.9446143693301462,-9.037772999492813e-07,1.5584677062630508e-05,1.648845436257979e-05,0.8262094065224638,-7.703220952627304e-07,3.70969131483356e-06,4.48001341009629e-06,1.101203740459057,3.031329126662217e-05,0.8668420113493152,-1.692584382091827e-05,0.7161529947567012,-2.570218181480104e-05,0.5846499476236643,-9.005056480343909e-05,0.20611819140518162,-0.0016116961804509586,Train93.csv,Side II
367,5.444554601596311,19.60039656574672,0,0.8580681244210581,-0.04310410989933522,0.9431643546751696,-0.07587186823902803,0.9922263767973601,-0.14492861180180228,0.660041012360009,-0.04915270538623728,0.5205105295466278,-0.15736455016902398,1.1139513178766092,0.03163735522887817,1.1817035781632546,0.04849731591912548,0.6956573673182211,-0.12583325797659944,1.3508097604515057,0.0867746430141757,0.6945820914708201,-0.09332391941771945,0.7211855308052163,-0.10259951704145154,1.3508097604515057,1.1817035781632546,1.1139513178766092,1.26625666930738,1.2154882188304563,0.0867746430141757,0.04849731591912548,0.06763597946665059,0.5205105295466278,0.660041012360009,0.5902757709533184,-0.15736455016902398,-0.12583325797659944,-0.14159890407281173,0.2822519935659281,0.8302992309048779,-4.240748061721916,-0.14400586371779323,0.8573426003890307,-9.43257920153616e-06,5.674802308959157e-05,6.618060229112773e-05,0.5463187709850352,-1.6779601655976572e-05,2.0217884178141472e-05,3.6997485834118045e-05,0.8651735350038187,-7.837066547526519e-07,5.093169150936772e-06,5.876875805689424e-06,0.9292160565843006,-6.644562876218358e-08,1.0035398181241837e-06,1.0699854468863673e-06,1.0200641542388555,2.2519818491498485e-08,6.365091649874994e-07,6.13989346496001e-07,0.8667571655692536,-4.260200172224194e-06,0.9445826299456085,-4.651102133596726e-06,0.9407687990101007,-6.144429257915672e-06,0.4349759952142659,-1.412344583413099e-05,0.46717662658665376,-1.530902138046779e-06,Train94.csv,Normal
362,5.370378108386552,19.33336119019159,0,0.8743134137536155,-0.040815822891761444,0.9470393768553205,-0.06409175952072643,0.872046052711412,-3.684371935129004,0.6219279844214459,-0.06665405886298346,1.137299573976162,0.03260830761348801,0.7589871755142367,-0.08547673464307703,1.498567823643703,0.12343234353945337,0.7103884845955499,-0.1434054159316459,0.9212246418140253,-0.02908410206889034,0.8786306842073615,-0.037581734705747216,0.629949283820601,-0.11207238873478226,1.498567823643703,1.137299573976162,0.9212246418140253,1.3179336988099326,1.1856973464779637,0.12343234353945337,0.03260830761348801,0.07802032557647069,0.6219279844214459,0.629949283820601,0.6259386341210235,-0.1434054159316459,-0.11207238873478226,-0.12773890233321408,0.27869312248725736,0.8766398392222571,36.955088326587344,0.20112454040625405,0.8073328055964795,-1.466153004247294e-05,6.147807128376535e-05,7.613960132623828e-05,0.41658828307123036,-2.4808237654773052e-05,1.7721596453157933e-05,4.2529834107930985e-05,0.8437737914072992,-1.4751958616856283e-06,8.021505191002016e-06,9.496701052687644e-06,0.6746255079024835,-1.2056742408269916e-06,2.5205566880026953e-06,3.726230928829687e-06,3.118193051856107,2.0104831832765225e-06,2.9449122954028046e-06,9.344291121262819e-07,0.7175354632636012,-1.3817572975965475e-05,0.8590433683460097,-1.1923923787533977e-05,0.5180271265124289,-7.79143824044775e-05,0.4287282243090274,-2.448280596030513e-05,0.47616944846125886,-1.5604341735568495e-06,Train95.csv,Normal
666,9.8803088955399,35.56911202394364,0,1.0225072932533779,0.0067815743838191556,0.9477778940742296,-0.06714941542082453,0.8182317581008538,-8.394321675784212,0.6362529573705543,-0.09124478058134827,0.9378255681899754,-0.015368390232099405,1.315531684042864,0.05608351856565513,0.7807763235038921,-0.061252811957981296,0.9404127318332363,-0.016746009209089252,0.7044665271166628,-0.15275237632621358,1.1647553216864772,0.0314662747341751,1.7215127281097553,0.23928066466049797,1.7215127281097553,1.315531684042864,1.1647553216864772,1.5185222060763097,1.4005999112796987,0.23928066466049797,0.05608351856565513,0.14768209161307655,0.6362529573705543,0.7044665271166628,0.6703597422436085,-0.15275237632621358,-0.09124478058134827,-0.12199857845378093,0.3386250614171038,1.085259770739201,49.93914746272844,0.1704633786132037,0.8041740438587991,-5.193876022685198e-06,2.137010898537435e-05,2.6563985008059546e-05,1.0685266025674867,2.3322827001191166e-06,3.6211058928768064e-05,3.387877622864895e-05,1.5740904621520206,4.274348214131089e-05,0.00011717032608594162,7.442684394463073e-05,1.2422413407821287,5.426173598211566e-07,2.731322824798712e-06,2.1887054649775555e-06,2.271142150704927,9.79759709133535e-07,1.7326639276709685e-06,7.529042185374336e-07,1.0595303557732731,1.9993224519600296e-06,1.0467629392685986,5.680728228331234e-07,1.5676960321907085,1.8336832121990184e-05,0.9776681576219175,-2.130428167051898e-06,0.5810987086585587,-1.1528657221014636e-05,Train96.csv,Normal
870,12.906709818498065,46.46415534659304,0,1.0828714093453375,0.03962765916825822,0.9293465911351556,-0.09885037422734722,0.6121489176505877,-10.35003829333455,1.191211311123057,0.04743687686503409,1.3500448096509743,0.17160376894807133,1.2243594985611266,0.10983032106105478,1.1855151809025928,0.10625861642092405,0.7783793650266407,-0.15141602913720242,1.0172529341191048,0.005762664063084122,1.0593092504789525,0.034116493907023315,0.7682797035185415,-0.05204001233566541,1.3500448096509743,1.2243594985611266,1.191211311123057,1.2872021541060503,1.2552052064450525,0.17160376894807133,0.10983032106105478,0.14071704500456306,0.7682797035185415,0.7783793650266407,0.7733295342725911,-0.15141602913720242,-0.05204001233566541,-0.10172802073643392,0.19660761004713823,0.5817651061324328,28.201277601840104,0.5051095940213788,0.889077668114981,-1.1583918850209055e-05,9.292893649534201e-05,0.00010451285534555107,1.0355867848591742,1.8776100055053799e-06,5.434804657475355e-05,5.247043656924817e-05,1.089422633082022,5.922594729448972e-06,7.203226181670313e-05,6.610966708725416e-05,1.0057535342359178,4.109969489505746e-08,5.4364199067589205e-06,5.395320211863863e-06,1.306545571838686,4.5215871733773e-07,1.884550185221689e-06,1.432391467883959e-06,1.0431279859930527,4.102547056201617e-06,1.3542893775529954,8.814238900827849e-06,1.012924957481865,3.89209341379012e-07,0.8672407576770145,-3.369568259084486e-05,0.5039866255306921,-0.00020803761900249165,Train97.csv,Normal
378,5.607742886657781,20.187874391968013,0,0.8049378477776166,-0.05598677284407699,0.892263037659989,-0.136775986683066,0.8399916013999243,-4.874036231922368,0.6271514669811135,-0.12194688688923652,0.46131157357868996,-0.18766766652702405,0.94981054340622,-0.007397476302351824,0.9618892893241068,-0.007763207636023339,0.6941473576145009,-0.10036344087354834,1.8111456537689143,0.1736175259116076,0.773251705994441,-0.06192741427118886,0.6244460716012116,-0.14022012933267058,1.8111456537689143,0.9618892893241068,0.94981054340622,1.3865174715465105,1.240948495499747,0.1736175259116076,-0.007397476302351824,0.08311002480462788,0.46131157357868996,0.6244460716012116,0.5428788225899508,-0.18766766652702405,-0.14022012933267058,-0.16394389792984732,0.3915908776284256,1.3498340801902244,19.23873287184081,0.28020582283487894,0.8710375503300503,-5.647456265681035e-06,3.821156359366575e-05,4.385901985934679e-05,0.47597039378147543,-1.4858072512435529e-05,1.350450860893612e-05,2.836258112137165e-05,0.7098066524874651,-1.2990744156337094e-06,3.2019677114679945e-06,4.501042127101704e-06,0.8665230005311454,-1.2522162547637977e-07,8.778489860482089e-07,1.0030706115245887e-06,0.7889780341489592,-1.2634726300395563e-07,5.097810320011356e-07,6.361282950050913e-07,0.8567656208264655,-4.445596133295155e-06,0.5904192577392563,-2.3138097934039257e-05,0.48888517947540133,-8.670226838749917e-05,0.40226415574802155,-1.5595324638535417e-05,0.34210933298584995,-2.186419918733314e-06,Train98.csv,Normal
471,6.987425660359298,25.154732377293474,0,0.9298125436124377,-0.01878849107627728,0.9315416890402304,-0.08678060353922201,0.8848445020541531,-5.125581667620025,1.0995612628346305,0.019202564649864445,0.8479539278403947,-0.0845248079251883,1.139946238965577,0.014273463693364213,1.1701352930390745,0.024211874149344392,0.6870611244585249,-0.0983914689985145,1.3631088762571255,0.09178004631352832,1.0050188414983634,0.0005712690008052163,0.6497076071523251,-0.0503615887096837,1.3631088762571255,1.1701352930390745,1.139946238965577,1.2666220846481,1.2243968027539258,0.09178004631352832,0.024211874149344392,0.057995960231436355,0.6497076071523251,0.6870611244585249,0.6683843658054249,-0.0983914689985145,-0.0845248079251883,-0.0914581384618514,0.23288793460734689,0.7134012691048004,53.18431050661545,0.3043866396780759,0.7280540766987006,-4.521582012389027e-06,1.2131958876099723e-05,1.665354088848875e-05,1.3405121197348937,6.444368875568489e-06,2.5330521178687612e-05,1.8886152303119123e-05,1.1320462641404963,5.524152707296207e-06,4.727340082528297e-05,4.1749248117986765e-05,1.3808223000891033,4.792688676288938e-07,1.7015204125596822e-06,1.2222515449307883e-06,0.7992357479340639,-1.2700924933147088e-07,5.454292222669168e-07,6.724384715983877e-07,0.9496278831027791,-2.713497245654883e-07,0.7032742352088465,-4.185677672594347e-06,0.6980063643483935,-2.8477324026282834e-05,1.1860680013472298,4.642412523716108e-06,0.5409536840044616,-3.621760530343557e-06,Train99.csv,Normal
871,12.921545117140017,46.51756242170406,0,1.0895350878916945,0.05345904720920158,0.9736896129283487,-0.03481828517391761,0.7381437404582819,-6.424678653668057,0.9840238052239261,-0.0033969006750091957,1.1637258048168238,0.07262068448607994,1.1899946629467073,0.09184744105659043,1.199400363038058,0.09514506926312843,1.0096615276064502,0.011107671501870975,1.1078097227280774,0.034811214814212954,1.2139121694278547,0.16503366444727996,0.7108887376546518,-0.10319933861930564,1.2139121694278547,1.199400363038058,1.1899946629467073,1.2066562662329563,1.2011023984708733,0.16503366444727996,0.09514506926312843,0.1300893668552042,0.7108887376546518,0.9840238052239261,0.8474562714392889,-0.10319933861930564,-0.0033969006750091957,-0.053298119647157416,0.15890814831201364,0.503023431773203,-29.370547137898626,-0.4719373967208753,1.4555790189651192,5.020798157630646e-05,0.00016038299775711045,0.00011017501618080399,1.1493408128347256,1.1064416062515008e-05,8.507581619208888e-05,7.401140012957388e-05,1.0746539751716004,6.428078494599357e-06,9.238909986146816e-05,8.59610213668688e-05,1.1451852706379844,1.3592369622861359e-06,1.0642445263356998e-05,9.283208301070863e-06,1.2103534802407643,5.229846805910111e-07,2.9516639931646105e-06,2.4286793125735993e-06,1.0975889985880807,1.2099339346717807e-05,1.2321046174627235,9.133729937439433e-06,1.2227970627276274,1.0570677520390392e-05,1.5630740014000335,0.00014115715406234978,2.0121154502236593,0.00030523377277155364,Train100.csv,Side I
268,3.9758600360430827,14.313096129755097,0,1.0019136792874004,0.00039136481239374077,0.8931527734654826,-0.13688614189326898,0.9961612280672868,-0.1346106883774425,0.7679901529276051,-0.0519860650656723,2.1182954121579463,0.08524509153647908,0.6534466759925761,-0.10661895269737207,1.806452114971189,0.12783991784892143,0.9556914942023756,-0.0084250627607671,0.850239565775546,-0.037831198445344105,1.297153113950543,0.054962818577159206,0.9247490461715083,-0.011801839700398747,2.1182954121579463,1.806452114971189,1.297153113950543,1.9623737635645675,1.7406335470265593,0.12783991784892143,0.08524509153647908,0.10654250469270025,0.6534466759925761,0.7679901529276051,0.7107184144600907,-0.10661895269737207,-0.0519860650656723,-0.07930250888152218,0.4946262466746971,1.4648487361653701,-13.579497769282568,-0.15214657933783027,1.2370977507451366,4.576327587480866e-06,2.3825589107803538e-05,1.9249261520322672e-05,0.9183516379816149,-1.0269877320114922e-06,1.166366793794536e-05,1.2690655669956853e-05,0.930734445139236,-3.0209640261756527e-07,4.19369876851669e-06,4.495795171134255e-06,1.0180021813102165,2.1169779471519594e-08,6.316378926984728e-07,6.104681132269532e-07,0.8662748551908696,-4.3973960913976933e-08,3.4964467783205277e-07,3.936186387460297e-07,1.3078034305066233,4.470258492581469e-06,1.007220700385846,2.736835566077221e-07,1.3343028795530414,1.2385568605354747e-05,1.1359582988210872,9.03326958292179e-07,1.6114790232022487,1.3296752161715746e-06,Train101.csv,Normal
794,11.77922712170973,42.40521763815503,0,1.0115103147058748,0.0026090255425636755,0.9215278606092451,-0.10719534512267836,0.9214305433422764,-2.2566439938730483,1.097557222245033,0.015300014243910781,1.4566494772070855,0.07928271982334528,0.9816446700997856,-0.0048520246748646745,0.9162157867276413,-0.0264289861502095,1.1015730160325057,0.01727385787264521,1.158134211501131,0.03710714907381271,0.9041181500897781,-0.023207040592676947,0.6589789597232909,-0.07180945660124222,1.4566494772070855,1.158134211501131,1.1015730160325057,1.3073918443541084,1.2387855682469076,0.07928271982334528,0.03710714907381271,0.058194934448579,0.6589789597232909,0.9041181500897781,0.7815485549065345,-0.07180945660124222,-0.0264289861502095,-0.04911922137572586,0.2170169239974971,0.7976705174837946,-11.398086297468126,-0.1581669392649614,1.392831287887809,2.932381080106368e-06,1.0361658882593902e-05,7.429277802487534e-06,1.4290978084005526,1.8404227317540898e-05,6.12614407067324e-05,4.28572133891915e-05,1.1852914515770312,4.260925824724471e-06,2.7192760369947578e-05,2.2931834545223107e-05,0.9730289946961701,-3.167414176120623e-08,1.503471887900817e-06,1.5351460296620233e-06,0.7962124562227035,-1.0581858315116131e-07,4.5251145804964144e-07,5.583300412008028e-07,1.47354401803258,2.163279373840067e-05,0.7977478522336221,-9.642279466524775e-07,1.904776702825838,3.835001388124024e-06,1.1991323840516146,4.660807815311974e-06,1.2711205482099217,5.538007476142427e-06,Train102.csv,Normal
1165,17.283122917873847,62.21924250434585,0,0.9184163530191293,-0.06172837204447179,0.7844792377768609,-0.31215556694419555,1.0827560818583843,1.714037211313972,0.4045050608207382,-0.5966746601893782,0.5497349916981803,-0.4894756822823204,1.7794659165357698,0.6030921896831287,0.7594296098216549,-0.20210744663811542,0.964599772226188,-0.017463773677422856,1.6126799766877133,0.23457072289303188,1.015886872637436,0.00890772963322628,0.5265985271640137,-0.2938819872003017,1.7794659165357698,1.6126799766877133,1.015886872637436,1.6960729466117415,1.469344255286973,0.6030921896831287,0.23457072289303188,0.4188314562880803,0.4045050608207382,0.5265985271640137,0.46555179399237595,-0.5966746601893782,-0.4894756822823204,-0.5430751712358493,0.47500718077325593,1.3749608557150315,38.021155394781886,0.2863814233455342,1.1525174012129586,2.314714771568124e-05,0.00017483883900909012,0.00015169169129340888,1.0246893174517442,5.002202248139884e-06,0.00020719310382823685,0.00020219090158009697,1.4696722403754303,0.0001268761404669826,0.000396982467473179,0.0002701063270061964,0.8763187506613701,-2.5041811945225328e-06,1.7813727910267442e-05,2.0317909104789975e-05,0.4403934118310381,-3.678664169054211e-06,2.9028668226082627e-06,6.581530991662474e-06,1.3592252333594368,0.00011205752458366735,1.1323182437461317,1.987862575690647e-05,1.1958847068742333,1.9948932632282105e-05,0.6972306162308856,-5.08642869832415e-05,0.7745703394765668,-0.00020070857588741606,Train103.csv,Side II
949,14.078698411212258,50.68331428036413,0,0.7549078535679057,-0.2362772053526998,0.8848055396685369,-0.15199540447358406,1.0192603818888277,0.4230513098062936,0.9927036116465561,-0.0046496374783497885,1.030035982643975,0.013615807234324984,1.1245677923893818,0.09652360865026177,1.1288427969485628,0.07224519240396243,0.8309509801078109,-0.141891855211565,1.291656250635469,0.2047090149469779,0.525007967463413,-0.5655320609939387,0.48027906215012484,-0.943226908792279,1.291656250635469,1.1288427969485628,1.1245677923893818,1.210249523792016,1.1816889466578047,0.2047090149469779,0.09652360865026177,0.15061631179861984,0.48027906215012484,0.525007967463413,0.5026435148067689,-0.943226908792279,-0.5655320609939387,-0.7543794848931089,0.27341494210805933,0.8113771884853441,31.927832690387845,0.7390396534096517,0.5728183724158669,-0.00022526194527735215,0.00030207270330069336,0.0005273346485780455,0.7588241835165981,-6.849029990478397e-05,0.00021552610416669657,0.00028401640407148054,0.8378611034807729,-2.3654061029857777e-05,0.00012228525488306753,0.0001459393159129253,1.043666047697867,6.478872919491825e-07,1.5246200285211948e-05,1.4598312993262765e-05,0.6813348498364342,-1.6547777110431478e-06,3.5594449885166997e-06,5.2142226995598475e-06,0.809393669784158,-5.619681503292483e-05,0.6403179028641474,-6.490390103227144e-05,0.5324219736761396,-9.268333710246551e-05,0.28565149088537134,-0.0015429674803415744,0.9574454528632029,-2.3595041793714167e-05,Train104.csv,Side II
25,0.37088246604879505,1.3351768777756623,1,0.9592526531641133,-0.006100766293478221,0.9094707979675044,-0.12801138364243703,1.1405027003560808,2.24581624332847,1.1256991682899227,0.00641111279714017,0.9081889917787956,-0.02108350521662436,0.8020258460355048,-0.025490679119400214,1.2458447242969688,0.03341601159439306,0.7519261592830777,-0.030993163336075324,1.298100161884635,0.04949957618327547,0.7794235442027455,-0.030074985956358505,0.6729140190813993,-0.0539163988483579,1.298100161884635,1.2458447242969688,1.1256991682899227,1.271972443090802,1.2232146848238423,0.04949957618327547,0.03341601159439306,0.04145779388883426,0.6729140190813993,0.7519261592830777,0.7124200891822385,-0.0539163988483579,-0.030993163336075324,-0.04245478109221661,0.22591127545915327,0.6251861428032358,-50.06200363269588,0.177383810276301,1.3861483784057969,3.4891431751774583e-06,1.2489004072537707e-05,8.999860897360249e-06,0.4529387109935116,-9.528733900407903e-06,7.897582819663967e-06,1.742631672007187e-05,0.7612591899675123,-1.394506648170057e-07,4.7654480196836947e-07,6.159954667853752e-07,0.6993924557600324,-8.100067060524005e-08,2.1172184035275664e-07,2.927225109579967e-07,0.8353881271712986,-5.398229810912419e-08,3.247035057132133e-07,3.7868580382233747e-07,1.0,0.0,1.0,0.0,1.0,0.0,1.0,0.0,1.0,0.0,Train105.csv,Normal
866,12.84736862393026,46.25052704614894,0,0.9910797124681449,-0.005643227808291851,0.9074626510282541,-0.131035166434752,1.2584473050899285,5.521598339938425,0.8155413597527865,-0.0961862665199914,0.8336898269570355,-0.1676248432443863,0.9644362275080477,-0.02197740545694804,1.1049415810467964,0.11202075221547592,1.0265147825137255,0.008418859889671837,1.3093180527228396,0.11571056375463723,1.2315991140020999,0.04250609613024248,0.983734993640244,-0.005591526218143239,1.3093180527228396,1.2315991140020999,1.1049415810467964,1.2704585833624698,1.2152862492572452,0.11571056375463723,0.11202075221547592,0.11386565798505657,0.8155413597527865,0.8336898269570355,0.8246155933549111,-0.1676248432443863,-0.0961862665199914,-0.13190555488218886,0.16399222174244146,0.4937766929700531,4.374239009305711,0.07648950158686407,1.2154897652285643,3.36186195112778e-05,0.00018957249777542653,0.00015595387826414873,0.9033490990159451,-8.754975540667173e-06,8.192197565612691e-05,9.067695119679408e-05,1.0402230367285559,4.149143488181003e-06,0.00010704394195265102,0.00010289479846447002,1.0744419594152277,7.020041647385472e-07,9.987892803008221e-06,9.285888638269674e-06,0.8923385635197354,-3.0941974476369846e-07,2.647471235018567e-06,2.9568909797822654e-06,0.9707711927522878,-4.372908267045821e-06,0.7681411902606637,-1.2647280799794423e-05,1.3891161318776235,4.424949381642073e-05,0.7519013394989877,-9.814944085215601e-05,0.8575698072097085,-7.654504436865487e-05,Train106.csv,Side I
658,9.761626506404285,35.141855423055425,0,1.057953376718232,0.026528702363341095,0.9450179001284479,-0.0719963264476573,1.0000709065604243,0.0015415053890244224,1.3805862570338931,0.05706478833856812,0.9241961112493954,-0.019286487297226623,0.7857859203322481,-0.09494838642066367,0.9518095891600789,-0.023160141739757723,1.6936215355560529,0.2814454668568983,1.2930548019223183,0.19907304477316812,0.5370451151821132,-0.2922817581459129,0.8051553764054024,-0.07212214383301713,1.6936215355560529,1.3805862570338931,1.2930548019223183,1.537103896294973,1.455754198170755,0.2814454668568983,0.19907304477316812,0.2402592558150332,0.5370451151821132,0.7857859203322481,0.6614155177571807,-0.2922817581459129,-0.09494838642066367,-0.19361507228328828,0.3537048492892658,1.1565764203739397,20.983328571704163,0.5527342489148515,1.1854619777087347,1.1335219598304072e-05,7.23901329472287e-05,6.105491334892462e-05,1.0880653390058994,3.7997365531007124e-06,4.6822972964611446e-05,4.3023236411510734e-05,0.8980742249427649,-3.671790737256583e-06,3.244048289950627e-05,3.6112273636762855e-05,0.9448029467977714,-2.5970363238827045e-07,4.6164925817491395e-06,4.87619621413741e-06,1.2374283064225795,6.933608631278626e-07,3.5615385893826406e-06,2.868177726254778e-06,1.0823720302953712,3.535079770693156e-06,1.8592429345467336,1.6468748855047006e-05,0.7765579350961304,-2.3699070307302614e-05,0.6423153432515396,-0.00018538503861936133,1.2603123377620442,8.221756339496304e-06,Train107.csv,Normal
755,11.20065047467361,40.322341708825,0,0.9065753789480153,-0.05324779160558668,0.8882609851773938,-0.15420998164602762,1.3590751940827412,7.7676695216831675,0.6284074583113318,-0.38403591592924025,1.2184649688846565,0.07972111513987806,1.2588019625705762,0.1432976542515576,0.9960945662495219,-0.0012037618651161153,0.9609112605539415,-0.03570715243036249,0.99717260483223,-0.0009400236866993761,1.11111544428085,0.019897296764597422,0.9301404756966998,-0.00959814453979363,1.2588019625705762,1.2184649688846565,1.11111544428085,1.2386334657276163,1.196127458578694,0.1432976542515576,0.07972111513987806,0.11150938469571783,0.6284074583113318,0.9301404756966998,0.7792739670040159,-0.38403591592924025,-0.03570715243036249,-0.20987153417980137,0.1838092470885865,0.6303945042592444,-13.613965567438981,-0.6715520535215616,0.35856736890333357,-0.00012531689640554505,7.005901059340491e-05,0.00019537590699894995,0.5236334739547981,-3.809319220641429e-05,4.1883939808816177e-05,7.997713201523046e-05,0.8305867906552092,-1.7939313666122907e-05,8.800059269325875e-05,0.00010593990635938166,0.8285459456345485,-9.846831562834701e-07,4.806772866233907e-06,5.791456022517377e-06,0.7656366545479854,-4.649366889185834e-07,1.5515606202172667e-06,2.01649730913585e-06,0.5505093503832459,-4.9071828146339405e-05,0.6450446593561197,-1.1310837392499809e-05,0.2996443433068417,-0.00015797037791634354,1.2773813079700314,0.00010530241603568088,0.9333747986120263,-8.909921150022096e-06,Train108.csv,Normal
1115,16.54135798577626,59.54888874879453,0,1.0191452450357041,0.006613129504067172,0.9424468835462836,-0.07450380354318176,0.9096203647429846,-1.883893323967044,0.9885125475708707,-0.002682628509217161,0.9408446630902801,-0.019754827382737927,0.974619509024676,-0.012286594790087368,1.0792918141354868,0.040222442446299245,1.107735104197097,0.031176266800917396,0.9787240711276068,-0.006287204054419404,1.067422206472226,0.016309697662298034,0.9756859765477939,-0.006302820151479871,1.107735104197097,1.0792918141354868,1.067422206472226,1.0935134591662918,1.0848163749349367,0.040222442446299245,0.031176266800917396,0.03569935462360832,0.9408446630902801,0.974619509024676,0.9577320860574781,-0.019754827382737927,-0.012286594790087368,-0.016020711086412648,0.057192250050713024,0.16689044110681694,8.871102923861088,-0.022598064442992616,1.2519279667093914,6.236917565048897e-06,3.094397318369677e-05,2.470705561864787e-05,1.10265126049268,2.674744313682579e-06,2.862394151099904e-05,2.594919719731646e-05,1.1118231627442683,2.254958577028451e-05,0.00022410413838297495,0.00020155455261269045,1.0114305494882083,6.78855300917172e-08,5.121992916305483e-06,5.054107386213766e-06,0.9276980931577149,-7.66359696374308e-08,1.1116169315815235e-06,1.1882529012189543e-06,1.116095867504164,2.3727671803035753e-05,1.0890039849726314,1.8675975987540894e-06,0.8081374598139032,-1.7810658325431102e-06,1.2397184862679662,1.0445511394011535e-05,0.7054160693499715,-3.723871672663908e-05,Train109.csv,Normal
891,13.218251089979056,47.585703923924605,0,1.0998531325676988,0.028085908452109287,0.9282427469492652,-0.10108814843518243,0.8798758281479103,-2.1630928347475002,0.9676419811920859,-0.006302071414093446,0.8645261698422118,-0.032587289481496445,0.9533880797412421,-0.014118267638627613,0.9389202798507708,-0.02182943013863442,1.014418055894511,0.003339373509904625,0.9469496941109922,-0.012572788084177666,1.0182068053499191,0.004171534087166251,1.4594450477952272,0.18108243974104532,1.4594450477952272,1.0182068053499191,1.014418055894511,1.2388259265725732,1.1640233030132192,0.18108243974104532,0.004171534087166251,0.09262698691410579,0.8645261698422118,0.9389202798507708,0.9017232248464913,-0.032587289481496445,-0.02182943013863442,-0.027208359810065433,0.1719032016700436,0.5949188779530155,-42.04548534698455,-0.25996896968123995,1.0438507166224862,1.6737349752542438e-06,3.9604619489809604e-05,3.793088451455536e-05,0.7487298902806404,-1.28609657084271e-05,3.835265863273517e-05,5.121362434116227e-05,0.8974390408301295,-3.4350175744790833e-06,3.014493324465416e-05,3.3579950819133244e-05,0.8722272364641409,-2.742219099665252e-07,1.94021076332976e-06,2.214432673296285e-06,0.9153841447244497,-5.565963881856509e-08,7.103135946226795e-07,7.659732334412446e-07,0.8012835350476667,-1.1742982060657984e-05,0.9120326712401011,-1.022069183593392e-06,1.1046472064680697,1.2770339500339511e-06,1.4540722121029057,3.85132138482111e-05,0.929633895950691,-3.222670273717047e-06,Train110.csv,Normal
950,14.09353370985421,50.736721355475154,0,0.7312444158584476,-0.2208219293771062,0.866678135898211,-0.1871721398439894,1.2620841865788344,4.303412485857848,1.0108819274598617,0.005314210384369411,0.6189991456026396,-0.22210972174425098,0.932302810327452,-0.04359788559409539,0.8056373446769661,-0.17417463048297,0.9053634504340168,-0.052942973601365684,0.9924603212133773,-0.004402863282441327,0.8020443762176217,-0.17172871175638815,0.5028164267184824,-0.7371279392914677,1.0108819274598617,0.9924603212133773,0.932302810327452,1.0016711243366196,0.9785483530002305,0.005314210384369411,-0.004402863282441327,0.00045567355096404194,0.5028164267184824,0.6189991456026396,0.5609077861605609,-0.7371279392914677,-0.22210972174425098,-0.47961883051785936,0.16867089588031142,0.5080655007413794,43.57662249005995,0.5508185357415813,0.45151373491078634,-0.0002696512852825122,0.00022198509211337507,0.0004916363773958873,0.8560881712384741,-2.532933549697467e-05,0.00015073608314678457,0.00017606541864375924,0.926488676554536,-8.120490140051887e-06,0.00010247138395195342,0.0001105918740920053,0.8499917374196806,-1.80041965994232e-06,1.0258379943499264e-05,1.2058799603441584e-05,0.7129535738257832,-1.1664171626111543e-06,2.921934376861253e-06,4.088351539472407e-06,0.9156341256541257,-1.6028419764229333e-05,0.821480197944428,-2.39460201230476e-05,0.3535029794746779,-8.493777313236628e-05,0.4098281696585064,-0.0005950284206159765,0.40780102614526786,-0.0004365019049688383,Train111.csv,Side II
3,0.0445058959258554,0.16022122533307945,1,0.9158108577843012,-0.0025882533896667455,0.9363060628669949,-0.08544251073700804,0.8009663534876156,-3.895733576897385,0.740079572142021,-0.008584488853502631,1.0476111630304608,0.0007972422426837412,1.0577386750881335,0.001826278521794636,1.0993859368407732,0.0026726365841961384,0.8590826732094159,-0.005486068147211913,1.0494137123003973,0.0013919687647536566,0.7895566343180181,-0.007807736916875616,0.8711938942477121,-0.003599209834037831,1.0993859368407732,1.0577386750881335,1.0494137123003973,1.0785623059644533,1.0688461080764347,0.0026726365841961384,0.001826278521794636,0.002249457552995387,0.740079572142021,0.7895566343180181,0.7648181032300196,-0.008584488853502631,-0.007807736916875616,-0.008196112885189124,0.1307175705222046,0.3593063646987522,106.02128088011739,0.3925589922131403,0.5166511833958363,-7.355565088481665e-08,8.931257184478231e-08,1.6286822272959896e-07,0.7752929136139413,-3.312199046929336e-07,1.1772898591989783e-06,1.508509763891912e-06,0.7884844102062238,-7.609897822265198e-08,3.209583848142614e-07,3.970573630369134e-07,0.951345924355243,-4.799522582291744e-09,2.8937895344814494e-07,2.941784760304367e-07,0.8338334710208605,-5.1554538616244956e-08,3.0888431567295135e-07,3.604388542891963e-07,1.0,0.0,1.0,0.0,1.0,0.0,1.0,0.0,1.0,0.0,Train112.csv,Normal
1145,16.98641694503481,61.15110100212532,0,1.0641208919968328,0.022018629578711868,0.9333716155936377,-0.08772560375622085,0.8928123242744023,-2.7007126564693884,1.0041881339847905,0.001365944094538829,1.0501105015870436,0.013930817212162105,0.9621268908676209,-0.017777826292179888,1.1252227842650921,0.04762681519099393,1.4617627695998388,0.11500735905469564,0.5695158692466145,-0.16123262774029096,1.6050379177669531,0.1487535510406593,1.0832867583521528,0.030252430637207783,1.6050379177669531,1.4617627695998388,1.1252227842650921,1.5334003436833958,1.3973411572106278,0.1487535510406593,0.11500735905469564,0.13188045504767748,0.5695158692466145,0.9621268908676209,0.7658213800571176,-0.16123262774029096,-0.017777826292179888,-0.08950522701623542,0.2954812671434734,1.0355220485203387,-54.7639980028118,-0.572264725788024,0.9867259535978979,-3.446472960675548e-07,2.6362699119972827e-05,2.670734641604038e-05,0.9713956754666738,-7.870526729739988e-07,2.706770854679801e-05,2.785476121977201e-05,0.9911592383280892,-6.241334111046592e-07,7.109423509807528e-05,7.171836850917994e-05,1.2866260698024645,1.3437370270820285e-06,5.986967028111615e-06,4.643230001029587e-06,1.0252948051031194,3.5231393975086914e-08,1.0227245105350332e-06,9.874931165599463e-07,0.9867907132587672,-9.716957380179528e-07,0.9816332775929643,-4.158395761363612e-07,0.9417800443508249,-5.952057067762438e-07,1.0604329993065589,2.280983679773011e-06,1.4296192609265155,4.201956482236324e-05,Train113.csv,Normal
953,14.138039605780065,50.896942580808236,0,1.0058259015921653,0.0028725298295476653,0.9931026608641109,-0.008854267011449979,1.723948009148616,14.029709038770584,0.591771031096498,-0.19636592478458526,0.71803390945967,-0.08868272428224808,1.1021975488975009,0.05019225896514973,0.7597509305310332,-0.13763486529100033,1.2591251239697554,0.14763443515983776,0.9876615788812256,-0.008671678940953775,1.0255089284963819,0.009784152203261953,1.5938010888816034,0.16741008463265128,1.5938010888816034,1.2591251239697554,1.1021975488975009,1.4264631064256794,1.31837458724962,0.16741008463265128,0.14763443515983776,0.15752225989624452,0.591771031096498,0.71803390945967,0.654902470278084,-0.19636592478458526,-0.13763486529100033,-0.1670003950377928,0.3030447878628582,1.0020300577851056,41.33584797602586,-0.019162508901441555,0.9193314694864645,-9.154957642969807e-06,0.00010444759466988029,0.00011360255231285009,0.7264848968726683,-3.764322040466032e-05,0.00010001091577699436,0.00013765413618165468,0.9841213785000894,-9.26798868319665e-07,5.806069460584268e-05,5.898749347416235e-05,0.8812654563467454,-8.371543698033542e-07,6.287705829578331e-06,7.124860199381685e-06,6.48355793529019,1.3824485936010504e-05,1.6333741882429066e-05,2.509255946418562e-06,0.8388394366361793,-2.152003602741583e-05,0.7288126298855303,-2.2018147007128725e-05,1.0021475193873313,9.781404468380955e-08,1.0927183384940087,1.80460758697212e-05,0.9421068869923168,-1.158940740191212e-05,Train114.csv,Normal
658,9.761626506404285,35.141855423055425,0,1.057953376718232,0.026528702363341095,0.9450179001284479,-0.0719963264476573,1.0000709065604243,0.0015415053890244224,1.3805862570338931,0.05706478833856812,0.9241961112493954,-0.019286487297226623,0.7857859203322481,-0.09494838642066367,0.9518095891600789,-0.023160141739757723,1.6936215355560529,0.2814454668568983,1.2930548019223183,0.19907304477316812,0.5370451151821132,-0.2922817581459129,0.8051553764054024,-0.07212214383301713,1.6936215355560529,1.3805862570338931,1.2930548019223183,1.537103896294973,1.455754198170755,0.2814454668568983,0.19907304477316812,0.2402592558150332,0.5370451151821132,0.7857859203322481,0.6614155177571807,-0.2922817581459129,-0.09494838642066367,-0.19361507228328828,0.3537048492892658,1.1565764203739397,20.983328571704163,0.5527342489148515,1.1854619777087347,1.1335219598304072e-05,7.23901329472287e-05,6.105491334892462e-05,1.0880653390058994,3.7997365531007124e-06,4.6822972964611446e-05,4.3023236411510734e-05,0.8980742249427649,-3.671790737256583e-06,3.244048289950627e-05,3.6112273636762855e-05,0.9448029467977714,-2.5970363238827045e-07,4.6164925817491395e-06,4.87619621413741e-06,1.2374283064225795,6.933608631278626e-07,3.5615385893826406e-06,2.868177726254778e-06,1.0823720302953712,3.535079770693156e-06,1.8592429345467336,1.6468748855047006e-05,0.7765579350961304,-2.3699070307302614e-05,0.6423153432515396,-0.00018538503861936133,1.2603123377620442,8.221756339496304e-06,Train115.csv,Normal
296,4.391248398017733,15.808494232863838,0,0.9079351504250829,-0.02247698547949456,0.9428926908549357,-0.0730799115923435,1.4360569173093793,9.02809698477666,0.6990024843158227,-0.06637971882562438,1.0372480247053015,0.00871617645497777,0.5935670521569294,-0.1555331907965049,1.513933713634502,0.11723296942518927,0.8509323894428131,-0.0435314755140771,0.8707326888559105,-0.028662116428968404,1.3835521715114156,0.047512833747993186,0.6655165173007919,-0.05308796139916998,1.513933713634502,1.3835521715114156,1.0372480247053015,1.4487429425729588,1.3115779699504062,0.11723296942518927,0.047512833747993186,0.08237290158659122,0.5935670521569294,0.6655165173007919,0.6295417847288607,-0.1555331907965049,-0.06637971882562438,-0.11095645481106464,0.31635570540726493,0.9203666614775725,8.743143830856468,0.2227899792667749,1.3241070010760592,6.240213073361653e-06,2.5452917466284002e-05,1.921270439292235e-05,1.0351728939643277,3.4499858156344877e-07,9.859338031800459e-06,9.51433945023701e-06,0.8844598996348237,-1.0094270636048438e-06,7.803717977665165e-06,8.813145041270008e-06,0.8874136633921534,-8.727341551386049e-08,7.667161097220215e-07,8.53989525235882e-07,0.7214151621942155,-1.5347590009074563e-07,4.233324179007486e-07,5.768083179914942e-07,1.2673562208723061,3.4870750064143984e-06,0.7393964831252067,-1.0021197137293907e-05,0.8028404320869457,-1.6253237110790632e-05,0.8088474880235326,-2.043175375036664e-06,0.7400621892942114,-9.932505528480723e-07,Train116.csv,Normal
1035,15.354534094420114,55.27632273991241,0,0.9111488963505896,-0.04704900349475216,0.914436672894606,-0.13157964721934912,1.0525482043003564,0.8912182067912617,0.40131873947922875,-0.3618664559038558,0.772893785755803,-0.1043196067615797,1.2620660119697797,0.11436955016919104,0.7439068614710654,-0.15619838751996667,1.1235883139862013,0.06490950180307087,0.5073183287958692,-0.4031124375652419,2.1102467243899024,0.416699205424164,1.0564440958947199,0.007617324859028052,2.1102467243899024,1.2620660119697797,1.1235883139862013,1.686156368179841,1.498633683448628,0.416699205424164,0.11436955016919104,0.26553437779667755,0.40131873947922875,0.5073183287958692,0.45431853413754897,-0.4031124375652419,-0.3618664559038558,-0.3824894467345489,0.5047326148316922,1.7089279849106735,-3.642477169298587,-0.15382629214151855,0.7279714464979642,-4.025056218772738e-05,0.00010774067396716057,0.00014799123615488795,0.8249657426808213,-1.2895318456803135e-05,6.0824925293538884e-05,7.372024375034202e-05,0.9966654493281181,-3.3582886998439695e-07,0.00010336495678414735,0.00010370078565413174,0.8913429414989452,-8.824704719492213e-07,7.321174221373281e-06,8.203644693322503e-06,0.8019624354100802,-3.2993726668983495e-07,1.3765919553986584e-06,1.7065292220884933e-06,0.9731882638324695,-3.3387521662248403e-06,0.8293255089005278,-9.12685519324602e-06,0.7083521865859859,-1.6148526106880942e-05,0.7009951449605417,-6.69450180777408e-05,0.7962377432464217,-4.4853065117676305e-05,Train117.csv,Normal
90,1.335176877775662,4.806636759992384,1,0.8886974201919053,-0.00393762164852593,0.8953777948513065,-0.14575998662343115,0.9848151765553029,-0.31284119277013644,0.8203027781629599,-0.006892896921538855,0.8730220078639704,-0.004982249461532674,1.0502780181645064,0.0014002107025233891,0.9093930132513208,-0.0038833056989110923,0.8983631606564674,-0.004151891691154604,1.0034193167576997,8.160030757118839e-05,0.8693137097886567,-0.004135958493975106,0.7762986846005354,-0.007584583382578423,1.0502780181645064,1.0034193167576997,0.9093930132513208,1.026848667461103,0.9876967827245089,0.0014002107025233891,8.160030757118839e-05,0.0007409055050472887,0.7762986846005354,0.8203027781629599,0.7983007313817476,-0.007584583382578423,-0.006892896921538855,-0.007238740152058639,0.0841821312319477,0.273979333563971,38.86926986628282,-0.06132523174163307,0.6017238052205766,-4.05070409226778e-08,7.630706844343688e-08,1.1681410936611468e-07,0.6195679806893355,-3.532876115599106e-07,5.916467607313091e-07,9.449343722912197e-07,0.8755303321888398,-2.978823420899903e-07,2.1656708335888868e-06,2.463553175678877e-06,0.7517625031108768,-6.650382324949235e-08,2.3168419914127187e-07,2.981880223907642e-07,0.7552443144844933,-8.422281461458586e-08,2.9074399184031994e-07,3.749668064549058e-07,1.0,0.0,1.0,0.0,1.0,0.0,1.0,0.0,1.0,0.0,Train118.csv,Normal
909,13.485286465534186,48.54703127592307,0,1.070578369589322,0.027743973319300508,0.9279039535552165,-0.09805363760982555,0.8731570805018076,-2.6203270352539896,0.7306566180021347,-0.06633106505709918,0.6995428031447986,-0.042491891217629474,1.1759396972612952,0.024604137358038097,0.8929842970448096,-0.016087960103044086,1.2106237770394435,0.10170008990920515,1.1974170478396844,0.1078170749963091,1.29108795813295,0.14262588157446365,0.6842360729237227,-0.1846317415767194,1.29108795813295,1.2106237770394435,1.1974170478396844,1.2508558675861967,1.2330429276706927,0.14262588157446365,0.1078170749963091,0.12522147828538638,0.6842360729237227,0.6995428031447986,0.6918894380342606,-0.1846317415767194,-0.06633106505709918,-0.1254814033169093,0.24271287557758323,0.6068518852092273,-47.5505458994038,-0.64757440989177,0.8993513870966859,-3.881153551898402e-06,3.476962318067671e-05,3.865077673257511e-05,0.6408149168662758,-2.0651385620686048e-05,3.6861564498581124e-05,5.751295011926717e-05,0.7330891146939654,-2.0897029057663983e-05,5.742259408113159e-05,7.831962313879558e-05,1.046496318417871,2.0834102822757948e-07,4.464077219318057e-06,4.255736191090478e-06,1.1661957146645785,2.0106226490592205e-07,1.3406843552921288e-06,1.1396220903862067e-06,0.6724648566374365,-3.781073488823987e-05,0.8466413821864412,-3.6453254571527505e-06,0.7507316772718143,-4.398643470479768e-06,0.8370067574550047,-1.2561489944289068e-05,1.3713702138027555,7.190214934393565e-05,Train119.csv,Normal
351,5.207189823325082,18.745883363970297,0,0.9863474815143765,-0.0012497774255704475,0.9734818409132499,-0.031269240359625305,0.9908568807737422,-0.22133404467964368,0.8275182202600598,-0.018485934510548183,1.0008085532297515,6.522871255100482e-05,1.0987197846563408,0.008097673411705114,1.0767497887470334,0.00815360832908106,1.0501481908066967,0.005586498024929942,1.038037486593478,0.0033030208722319016,0.8827499687504863,-0.011141335229484156,0.6185096602010799,-0.017287359407397253,1.0987197846563408,1.0767497887470334,1.0501481908066967,1.087734786701687,1.075205921403357,0.00815360832908106,0.008097673411705114,0.008125640870393087,0.6185096602010799,0.8275182202600598,0.7230139402305699,-0.018485934510548183,-0.017287359407397253,-0.01788664695897272,0.15327644167869836,0.4802101244552609,22.146932682002898,-0.09562540320626667,1.1449471146988235,1.416931030745547e-07,1.0402527756709457e-06,8.98559672596391e-07,0.6665450482784734,-7.727247961360608e-07,1.5645931611924794e-06,2.3373179573285402e-06,1.0515029299798864,1.7953684265116895e-06,3.645074430335866e-05,3.465537587684697e-05,0.9349807186818854,-1.0005124295384862e-08,2.876747498869736e-07,2.976798741823585e-07,0.8870735800792159,-2.5728625540820155e-08,2.8065991813109613e-07,3.063885436719163e-07,1.0683745043824509,4.682191895701807e-08,0.900084770683074,-3.1474980469747484e-07,0.9634396384339641,-2.1373445653946323e-07,0.4543987185781797,-6.042716087678866e-07,0.48585344316361684,-4.4638557136997734e-08,Train120.csv,Normal
654,9.702285311836478,34.928227122611325,0,1.5174846214530835,0.14184771213567482,0.9423114077969382,-0.08169089639234528,1.0369815858736742,0.8178445583322187,0.9593249056954564,-0.006054764092113085,0.933591445408578,-0.012910566834061582,0.8239346193610445,-0.04948287664336398,1.1507697702079298,0.038457662553931626,0.9205876693867078,-0.017342597170940582,0.7156377302164703,-0.11668851456762469,2.506115034885685,0.5438254833051366,2.2022947127445116,0.27051802319859053,2.506115034885685,2.2022947127445116,1.1507697702079298,2.3542048738150982,1.9530598392793754,0.5438254833051366,0.27051802319859053,0.40717175325186356,0.7156377302164703,0.8239346193610445,0.7697861747887573,-0.11668851456762469,-0.04948287664336398,-0.08308569560549434,0.6372890710288612,1.7904773046692146,-115.5717974527831,-1.17231849313057,1.6985825596688764,9.928843167929559e-06,2.411736992850461e-05,1.4188526760575052e-05,1.0093445921471274,4.6211565335226165e-07,4.8834714512013575e-05,4.837259885866131e-05,1.184301768413898,1.2236482188825878e-05,7.856595518491846e-05,6.632947299609258e-05,0.9997734925740379,9.234257942365573e-09,3.3798830573447025e-06,3.370648799402337e-06,1.2531728176716306,2.191818721778759e-07,1.0354233071852798e-06,8.162414350074039e-07,1.015391278899314,7.477187637926772e-07,1.4561764163567175,4.818364012629737e-06,1.5926570831235167,8.040036628780712e-06,2.011599319570131,6.544879692547833e-05,6.140074227027271,0.00011280510686057158,Train121.csv,Side I
781,11.586368239364356,41.710925661711684,0,0.9363648112990184,-0.03446365483680358,0.9258118337868385,-0.1141819313114365,0.7363528779764542,-5.168756659623334,0.9575061223005951,-0.013552761711427386,0.7568171548787537,-0.151873422956451,1.0659002140209555,0.05017879552002058,1.2875959030607216,0.18690580291371928,0.6494697481130547,-0.17357839191185753,1.294232077328414,0.08196682347246381,1.0375745201800832,0.011517591090720036,0.3289900567832122,-0.4429786551243822,1.294232077328414,1.2875959030607216,1.0659002140209555,1.2909139901945679,1.215909398136697,0.18690580291371928,0.08196682347246381,0.13443631319309154,0.3289900567832122,0.6494697481130547,0.48922990244813347,-0.4429786551243822,-0.17357839191185753,-0.3082785235181199,0.3083749481575538,0.9652420205452017,5.272698654022577,-0.010410642398023029,0.7208107767810681,-1.824301059506099e-05,4.712562538741572e-05,6.536863598247671e-05,0.7074235800143502,-1.5608999036163126e-05,3.776534081230863e-05,5.337433984847175e-05,0.9327141736017852,-4.218696736222332e-06,5.861807148500477e-05,6.28367682212271e-05,0.7093882694258941,-2.0662533814592183e-06,5.068170476991238e-06,7.134423858450456e-06,0.7713422080450754,-1.99770780827416e-06,6.7726962667811086e-06,8.770404075055268e-06,0.7486016828300912,-1.5083565949830773e-05,0.7788076789041927,-5.072785992270558e-06,0.6822022947211368,-2.163426265786108e-05,0.6871167493166848,-0.00011276059233392594,0.8447758068489241,-4.4796439396052715e-05,Train122.csv,Normal
1241,18.410605614662185,66.27818021278387,0,1.0400470884623196,0.030071520396836582,0.957967948244454,-0.058059455945835614,0.9764765899473163,-0.47110637890774143,0.9210295690317678,-0.08273445647965438,1.1220862090443695,0.0852879286540722,1.1005444975299068,0.10495924812856927,1.306857228283581,0.18763226937115207,1.5120994974264466,0.3165515689496321,0.6284387274398847,-0.3423416176032523,0.928942165184416,-0.022927140360319342,0.7783280759892388,-0.07883595559313172,1.5120994974264466,1.306857228283581,1.1220862090443695,1.4094783628550138,1.3136809782514656,0.3165515689496321,0.18763226937115207,0.2520919191603921,0.6284387274398847,0.7783280759892388,0.7033834017145617,-0.3423416176032523,-0.08273445647965438,-0.21253803704145335,0.2666407836893989,0.8836607699865618,0.10579834754761919,-0.10821323899845137,0.7320105696024614,-5.985215702908426e-05,0.0001635129101901118,0.00022336506721919606,1.1378580993052119,1.948268495541842e-05,0.00016072434193863824,0.00014124165698321982,0.9141720037096023,-1.7110239050860518e-05,0.000182351259653763,0.00019946149870462353,1.2018240745337034,3.3859061650299946e-06,2.0102880748363145e-05,1.671697458333315e-05,0.9861234865025685,-4.8037960497024385e-08,4.124421884893328e-06,4.172459845390353e-06,0.9582688728759866,-8.464683700523841e-06,1.0967091809247964,1.2578449976900373e-05,0.9782823203253553,-1.3876444335015898e-06,0.7427495293406962,-6.358881920196519e-05,1.1047286513783292,3.426939551713908e-05,Train123.csv,Normal
675,10.013826583317465,36.04977569994288,0,0.9292128253026214,-0.013218167178904006,0.8966770661798326,-0.1384501567506191,0.9577708640883611,-0.9049992444392423,1.078424878167794,0.013879729740120084,1.0776696821695664,0.010972344415472096,0.872964506900236,-0.031035932264838417,0.9866054890501017,-0.0035636811312551586,0.8196570830581398,-0.03178688737034785,1.031043221075785,0.0044424289104652015,0.7965695926360632,-0.033397149575295354,0.6169688370786706,-0.05237703497662391,1.078424878167794,1.0776696821695664,1.031043221075785,1.0780472801686802,1.0623792604710485,0.013879729740120084,0.010972344415472096,0.01242603707779609,0.6169688370786706,0.7965695926360632,0.7067692148573669,-0.05237703497662391,-0.033397149575295354,-0.04288709227595963,0.1521788065094268,0.4614560410891235,49.13284759486848,0.4899183174990629,0.8234516658103083,-1.2578390598105567e-06,5.913418501353012e-06,7.171257561163569e-06,1.0949388045700925,1.1891635032561002e-06,1.3599411563000048e-05,1.2410248059743947e-05,1.1546444365527564,4.569608147468361e-06,3.4044071016670044e-05,2.9474462869201683e-05,0.8882174034217521,-1.1430629193429445e-07,9.877298902569098e-07,1.1020361821912043e-06,0.8020095965937056,-7.885403752426975e-08,3.5992547903610206e-07,4.387795165603718e-07,1.0949388045700925,1.1891635032561002e-06,0.8249955952066146,-5.394628011955529e-07,1.0061197194153741,9.501122547823597e-08,0.5954471317157907,-2.9399805365105776e-05,0.9561412562364842,-5.034669234987752e-07,Train124.csv,Normal
264,3.916518841475275,14.09946782931099,0,1.0207766216512686,0.0035195328523309477,0.9478847650533316,-0.06307723537830157,0.9795412769561825,-0.7296555968058414,1.4887362672266882,0.06549560032998902,0.7366872775096506,-0.03722582298911535,0.6300104191669204,-0.07089948896424167,1.4254564531126432,0.04952526663366952,0.7227086859027987,-0.06803422789157149,0.9687360981103929,-0.00485864278633602,1.601590478297228,0.09342915283870934,0.9626732630844261,-0.0067685053279811225,1.601590478297228,1.4887362672266882,1.4254564531126432,1.545163372761958,1.5052610662121866,0.09342915283870934,0.06549560032998902,0.07946237658434918,0.6300104191669204,0.7227086859027987,0.6763595525348596,-0.07089948896424167,-0.06803422789157149,-0.06946685842790658,0.3590407710701898,0.9715800591303075,50.844635676845144,0.8210975854561386,1.2446162878787328,4.472684378781281e-06,2.270629529071544e-05,1.823361091193416e-05,2.093717759687598,8.742517082244725e-06,1.671676805092153e-05,7.974250968676803e-06,1.3898650264250743,1.3643527339614408e-06,4.828254320826981e-06,3.46390158686554e-06,0.9106065002539022,-4.327355658690635e-08,5.426708547877232e-07,5.859444113746296e-07,0.8273845461651524,-5.262309989584118e-08,3.0016654902954874e-07,3.527896489253899e-07,1.2278226207933405,2.944526200923777e-06,0.9922855545440098,-2.167846696852585e-07,0.4548563477708136,-2.0191167775314804e-05,0.4752764529491413,-6.125466748385267e-06,0.514577081320955,-1.5001846070929166e-06,Train125.csv,Normal
1237,18.351264420094378,66.06455191233977,0,0.882617283220628,-0.07562749674931502,0.9394724860763982,-0.07867174201083249,1.2099361530228825,3.7409292684037787,1.2604798228666434,0.13371950222595086,0.8604123938892405,-0.1410750167423378,0.8165696755618281,-0.13898346880004897,0.7338682662995046,-0.2721991749607957,0.9608323758721917,-0.014075994559575755,1.0154416297717217,0.005474324582988632,1.0868274475637436,0.029809428903296464,1.346553560870889,0.07178925263159733,1.346553560870889,1.2604798228666434,1.0868274475637436,1.3035166918687662,1.231286943767092,0.13371950222595086,0.07178925263159733,0.1027543774287741,0.7338682662995046,0.8165696755618281,0.7752189709306664,-0.2721991749607957,-0.1410750167423378,-0.20663709585156675,0.20012443617793038,0.6126852945713843,23.311062076706236,-0.08060823303951992,0.5880780044677018,-5.767248686993086e-05,8.235006175712602e-05,0.00014002254862705688,0.670863849143721,-3.691935202442486e-05,7.527148622548974e-05,0.0001121908382499146,1.0028488212816902,3.7482932445603943e-07,0.00012842808369596372,0.00012805325437150768,1.010661350960145,1.1399802027673086e-07,9.858673639295632e-06,9.744675619018901e-06,1.0200139095993102,6.107959116506334e-08,2.6032841422850643e-06,2.542204551120001e-06,0.9708479655397353,-4.003510817202294e-06,0.6678313354681548,-3.267086481914205e-05,0.6862056836095005,-1.5447753676598273e-05,0.576668205347545,-5.543703415744558e-05,1.1921075608029374,3.703502699983324e-05,Train126.csv,Normal
1131,16.778722764047487,60.40340195057095,0,0.8388316367751218,-0.12963120710996967,0.897781542573305,-0.14448693349138586,0.9925288661256417,-0.18617772152754597,0.41627803690700965,-0.5311165679341917,0.4969762595326015,-0.6359898500373146,1.8140250218021279,0.6192664460066715,0.7793112120187105,-0.22934672694716107,0.6309134502276936,-0.22387967205782078,1.1613859499848846,0.047131187477266856,0.8357615165618226,-0.08302027944880391,0.5197073466727424,-0.2966833628611018,1.8140250218021279,1.1613859499848846,0.8357615165618226,1.4877054858935064,1.2703908294496118,0.6192664460066715,0.047131187477266856,0.33319881674196916,0.41627803690700965,0.4969762595326015,0.45662714821980555,-0.6359898500373146,-0.5311165679341917,-0.5835532089857531,0.43282304803465876,1.3977469848951183,81.40493616958096,0.836062127772772,0.87746104824991,-2.184689794338044e-05,0.00015651004278217852,0.00017835694072555896,0.8738027535044219,-2.6831792428622477e-05,0.00018585533983062224,0.0002126871322592447,1.212077150123413,5.406438296129027e-05,0.00030893513239532716,0.0002548707494340369,0.7371984337853444,-6.215608491948442e-06,1.7463780356150675e-05,2.3679388848099117e-05,0.42215328169839694,-4.289946577500725e-06,3.1413807525896016e-06,7.431327330090327e-06,1.111955998295108,3.574440550079737e-05,0.9601763168987517,-5.760336927095435e-06,0.9723012948508357,-2.960798747530586e-06,0.5778287568205122,-7.983307332529517e-05,0.4227589498087296,-0.0007184272553322536,Train127.csv,Side II
1167,17.31279351515775,62.3260566545679,0,0.9039001180035898,-0.03848986991772657,0.9017930205931908,-0.12030614222975755,0.7561760961829121,-7.251660767951819,1.058453527161969,0.016345286055395314,0.9608121732019991,-0.012760200777587716,1.0171812232915987,0.0069481038648713245,1.0669928804431985,0.028496322398257112,1.3133501846993687,0.091006012430212,0.5444018981760311,-0.1801406498422603,1.2550928227620584,0.08156493146121019,0.5725626001107691,-0.2742644057365272,1.3133501846993687,1.2550928227620584,1.0669928804431985,1.2842215037307136,1.2118119626348751,0.091006012430212,0.08156493146121019,0.0862854719457111,0.5444018981760311,0.5725626001107691,0.5584822491434001,-0.2742644057365272,-0.1801406498422603,-0.22720252778939376,0.264030208128813,0.7689482865233376,-20.75294569533699,0.05269761872930445,0.8435938821859421,-6.037612071988474e-06,3.261847181597127e-05,3.865608388795974e-05,0.863213717347805,-4.2540709004777295e-06,2.690916385523194e-05,3.116323475570967e-05,0.646634128794254,-4.17206537081234e-05,7.636409484733591e-05,0.0001180847485554593,0.7764745205955487,-1.0568812290273477e-06,3.7060924465906885e-06,4.762973675618036e-06,0.790659151252281,-2.5281704189361385e-07,9.92633308412074e-07,1.245450350305688e-06,0.6564944280337444,-4.151064702829719e-05,0.8249344262074431,-4.613079548624911e-06,0.8356271511204697,-2.4590629935771054e-06,0.8213568291444928,-1.0679700428232291e-05,0.8113626840250656,-2.1081444484910897e-05,Train128.csv,Normal
888,13.1737451940532,47.42548269859152,0,0.9222874176150572,-0.03625539041863107,0.9180878693020145,-0.1092879564600504,1.1442907915015927,1.9388765133170924,0.9040834235619672,-0.018418901351770628,1.092487378156863,0.027957927692580653,1.2935755621091845,0.042833720435883266,1.0981282053374632,0.030938804091778405,0.8826428547743179,-0.06630771550388925,0.9902091666868146,-0.006368267156448004,0.9283751238559627,-0.03490315588783016,0.7879738070901814,-0.15178819819769573,1.2935755621091845,1.0981282053374632,1.092487378156863,1.1958518837233238,1.1613970485345035,0.042833720435883266,0.030938804091778405,0.036886262263830835,0.7879738070901814,0.8826428547743179,0.8353083309322497,-0.15178819819769573,-0.06630771550388925,-0.1090479568507925,0.14893791928321795,0.5056017550190031,5.831055871362679,0.09547058622574589,0.9731177319573739,-1.587444546331133e-06,5.782628204541839e-05,5.9413726591749524e-05,0.7334750936612959,-1.9311825901312996e-05,5.317355986484316e-05,7.248538576615616e-05,0.7619349010221184,-2.6994493624730642e-05,8.64287384646131e-05,0.00011342323208934374,0.9441331174520491,-2.809962238966368e-07,4.917746605934123e-06,5.19874282983076e-06,0.6914227969341923,-5.196698508645364e-07,1.1868206921895405e-06,1.706490543054077e-06,0.741190304501762,-3.9862456498632114e-05,0.8894936043283228,-3.922537875882662e-06,0.8310668257391508,-3.7919046829864477e-06,0.8439132301487067,-2.767805182316181e-05,0.7256524446218223,-7.635832469902684e-05,Train129.csv,Normal
1255,18.61829979564951,67.02587926433823,0,0.9810988674628451,-0.015064106634988805,0.9298340912841734,-0.1017372559361962,1.2273541670573902,3.3645216524236954,0.4706069613730091,-0.6005200786360972,1.230008970599459,0.053921445575733945,1.346485471218914,0.2618977185285306,1.0226140196774611,0.01964025985891238,0.8026403023510973,-0.15521208612899295,1.2302922305238013,0.13494869876982063,1.006878076824035,0.006739033855261645,1.2802888767677416,0.1966848835717796,1.346485471218914,1.2802888767677416,1.2302922305238013,1.3133871739933278,1.2856888595034857,0.2618977185285306,0.1966848835717796,0.2292913010501551,0.4706069613730091,0.8026403023510973,0.6366236318620532,-0.6005200786360972,-0.15521208612899295,-0.3778660823825451,0.2750737986632833,0.875878509845905,-13.579965141436475,-0.12536223564323912,1.4223595619262588,6.694856325686519e-05,0.00022542571328509688,0.0001584771500282317,0.9191799715187131,-1.2007444693837928e-05,0.00013667644863509665,0.00014868389332893457,0.8716485367211247,-5.250356365976e-05,0.0003566252363059351,0.0004091287999656951,1.014954906027142,3.6614789288881905e-07,2.4170934307623944e-05,2.3804786414735125e-05,0.8685911938150463,-6.741291991247245e-07,4.521984599381556e-06,5.1961137985062805e-06,0.8873609604582102,-4.7141269008002344e-05,0.8581864802889724,-1.8466870179520165e-05,1.0252711866789086,1.410468433112417e-06,1.454585946831145,8.056546043466145e-05,0.7785388255526301,-7.623444133932002e-05,Train130.csv,Normal
438,6.497860805174888,23.392298898629598,0,0.9841808625250315,-0.0019312538116626199,0.8385737708789635,-0.2138666341182036,1.0514773993856508,0.910275086508566,1.3879368237865661,0.030630508002215492,0.8957211526687668,-0.013528350021274269,0.9425499096991455,-0.007650865318887035,1.0638108082485875,0.009314453627820185,0.8595494772786186,-0.02181901069150971,1.060451997463132,0.007064563695821938,0.9625953342806123,-0.0048751939508762665,0.7091913866351172,-0.01409912268874687,1.3879368237865661,1.0638108082485875,1.060451997463132,1.2258738160175768,1.1707332098327619,0.030630508002215492,0.009314453627820185,0.01997248081501784,0.7091913866351172,0.8595494772786186,0.7843704319568678,-0.02181901069150971,-0.01409912268874687,-0.01795906669012829,0.18585772109512497,0.678745437151449,-20.293636013026457,0.18186367413083637,1.201493972386211,5.54517522294533e-07,3.246918571050653e-06,2.69240104875612e-06,0.8217662909822312,-9.041629438883238e-07,4.214849681872536e-06,5.11901262576086e-06,0.9001118050946533,-5.288695857646435e-06,4.774757114785346e-05,5.3036267005499896e-05,0.9300487279358789,-2.4382292769805737e-08,4.571354703137456e-07,4.815177630835514e-07,0.7516277939125764,-7.701243381160686e-08,2.633183668134022e-07,3.4033080062500906e-07,0.9191239262331548,-2.3523286714054245e-07,1.1870131598533293,4.6886524715096595e-07,1.005708257607424,6.076087531156071e-08,1.0904654859110536,2.1632360562987776e-07,2.094874050336113,1.572898002410494e-07,Train131.csv,Normal
663,9.835802999614044,35.40889079861056,0,0.9654104804012494,-0.015466928183843986,0.9240238973837565,-0.1055324684674348,0.8926525457982801,-2.019960335473293,0.7320221746623574,-0.16130409526370199,1.3179722650723125,0.08590395912925192,0.9895880677896384,-0.004548342021535923,1.0010537159335078,0.0004350701929730083,1.0894178860159027,0.02836352612390275,0.796015458108721,-0.10033827216311675,1.2680912899220977,0.12487253140922377,0.8848197133412846,-0.05683137475737182,1.3179722650723125,1.2680912899220977,1.0894178860159027,1.293031777497205,1.225160480336771,0.12487253140922377,0.08590395912925192,0.10538824526923785,0.7320221746623574,0.796015458108721,0.7640188163855393,-0.16130409526370199,-0.10033827216311675,-0.13082118371340937,0.19589312883341686,0.585950090409955,-22.43681889073777,-0.5226072669493118,0.750821949834292,-1.1282879275935798e-05,3.402764260962285e-05,4.5310521885558645e-05,0.8741975798255136,-3.990929090516182e-06,2.7802346911383815e-05,3.17932760019e-05,0.9950350086745055,-1.3951782732589643e-07,2.9964900813879974e-05,3.010441864120587e-05,0.7337664797208784,-1.2962919834851983e-06,3.600272682435418e-06,4.896564665920616e-06,0.8982428860192171,-1.836824585857842e-07,1.7096975706705646e-06,1.8933800292563488e-06,0.8760385699847972,-3.887102007969121e-06,0.7886266851023298,-4.574068391021254e-06,0.5936638647846606,-2.773047344123534e-05,1.6236667668604665,0.00014321935261870356,1.0706489980791667,1.424988675776984e-05,Train132.csv,Normal
1191,17.668840682564593,63.607826457232534,0,1.066205508650298,0.030257318777145714,0.9609840526007508,-0.05263285864013767,1.012534179095331,0.4769021839508838,0.9756599669048892,-0.004565963391048172,0.7017803681157156,-0.09881254605687959,1.1988260976132243,0.11919868334868944,0.8372796733595197,-0.14342059701023024,1.7926503233969389,0.33620582705536095,0.6900824896877501,-0.10633134010730844,1.2390397041934649,0.05889511527047486,0.8637329705200106,-0.02413640256686453,1.7926503233969389,1.2390397041934649,1.1988260976132243,1.515845013795202,1.410172041734543,0.33620582705536095,0.11919868334868944,0.2277022552020252,0.6900824896877501,0.7017803681157156,0.6959314289017329,-0.14342059701023024,-0.10633134010730844,-0.12487596855876934,0.34358590770019154,1.1025678337091889,4.571110714658403,0.341243404578464,1.5755220868500375,1.8776100083424754e-05,5.137318938930329e-05,3.2597089305878535e-05,1.1287837008520838,3.429141252851142e-06,2.9968628728585662e-05,2.653948747573452e-05,0.8366630940603155,-2.710006867252007e-05,0.00013886631319019879,0.00016596638186271886,0.8074119634584063,-1.5298526944679638e-06,6.455725442782519e-06,7.985578137250483e-06,1.032619179828877,6.398712664674463e-08,1.7090602134001698e-06,1.6450730867534251e-06,0.8361006319555686,-2.724243053374599e-05,1.1222679813284717,2.8152400955425306e-06,1.104121009110095,1.1661248487369264e-06,1.3243406837601306,1.7161180031800327e-05,0.969064071644688,-3.22040543923374e-06,Train133.csv,Normal
1244,18.45511151058804,66.43840143811694,0,0.8621581064111942,-0.10210246420742786,0.9205786264803528,-0.11906642082192254,1.033424711012457,0.48372992128390635,0.7414596483492066,-0.2576867783419414,0.9410447327019446,-0.06122697433633073,0.9866092328572602,-0.010748515511363577,0.7701660337577853,-0.2489531299829253,0.854089499451639,-0.05220682156374884,1.168994501406134,0.05061555246969068,0.9194056210397988,-0.031010654600685417,0.8515481425772982,-0.05434617452792945,1.168994501406134,0.9866092328572602,0.9410447327019446,1.0778018671316971,1.032216155655113,0.05061555246969068,-0.010748515511363577,0.019933518479163553,0.7414596483492066,0.7701660337577853,0.7558128410534959,-0.2576867783419414,-0.2489531299829253,-0.25331995416243336,0.1266041821038372,0.4275348530569274,51.71065183234103,0.6090042491942969,0.9477770771485508,-6.898545319412104e-06,0.00012538097319459004,0.00013227951851400215,0.89296685891893,-1.2417404992290273e-05,0.00010368060479579387,0.00011609800978808415,0.9977855635539433,-3.1018716913398066e-07,0.00014427062721352284,0.00014458081438265683,1.0738952917055908,8.860224517713174e-07,1.273093812436264e-05,1.1844915672591323e-05,1.0228326034347,8.569660519043688e-08,3.3909823721826087e-06,3.305285766992172e-06,0.9784573640530831,-3.33635981046652e-06,0.9129061575490371,-8.596568131307418e-06,0.8089965812058916,-8.779454693774086e-06,1.0484628982811592,6.74307625502256e-06,0.9824191361048503,-4.865176796457196e-06,Train134.csv,Normal
625,9.272061651219875,33.37942194439155,0,0.8932372513042123,-0.030546757490084397,0.894983760238846,-0.13075327889862032,0.7787144108445003,-5.5275447604590795,0.6849911526747756,-0.08047158322414422,0.9867575210282297,-0.0026270568671216687,1.2688109470532347,0.05900158927981755,0.8689769937784233,-0.02830212164515994,0.8432023542638526,-0.044314780171357565,0.8027129921196838,-0.09507886817279904,1.1230942504016213,0.0227163637328133,0.9145848697245109,-0.02823450129629107,1.2688109470532347,1.1230942504016213,0.9867575210282297,1.195952598727428,1.1262209061610287,0.05900158927981755,0.0227163637328133,0.040858976506315425,0.6849911526747756,0.8027129921196838,0.7438520723972297,-0.09507886817279904,-0.08047158322414422,-0.08777522569847163,0.174167082883345,0.5838197943784591,65.69714493642624,-0.16511222897526512,0.8050640319262782,-3.8898898616572774e-06,1.6106114675085777e-05,1.9996004536743055e-05,0.704334725515324,-1.0527653615828483e-05,2.510283082792257e-05,3.5630484443751054e-05,1.4243102860282788,3.973709840469523e-05,0.00013335456800143172,9.361746959673649e-05,0.6883436725298756,-6.871254857140259e-07,1.5397149833146442e-06,2.22684046902867e-06,0.4473704238846897,-5.684064529133561e-07,4.6823758843391206e-07,1.0366440413472682e-06,0.7651082944610551,-7.874977702850642e-06,0.7773892953521367,-1.3797269537165962e-06,0.5718082816122542,-2.4359723052909126e-05,0.7197078256202448,-2.0514940955478194e-05,0.8809399424516506,-1.1744666226984826e-06,Train135.csv,Normal
1142,16.941911049108956,60.99087977679224,0,1.0361253185336186,0.017411212734902815,0.9188652659343008,-0.11639007701263027,0.8558428242999103,-3.580025684297169,0.8343891430457057,-0.05447846016339192,0.7262357021997231,-0.13576599637646913,1.0300906913391625,0.012357946688092758,1.0270932403659,0.01385117980957673,1.0958065999713467,0.04128605271927677,0.8391740392883261,-0.10019818390412005,1.0426368260475314,0.024409814359759974,1.6725535682294654,0.27935745273617085,1.6725535682294654,1.0958065999713467,1.0426368260475314,1.384180084100406,1.2703323314161146,0.27935745273617085,0.04128605271927677,0.1603217527277238,0.7262357021997231,0.8343891430457057,0.7803124226227144,-0.13576599637646913,-0.10019818390412005,-0.1179820901402946,0.27023757788909375,0.9463178660297423,18.200542399149867,0.21299101296160838,1.4392216061037033,2.5567330023650438e-05,8.374510965126777e-05,5.817777962761733e-05,0.9259091966841333,-8.970186639979368e-06,0.00011222495945210305,0.00012119514609208242,1.228754020451603,4.4640202654423386e-05,0.00023973148466168635,0.00019509128200726297,0.9215295339315717,-8.318933909861111e-07,9.886899659025307e-06,1.0718793050011418e-05,0.9580403649180308,-6.159503979975228e-08,1.6346886221026818e-06,1.696283661902434e-06,1.2073415104262832,4.394001728409537e-05,0.9021223128311532,-9.525295628386843e-06,1.5706374406337147,1.506916527997547e-05,1.0802254403032197,5.928652159148829e-06,0.57875343511965,-0.00012914750702237932,Train136.csv,Normal
839,12.446815560597562,44.80853601815122,0,1.1002575005295585,0.04527721076419339,0.9382564164072497,-0.08198748189195659,1.270656292905161,5.516659782146718,0.8014194599866356,-0.03814247761059794,1.3136891520424698,0.0656171121588322,0.8466259974868094,-0.04350367702782365,0.9178770703991039,-0.029393260869905624,1.1371762520525395,0.050823392802839484,0.838223149398795,-0.13105216594335722,1.3760489394329527,0.11448550545264546,1.4016365320383775,0.27128015231366276,1.4016365320383775,1.3760489394329527,1.3136891520424698,1.3888427357356652,1.3637915411712669,0.27128015231366276,0.11448550545264546,0.1928828288831541,0.8014194599866356,0.838223149398795,0.8198213046927153,-0.13105216594335722,-0.04350367702782365,-0.08727792148559044,0.24129301208069015,0.6002170720517419,-6.3071063696127965,-0.2447244358196201,1.1286968844749612,9.881824091368288e-06,8.657783085790287e-05,7.669600676653458e-05,1.1025193588700706,5.560065672745976e-06,5.968682319753632e-05,5.412675752479034e-05,1.1746893777451333,1.295869430850024e-05,8.707280234323154e-05,7.41141080347313e-05,0.873113348552961,-6.236106811692443e-07,4.359906556013942e-06,4.9835172371831865e-06,0.9630543029014536,-4.044250213534473e-08,1.3148721649772462e-06,1.355314667112591e-06,1.257376084537532,2.078653568863695e-05,0.9881975784089783,-4.1028007910715513e-07,1.1721675953628192,8.032567844298818e-06,0.994451455282091,-1.0203233270276817e-06,1.6398449575068497,8.056474630971618e-05,Train137.csv,Side I
0,0.0,0.0,1,0.8936604259346591,-0.0033648873173786967,0.9127023246077187,-0.12017815601896342,1.0151721722485696,0.34981283402206387,0.9537678630747126,-0.0012674107782006047,0.9854268919866676,-0.0004040776267032163,0.8700003647802482,-0.004409158421650947,1.7646385576015648,0.007075656781214136,0.835799882920801,-0.0063764473238207,0.8650030951871304,-0.004742481546741267,0.7849912290571808,-0.007501175830627982,0.9229370027522618,-0.002772641037420566,1.7646385576015648,0.9854268919866676,0.9537678630747126,1.3750327247941163,1.2346111042209817,0.007075656781214136,-0.0004040776267032163,0.00333578957725546,0.7849912290571808,0.835799882920801,0.8103955559889908,-0.007501175830627982,-0.0063764473238207,-0.006938811577224341,0.2960652666391837,0.9796473285443841,28.32454258196765,-0.0886280445315899,0.5556030152210885,-6.301847573878967e-08,9.129064029879218e-08,1.5430911603758185e-07,0.833658550198238,-1.3440427036208336e-07,7.237153145890975e-07,8.581195849511808e-07,0.6868881534236333,-1.0618541613797136e-07,2.5488140042731696e-07,3.6106681656528833e-07,0.8323527175534253,-2.870959962949146e-08,1.9218945858713856e-07,2.2089905821663002e-07,0.8546592198527196,-3.924770793516877e-08,2.8959530560352184e-07,3.288430135386906e-07,1.0,0.0,1.0,0.0,1.0,0.0,1.0,0.0,1.0,0.0,Train138.csv,Normal
340,5.044001538263612,18.158405537749005,0,0.9587181491119121,-0.011621702447636884,0.9147203495321645,-0.11862563292132777,1.0720305385302096,1.4854669119703274,1.2384934194953,0.033227732529381854,1.060590976170299,0.017172683554952828,0.5485244432414511,-0.21457188158275725,1.4088311406277558,0.1159879141433931,1.0432950119969364,0.011442735082321132,0.9521651269780502,-0.013828487034898584,1.3880160894715663,0.0702044035178103,0.6928404645551617,-0.06277302106891677,1.4088311406277558,1.3880160894715663,1.2384934194953,1.3984236150496612,1.345113549864874,0.1159879141433931,0.0702044035178103,0.0930961588306017,0.5485244432414511,0.6928404645551617,0.6206824538983065,-0.21457188158275725,-0.06277302106891677,-0.138672451325837,0.2886928906918006,0.8603066973863047,-0.2577189810349978,0.10477481474168826,0.961830607183721,-1.4704549236920037e-06,3.7305986632187384e-05,3.877644155587939e-05,0.8789573017193026,-3.4776700865801776e-06,2.5325881958436956e-05,2.8803552045017133e-05,0.973461219645203,-2.2897118266785214e-07,8.765631872674055e-06,8.994603055341907e-06,0.8902366471860576,-1.3826892334599162e-07,1.2025364187367983e-06,1.3408053420827899e-06,0.8442627113609721,-9.644448101746565e-08,5.770429608641348e-07,6.734874418816004e-07,1.1043215710371783,2.3164736388363418e-06,0.7345167186703585,-1.1760213254140044e-05,0.7124369852877054,-2.8248364100385724e-05,1.0791026035195075,5.025434794914726e-06,1.7690406974961033,6.699941753442727e-06,Train139.csv,Normal
415,6.156648936409997,22.163936171075992,0,0.9039066719304497,-0.0217110410242613,0.9298588989845573,-0.09547558002294232,0.9943971913453085,-0.13650343619488936,1.1989276055413391,0.03388411252289045,0.8220140903174227,-0.07102861223066292,1.0399753794842856,0.004004454180538908,1.3825328837906021,0.04827526126293616,0.7920934207050058,-0.06468809655103303,1.1814329378047141,0.036763537309454364,0.8566381945968831,-0.016621634592614773,0.5945717418911565,-0.08391602610024704,1.3825328837906021,1.1989276055413391,1.1814329378047141,1.2907302446659705,1.2542978090455517,0.04827526126293616,0.036763537309454364,0.04251939928619526,0.5945717418911565,0.7920934207050058,0.6933325812980811,-0.08391602610024704,-0.07102861223066292,-0.07747231916545498,0.24445768878382376,0.7879611418994457,71.20558842870042,0.40463579912627434,0.6481758662788148,-2.7440238468625004e-06,5.0738184837179805e-06,7.817842330580481e-06,1.0481271305889042,9.424794766305105e-07,2.0307818609055248e-05,1.9365339132424737e-05,1.2587538781856529,1.220857737573956e-05,5.934213117008006e-05,4.71335537943405e-05,0.9977043382147057,7.468258160248238e-09,1.1003057301126436e-06,1.0928374719523954e-06,0.7200243286462266,-1.5393850095909612e-07,4.216070222158288e-07,5.755455231749249e-07,1.07218382078613,3.1742561112768806e-07,0.5925652012632243,-3.9841609160168695e-06,0.5696847564916498,-4.098580921376348e-05,1.0530741906706678,1.0758419482125604e-06,0.8396443345808282,-4.201558567400025e-07,Train140.csv,Normal
638,9.464920533565248,34.0737139208349,0,0.8738541555069124,-0.044420976845475746,0.9300477212293802,-0.10064523036284445,0.86377406479856,-2.507109907582935,1.0333009746724469,0.004287663175605888,0.975739178623473,-0.003437140833199126,1.0059444094293015,0.0013596155796292142,0.8520517067149164,-0.03566847846784141,2.6235225840950265,0.4108667723277424,0.33122495601428475,-0.5741124662713584,1.6020360198407224,0.10925168401070523,1.3271451510184542,0.034334867551732706,2.6235225840950265,1.6020360198407224,1.3271451510184542,2.1127793019678744,1.8509012516514012,0.4108667723277424,0.10925168401070523,0.2600592281692238,0.33122495601428475,0.8520517067149164,0.5916383313646005,-0.5741124662713584,-0.03566847846784141,-0.3048904723695999,0.6317578392940103,2.2922976280807417,39.76530553589798,0.6674948928638842,0.7412621100669774,-3.889525981345216e-06,1.1171811202221734e-05,1.506133718356695e-05,0.9466546214595786,-1.849808169005759e-06,3.300372115427998e-05,3.485352932328574e-05,1.0560037814590049,1.1481051520814423e-06,2.1460039179242446e-05,2.0311934027161003e-05,0.8942303295310582,-1.702473950778931e-07,1.5239027103232655e-06,1.6941501054011586e-06,0.8901974179153629,-9.50738468836408e-08,8.518603607531948e-07,9.469342076368356e-07,0.9597499291743761,-1.3587170693724702e-06,0.7172632897316085,-2.648134581098848e-06,0.8925216849364751,-1.6135531948224948e-06,0.6865391788393508,-3.3661369144900684e-05,0.4990836317139978,-6.390991832300012e-05,Train141.csv,Normal
6,0.0890117918517108,0.3204424506661589,1,0.7497563761001473,-0.04115696330127035,0.9479515445849832,-0.06495820618344439,0.7350633657559258,-12.87684216566759,1.1492229467570838,0.00262349802718842,0.5007362216866604,-0.16690689691931673,0.8937520511367044,-0.01393969382370322,1.11135570778663,0.013247723185974142,0.8353596792323116,-0.012819426251595448,1.072406890950265,0.012801864881277797,0.8136476649625201,-0.019064222787060936,0.768662987056783,-0.03670341883976584,1.1492229467570838,1.11135570778663,1.072406890950265,1.130289327271857,1.1109951818313264,0.013247723185974142,0.012801864881277797,0.01302479403362597,0.5007362216866604,0.768662987056783,0.6346996043717217,-0.16690689691931673,-0.03670341883976584,-0.10180515787954128,0.20139091720235847,0.6484867250704234,-84.55678762682712,0.9823256626086128,1.1217000891014766,7.883918069957076e-07,7.174375678023657e-06,6.3859838710279495e-06,0.20031405460024046,-3.272089216432199e-05,8.198790735081674e-06,4.0919682899403664e-05,0.7307628097512353,-1.1028474987866039e-07,3.264765232111456e-07,4.36761273089806e-07,0.9299783075795001,-4.674445482309936e-09,1.9489554597384873e-07,1.9956999145615866e-07,0.7790475379724775,-6.946045133327817e-08,2.8016645937921873e-07,3.496269107124969e-07,1.0,0.0,1.0,0.0,1.0,0.0,1.0,0.0,1.0,0.0,Train142.csv,Normal
860,12.75835683207855,45.930084595482775,0,1.081427012238745,0.04748777968187268,0.9376047427747255,-0.08062183756042951,1.0044258888911404,0.11630430803942104,0.699253486291171,-0.10633977839628109,1.2377033397945694,0.13075244178181678,1.2980783092340227,0.159843969901871,0.8262546681876274,-0.11560801231341866,1.24256035207965,0.09606239632861957,1.792473963225549,0.5145752513274662,0.5266061685444164,-0.34497417889501214,0.5282198319401403,-0.31771350028182266,1.792473963225549,1.2980783092340227,1.24256035207965,1.545276136229786,1.4443708748464072,0.5145752513274662,0.159843969901871,0.3372096106146686,0.5266061685444164,0.5282198319401403,0.5274130002422783,-0.34497417889501214,-0.31771350028182266,-0.3313438395884174,0.41783106942663883,1.2658677946811325,-86.78607858748248,-0.7371387478539786,1.48303096656463,3.996536345772659e-05,0.00012267337994825017,8.270801649052358e-05,1.2033453387267399,1.2962919610878362e-05,7.665204196098443e-05,6.368912235010607e-05,0.833538199249278,-3.9574139009045524e-05,0.00019821299421026345,0.00023778713321930898,0.9961576078813597,-2.9374442729859833e-08,1.020800310597085e-05,1.023737754870071e-05,0.8584859161180703,-3.2073332549311445e-07,2.006372045369175e-06,2.3271053708622896e-06,0.8695317866687259,-3.1407508315206285e-05,1.7506144271815258,1.5613299131695865e-05,1.4043957980644401,2.8102493218669597e-05,1.8426819977993794,0.00015326727957104056,2.380107722507511,0.00039580859830668446,Train143.csv,Normal
422,6.2604960269036605,22.537785696853177,0,1.021240921555134,0.003840911688805154,0.9366059741739374,-0.08100837628916913,0.9563269325939976,-1.2289055281881076,1.1168129654193149,0.010163884401584403,1.0047559725384407,0.0011219700967425306,1.3253642731548971,0.048728189781253595,1.3004468427113094,0.043679748791977474,0.9445320065677947,-0.014538447325580767,1.0562984498436236,0.011842244309474032,0.7288236794749482,-0.03602378663642422,0.7045263244067451,-0.04596764465917749,1.3253642731548971,1.3004468427113094,1.1168129654193149,1.3129055579331033,1.2475413604285073,0.048728189781253595,0.043679748791977474,0.046203969286615534,0.7045263244067451,0.7288236794749482,0.7166750019408467,-0.04596764465917749,-0.03602378663642422,-0.04099571564780086,0.2158602208901996,0.620837948748152,-24.276340526384445,-0.34308514325409334,0.7683020572482907,-1.1589881827513004e-06,3.876322832392256e-06,5.0353110151435566e-06,0.9368921664794193,-7.559119278631846e-07,1.1370646802415602e-05,1.2126558730278787e-05,1.2696598668690944,1.5385024028347674e-05,7.239138395932484e-05,5.700635993097717e-05,0.8536688530167583,-1.5154334507393184e-07,9.424140037496388e-07,1.0939573488235707e-06,0.8852515188978648,-3.458917356518979e-08,3.4399264587956527e-07,3.7858181944475506e-07,0.7794602758872663,-1.448265083797095e-06,1.484799578248132,1.5630975643613603e-06,1.2911338822825258,8.4127113136234e-06,1.8331101588109657,8.788933127194943e-06,1.370362779215166,2.562384006866458e-07,Train144.csv,Normal
296,4.391248398017733,15.808494232863838,0,0.8361337787508806,-0.03103409674771579,0.928841607971853,-0.09812212503965112,0.9948811334976589,-0.08221755975315403,0.8691804791984515,-0.016453075400093595,1.0793639366207486,0.006082813324372799,0.4358435473792395,-0.18558501006640624,1.0145759780742536,0.001564861986029828,0.7508066192384246,-0.05735833984930583,0.9623129797277649,-0.008062428555264095,1.4992253643393287,0.08622508646601043,0.7720984819356245,-0.02965085211605538,1.4992253643393287,1.0793639366207486,1.0145759780742536,1.2892946504800387,1.1977217596781102,0.08622508646601043,0.006082813324372799,0.046153949895191615,0.4358435473792395,0.7508066192384246,0.593325083308832,-0.18558501006640624,-0.05735833984930583,-0.12147167495785603,0.2870228118333114,1.0633818169600893,50.63890644587036,0.9249182285135893,0.8800642713373839,-2.259498656393131e-06,1.6653124999626167e-05,1.8912623656019298e-05,1.3019061955157964,2.9249330026872645e-06,1.257002801558424e-05,9.645095012896976e-06,0.9815388361653083,-7.971168895969881e-08,4.769770073025175e-06,4.849481761984874e-06,0.8170493893707648,-1.220020340382711e-07,5.895152846755993e-07,7.115173187138704e-07,0.7843489398261483,-9.928511332078836e-08,3.974831503394313e-07,4.967682636602196e-07,0.8483139542759164,-2.0771181817210357e-06,0.7699426049224751,-6.360594727903094e-06,0.32742771749926136,-4.863666760510741e-05,0.9478301230862352,-3.321878423805174e-07,0.770764607366473,-6.443317940588335e-07,Train145.csv,Normal
759,11.259991669241417,40.5359700092691,0,0.9407190788282692,-0.03748828245786717,0.900859524611326,-0.13884111125026344,1.1132158799674023,2.7849013133615976,1.2262864194093912,0.03829857508336307,0.5570478543635596,-0.295013501202865,1.2325364951974744,0.15792910678422545,0.9972641838563572,-0.002664650972949767,0.7686936547058911,-0.2218704907275736,1.085545744291739,0.03338253671039215,0.9986889807467784,-0.0005589757547130314,1.271734518748317,0.06819611115368152,1.271734518748317,1.2325364951974744,1.2262864194093912,1.2521355069728957,1.2435191444517275,0.15792910678422545,0.06819611115368152,0.11306260896895348,0.5570478543635596,0.7686936547058911,0.6628707545347254,-0.295013501202865,-0.2218704907275736,-0.25844199596521933,0.23285762534052293,0.7146866643847575,15.456371439618295,0.24631143883432394,0.6746286033970436,-4.990494215449253e-05,0.00010349418561651013,0.00015339912777100265,1.063200433147065,5.457072519967366e-06,9.16343381561416e-05,8.617726563617423e-05,0.9679908350666859,-2.1891621867381223e-06,6.650497899656718e-05,6.86941411833053e-05,0.9272079137249732,-5.600275026605618e-07,7.260871868829565e-06,7.820899371490127e-06,0.9459927801573836,-4.2953138300521846e-07,7.698850564557847e-06,8.128381947563066e-06,0.9944121124594497,-5.510965656712328e-07,0.8128934714539744,-8.141849234667752e-06,0.6573447477910117,-6.42772877633047e-05,0.6591222576755501,-0.0002476845543455777,0.8844396458313851,-3.6818843973370234e-05,Train146.csv,Normal
737,10.933615099118477,39.361014356826516,0,1.0381108546684177,0.007611133006818704,0.9612943519576702,-0.050525710362439025,0.9386956635941219,-1.2965283244170216,1.2730388145991858,0.046234342271815304,1.1049586285436048,0.01967545587021388,0.8248879936724347,-0.04979178218629593,1.082472385258266,0.023319056970670382,1.0086865033448051,0.001559579287971402,1.2739199896518056,0.04270026365879592,0.9098517549345637,-0.014415325447060146,1.0013847370585616,0.0001539309105298009,1.2739199896518056,1.2730388145991858,1.1049586285436048,1.2734794021254956,1.217305810931532,0.046234342271815304,0.04270026365879592,0.04446730296530561,0.8248879936724347,0.9098517549345637,0.8673698743034992,-0.04979178218629593,-0.014415325447060146,-0.03210355381667804,0.14898174386639793,0.44903199597937093,-15.377328089593448,-0.2528576007392127,1.1814098435255243,1.2349420167549712e-06,7.97728793663127e-06,6.742345919876298e-06,1.1878298683840476,4.3427054532573304e-06,2.7399885825222632e-05,2.3057180371965302e-05,1.38852714678696,1.0040595871454357e-05,3.584757147896424e-05,2.5806975607509882e-05,0.886965507663364,-1.2709705328076985e-07,1.075780984623549e-06,1.2028780379043189e-06,0.9034595269747515,-3.449314943648431e-08,4.1638246099115397e-07,4.508756104276383e-07,1.2191355620274649,5.190324125527344e-06,0.8469848326490899,-4.619523212412292e-07,1.6769917156656007,5.277441284640801e-06,1.507685038506858,2.072762866057725e-05,1.178584201538246,2.1003450185280417e-06,Train147.csv,Normal
0,0.0,0.0,1,0.9222500924619699,-0.0023090630890819086,0.9307088255432029,-0.08810546470420544,0.614618039674925,-17.513552143252667,1.1818165186808498,0.0034149184779006317,1.2276452819659391,0.0037994692883902177,0.9535373534562063,-0.0014901258893274157,0.544744420176836,-0.0099643176355844,0.9258406702560307,-0.002598183644610959,0.968933463742532,-0.00110915298651975,0.7885636339342722,-0.008035825121411037,0.9438145002889038,-0.0017503435444630247,1.2276452819659391,1.1818165186808498,0.968933463742532,1.2047309003233946,1.1261317547964405,0.0037994692883902177,0.0034149184779006317,0.0036071938831454247,0.544744420176836,0.7885636339342722,0.6666540270555541,-0.0099643176355844,-0.008035825121411037,-0.009000071378497718,0.2004939805272347,0.6829008617891031,-52.668240027396564,-0.30911967067942925,0.6552794622807184,-3.8475821900591415e-08,9.214771686885388e-08,1.306235387694453e-07,0.755038411765919,-2.3012002087055676e-07,7.401153809390619e-07,9.702354018096187e-07,0.808615004787753,-4.5756784280838976e-08,2.3557631745477189e-07,2.8133310173561086e-07,0.8810782665910728,-1.6010456715143388e-08,1.9270866189796323e-07,2.0871911861310662e-07,0.8090175446105614,-5.543284789457952e-08,2.7717897873186764e-07,3.3261182662644716e-07,1.0,0.0,1.0,0.0,1.0,0.0,1.0,0.0,1.0,0.0,Train148.csv,Normal
377,5.592907588015829,20.134467316856984,0,0.911518118887991,-0.028487408863389907,0.9485032562623887,-0.06281428440290093,1.171372625342855,6.278349551335758,0.7409078662751256,-0.11943600122755965,1.3352343957253896,0.055027703877496725,1.3865109224246224,0.10617945512555921,0.9236764456617934,-0.022228536487333972,0.7224838315719581,-0.08516387043531251,1.1673087119416383,0.052369756024301384,0.9058432302569351,-0.031563296047541434,0.5059183443889198,-0.1746808134191406,1.3865109224246224,1.3352343957253896,1.1673087119416383,1.360872659075006,1.2963513433638834,0.10617945512555921,0.055027703877496725,0.08060357950152797,0.5059183443889198,0.7224838315719581,0.6142010879804389,-0.1746808134191406,-0.11943600122755965,-0.14705840732335013,0.2916631942712604,0.8805925780357026,14.802508505942626,0.333787580641455,0.7342263114630093,-1.8179037852055207e-05,5.0249030461556766e-05,6.842806831361197e-05,0.676737145110722,-1.1060812863473674e-05,2.3176279544546978e-05,3.423709240802065e-05,1.2154369399438079,1.388394651163105e-06,7.77652976913605e-06,6.388135117972945e-06,0.9600761730153167,-3.461247129151092e-08,1.072827279878293e-06,1.107439751169804e-06,0.8709375135491951,-7.810820636519789e-08,5.945704618377612e-07,6.726786682029591e-07,0.8954054332035187,-3.99358237849615e-06,0.5771774111801702,-3.777059300103246e-05,0.6153558367511311,-8.866756683263677e-05,1.0717972657604655,1.5663955162885284e-06,0.6188699101682706,-1.757171137315013e-06,Train149.csv,Normal
876,12.995721610349776,46.784597797259195,0,1.0385186705509788,0.0258275666429435,0.9462484330851162,-0.07459037912236766,0.8981325154051849,-1.705577809223879,0.8405736709427452,-0.016083249859069157,0.9296559467759318,-0.035582681188417065,0.9198273569706465,-0.03378443419353677,0.8486245528529996,-0.08857162697499787,1.140636101572192,0.08931435602703275,1.053576590483999,0.0570891970821048,1.3090591652147054,0.1531855802393557,1.0104748312999245,0.01061215205759325,1.3090591652147054,1.140636101572192,1.053576590483999,1.2248476333934488,1.1677572857569656,0.1531855802393557,0.08931435602703275,0.12124996813319422,0.8405736709427452,0.8486245528529996,0.8445991118978724,-0.08857162697499787,-0.035582681188417065,-0.06207715408170747,0.14901337313585933,0.4684854942719603,5.338035667152127,0.040722823937337616,0.7125354499078592,-4.64114710959682e-05,0.00011506442718640702,0.00016147589828237522,1.19164505752547,1.5838864911540127e-05,9.842355906083458e-05,8.258469414929445e-05,1.3197693737913254,2.988739517097001e-05,0.00012331159375206165,9.342419858109164e-05,1.2948567480680542,2.507853821268812e-06,1.0969268627391198e-05,8.461414806122386e-06,0.9037029940411138,-3.2710751138530305e-07,3.1635985389069593e-06,3.4907060502922624e-06,1.3059958471531148,4.252985721489355e-05,0.7967590830543675,-1.0436607533166691e-05,0.7773211212293022,-1.3770014314343756e-05,1.4044393191671962,0.0001492636918374896,0.9403311204949251,-2.6623094899769987e-05,Train150.csv,Side I
699,10.36987375072431,37.33154550260752,0,0.972028568766185,-0.005489644424989726,0.8945881695839251,-0.14947920256573055,0.9564533811167918,-1.3106447092787583,1.4140263378819458,0.09067573454645605,1.0579098121577208,0.008045270596936632,0.6763962835943106,-0.10928514454523791,0.9453347218263523,-0.011294683605441669,0.926000685134688,-0.012261962234392493,0.8880475114345394,-0.013711192253696894,1.03082454447012,0.005109284664715219,1.1486687876763022,0.017718499462172146,1.4140263378819458,1.1486687876763022,1.0579098121577208,1.281347562779124,1.2068683125719897,0.09067573454645605,0.017718499462172146,0.0541971170043141,0.6763962835943106,0.8880475114345394,0.7822218975144251,-0.10928514454523791,-0.013711192253696894,-0.0614981683994674,0.20080779450025638,0.7376300542876352,7.987263236049557,-0.019031843846324392,0.9355270677219093,-8.204425188369601e-07,1.2050040646641194e-05,1.2870483165478154e-05,0.693315481323903,-5.672986640340772e-06,1.2847412823164016e-05,1.8520399463504788e-05,1.0333722893923107,9.241799983464111e-07,2.8307565798154404e-05,2.7383385799807992e-05,0.7756288293421268,-3.29602294707814e-07,1.17397136857555e-06,1.503573663283364e-06,0.9346765744794902,-2.2305546912707523e-08,4.6224210816340977e-07,4.845476550761173e-07,0.6914080133008181,-5.992639540100787e-06,0.5267803367102636,-4.599412585576282e-06,1.428807506196088,8.411856848468474e-06,0.7493198965407085,-1.0924825622398782e-05,0.9045393645312102,-9.89066704403806e-07,Train151.csv,Normal
1112,16.496852089850403,59.38866752346145,0,1.083540967119163,0.028484370080249566,0.8993317327832485,-0.1351587646254604,0.9332711771087979,-1.255660127749234,0.8449561419471895,-0.04636851628040678,0.974039741540695,-0.010642978789865476,0.9627748814662745,-0.0188059750471275,1.0870705069598405,0.03885402994830184,1.1545457596380615,0.028528272220515544,0.9088072318309164,-0.025833889030838775,1.5422666551869813,0.1335381352855717,1.8050443768311415,0.16733551145013562,1.8050443768311415,1.5422666551869813,1.1545457596380615,1.6736555160090614,1.5006189305520614,0.16733551145013562,0.1335381352855717,0.15043682336785366,0.8449561419471895,0.9088072318309164,0.876881686889053,-0.04636851628040678,-0.025833889030838775,-0.03610120265562278,0.3168966466442369,0.960088234883952,-68.27167165045665,-0.24091249720583452,1.0774199998679312,2.23777018580416e-06,3.100289534215208e-05,2.876512515634792e-05,0.7197165345504268,-7.294455130976728e-06,1.8756501120082975e-05,2.6050956251059703e-05,0.7228399173738699,-3.156283698981621e-05,8.234269042184859e-05,0.0001139055274116648,0.7366877254655959,-1.7905236486613789e-06,5.0374547625050346e-06,6.827978411166413e-06,0.8717280418825706,-1.264062807917453e-07,9.270083796975651e-07,1.0534146604893104e-06,0.7334194970999336,-3.126223481569053e-05,0.6377670835517171,-7.662458790855708e-06,0.8980828924394751,-1.4320584855922398e-06,1.1285476705288,5.239899291575718e-06,1.2230128710775068,2.2091620234605228e-05,Train152.csv,Normal
319,4.732460266782624,17.03685696041745,0,1.1617743971395624,0.04066832462853559,0.9331409403361728,-0.0911271388894701,0.8435200678632184,-3.9270781402604413,1.302999355458426,0.10020611816962405,1.4090041374083613,0.11258075919997901,1.447926300054986,0.11814308805410095,0.7908250527874714,-0.055653467436269755,1.2507629244581817,0.0452329167277257,1.0312930769278268,0.006911121968258105,0.8644811823434373,-0.03110811060977245,0.5511730431769188,-0.09633928877785718,1.447926300054986,1.4090041374083613,1.302999355458426,1.4284652187316738,1.386643264307258,0.11814308805410095,0.11258075919997901,0.11536192362703998,0.5511730431769188,0.7908250527874714,0.6709990479821951,-0.09633928877785718,-0.055653467436269755,-0.07599637810706347,0.30302517261440676,0.8967532568780672,-7.4822650938698985,-0.097534698177145,1.1445270048745222,6.53354081342988e-06,5.166071652044456e-05,4.512717570701468e-05,0.9801452362706023,-3.695911064373565e-07,1.8738798394986014e-05,1.910838950142337e-05,1.046426526626684,3.701436828332669e-07,8.117426189215579e-06,7.747282506382312e-06,0.9161118838698238,-7.722952441997813e-08,9.526021995946209e-07,1.029831724014599e-06,0.9772706654730208,-4.157616518980779e-09,6.087210032741336e-07,6.128786197931144e-07,1.3602329480647968,8.079192843908043e-06,1.4455488501765366,2.942018102839472e-05,1.5976447117210877,3.874398385282864e-05,0.9025741704824537,-6.771891972482603e-06,0.7193023862912057,-3.0585818565731957e-06,Train153.csv,Normal
1034,15.339698795778162,55.222915664801384,0,1.2129548290549441,0.09265707177066912,0.9609596038311347,-0.049017622509306635,0.9535755252550687,-1.4864799302935872,1.61016825240976,0.2852738478342965,1.3331041193379176,0.0745916626647169,0.8479052148140664,-0.06950687339286266,1.1334094576706464,0.04663036886835309,0.8745947432233974,-0.06052889900236652,1.1960907983352245,0.07870720619331328,1.4817667636462244,0.2860116709309034,0.7014679600698773,-0.1224494874495059,1.61016825240976,1.4817667636462244,1.3331041193379176,1.5459675080279922,1.4750130451313008,0.2860116709309034,0.2852738478342965,0.2856427593826,0.7014679600698773,0.8479052148140664,0.7746865874419719,-0.1224494874495059,-0.06950687339286266,-0.09597818042118428,0.3012439409895115,0.9087002923398827,-63.99277754600158,-0.5786414040205043,1.3017156448535412,3.505869079519121e-05,0.000151213335860927,0.00011615464506573578,1.176780827214723,1.0434223443959104e-05,6.939115785759624e-05,5.895693441363714e-05,0.9829527950042231,-2.1359993585592094e-06,0.0001237397020858025,0.0001258757014443617,1.2849877497603877,1.8354013212889944e-06,8.230593554371845e-06,6.395192233082851e-06,1.3731107927748998,3.740490403245728e-07,1.3397620118445526e-06,9.657129715199798e-07,0.9841433470632817,-2.4229897671126954e-06,1.4141288803313459,1.5690418306037785e-05,1.3228421285628755,9.822996899041512e-06,2.6139789482526035,0.0002462812626595713,2.138118534810938,0.00017221509904046819,Train154.csv,Normal
0,0.0,0.0,1,0.8830299967557429,-0.003489944019583288,0.9263312227630625,-0.09623752553803011,1.0081035780646592,0.1978853583229352,0.7286232650292098,-0.009171953601488942,0.7669107429339048,-0.008109220932750471,0.9178395871638625,-0.002496876348443783,0.9264934767023595,-0.002731666901009115,0.8636047383926653,-0.00263174077053991,1.2760675371936563,0.005579039573271199,0.8963159562279583,-0.002943549995604488,0.880864445846089,-0.00352949063570758,1.2760675371936563,0.9264934767023595,0.9178395871638625,1.1012805069480078,1.0401335336866262,0.005579039573271199,-0.002496876348443783,0.001541081612413708,0.7286232650292098,0.7669107429339048,0.7477670039815574,-0.009171953601488942,-0.008109220932750471,-0.008640587267119706,0.1544473610876442,0.5474442721644465,-37.06064420080486,-0.30906781853352516,0.5560504238364099,-6.45630395856893e-08,9.339080830403976e-08,1.5795384788972906e-07,0.9256754484103056,-4.972322082843886e-08,7.438231114540408e-07,7.935463322824797e-07,0.8554425199676728,-3.562232261322216e-08,2.6997755228097015e-07,3.055998748941923e-07,0.7127953144645816,-5.626496872808948e-08,1.6445887411087987e-07,2.2072384283896935e-07,0.8106552524047614,-5.002259426309887e-08,2.5697903913530364e-07,3.070016333984025e-07,1.0,0.0,1.0,0.0,1.0,0.0,1.0,0.0,1.0,0.0,Train155.csv,Normal
136,2.0176006153054447,7.263362215099601,1,0.9731538526920545,-0.005062132764072275,0.9363335694092054,-0.07554256166499695,1.1208123962134433,2.8310369217579066,1.7720563437660615,0.050975122273989606,1.387310171665139,0.06290829999869954,0.7938890839200273,-0.041262617342483515,1.0150767877862186,0.003307019132939071,0.6932190881939962,-0.08139193408212894,1.3935525120283825,0.06550498933120374,0.9023305414330379,-0.01774847912911917,0.6726976712242915,-0.06070207495332576,1.7720563437660615,1.3935525120283825,1.387310171665139,1.582804427897222,1.5176396758198611,0.06550498933120374,0.06290829999869954,0.06420664466495164,0.6726976712242915,0.6932190881939962,0.6829583797091439,-0.08139193408212894,-0.06070207495332576,-0.07104700451772736,0.3716214652919362,1.0993586725417699,9.462667239552786,0.2086406249750734,1.0151064116810975,4.877117646621599e-07,3.2100824833923386e-05,3.1613113069261226e-05,1.0997732848200041,9.60073357493097e-07,1.0472395482168822e-05,9.512322124675725e-06,0.8615748963847252,-1.0611228861207917e-07,7.226971872673123e-07,8.288094758793915e-07,0.8129879853665838,-3.7401385570621214e-08,2.0606567462622302e-07,2.4346706019684423e-07,0.9077221705131869,-2.1311346608207438e-08,3.0800468176328774e-07,3.293160283714952e-07,1.0,0.0,1.0,0.0,1.0,0.0,1.0,0.0,1.0,0.0,Train156.csv,Normal
0,0.0,0.0,1,0.9310907668223836,-0.0020026515448923303,0.9417957011170521,-0.07043150591111336,1.006194164041822,0.1829505201419579,1.0385721793340064,0.000763348707164796,0.8646894428870997,-0.0026714065073651996,1.0996111778995932,0.002637728980384727,0.6479960680231162,-0.011123884619588714,0.9295636202927391,-0.0022641576540629454,1.09517474404877,0.0030122904012733417,0.88818072937696,-0.004219412731248623,0.8983522819102892,-0.00290500004663961,1.0996111778995932,1.09517474404877,1.0385721793340064,1.0973929609741817,1.07778603376079,0.0030122904012733417,0.002637728980384727,0.0028250096908290345,0.6479960680231162,0.8646894428870997,0.7563427554551079,-0.011123884619588714,-0.004219412731248623,-0.007671648675418669,0.13888826375449675,0.451615109876477,-43.9571239110611,-0.20083970337013302,0.6744474017927716,-3.42397172951557e-08,9.165143374703381e-08,1.258911510421895e-07,0.7951204553976581,-1.4019346285903207e-07,5.828883250302761e-07,7.230817878893082e-07,0.8078668723529764,-5.80951141026581e-08,2.863211957580687e-07,3.444163098607268e-07,0.8328457536468007,-2.7879768826565363e-08,1.8873588499610136e-07,2.1661565382266672e-07,0.7927087723049163,-5.738308333354735e-08,2.5768172564459686e-07,3.150648089781442e-07,1.0,0.0,1.0,0.0,1.0,0.0,1.0,0.0,1.0,0.0,Train157.csv,Normal
671,9.954485388749658,35.83614739949877,0,0.9091330560465801,-0.048753000943364044,0.8947951303130661,-0.15836319456631687,0.866635668599363,-2.224527746488384,1.2284162845837612,0.07191291187074511,0.9624333047195651,-0.010563486746030526,0.5876469851607725,-0.27823985239050747,0.9812810621884233,-0.012981262809385052,1.574356839959149,0.21943791221177067,0.888584116273257,-0.06796066316692717,1.036063345989024,0.019834871135602117,0.4663008235222142,-0.32375090282175994,1.574356839959149,1.2284162845837612,1.036063345989024,1.4013865622714552,1.2796121568439782,0.21943791221177067,0.07191291187074511,0.1456754120412579,0.4663008235222142,0.5876469851607725,0.5269739043414934,-0.32375090282175994,-0.27823985239050747,-0.3009953776061337,0.3246070474140874,1.1080560164369349,17.445448570592276,0.5455115548517737,0.9830480504380466,-1.1297563271660526e-06,6.609477165444693e-05,6.722452798161298e-05,1.1684664947645307,8.989760026565844e-06,6.228270337513527e-05,5.329294334856943e-05,0.8720014408807062,-4.722594877009536e-06,3.224121880943039e-05,3.696381368643993e-05,0.7723789164825823,-2.058154256714928e-06,7.017797820991757e-06,9.075952077706685e-06,0.3929667623381645,-3.1815938088885873e-06,2.0660982100557725e-06,5.24769201894436e-06,1.1739887805394045,9.069131751577548e-06,0.9479312808372257,-1.8074987136470374e-06,0.8911515354563571,-1.0519021419711178e-05,0.6708081691964082,-0.00014528476762868997,0.46068051882729616,-0.00017033737068689704,Train158.csv,Normal
793,11.764391823067779,42.351810563044005,0,1.08871874874206,0.019275912725188415,0.8381397079171014,-0.19930228124592353,0.9767496347404067,-0.9019445635764143,1.2834598332999538,0.047188030405919124,1.3817398379316423,0.07964744820501543,0.8476428819334252,-0.04678120029534627,0.9986507890706162,-0.0003977782353647985,0.981964262142134,-0.0033233498381549653,1.4562401791454223,0.07697305825728973,0.9293945893161383,-0.012710779662139154,1.194578969747872,0.033911189369627975,1.4562401791454223,1.3817398379316423,1.2834598332999538,1.4189900085385323,1.373813283459006,0.07964744820501543,0.07697305825728973,0.07831025323115258,0.8476428819334252,0.9293945893161383,0.8885187356247817,-0.04678120029534627,-0.012710779662139154,-0.029745989978742712,0.211104095223268,0.6085972972119971,77.32268900015416,0.1329541989583447,1.0604061282067132,5.101590954437624e-07,8.780098735544345e-06,8.269939640100583e-06,2.3429957933810015,4.541796558298336e-05,7.92189170444682e-05,3.380095146148484e-05,1.4320980824729075,5.727922099879662e-06,1.895084844649953e-05,1.3222926346619868e-05,1.0488072818788607,8.024036913888492e-08,1.5093774494053323e-06,1.4291370802664474e-06,0.8660750282822571,-5.447956270155429e-08,4.169807794178372e-07,4.714603421193915e-07,2.4219482063305526,4.8930980570651993e-05,0.8935857659477402,-4.542857024971423e-07,1.0760317637888897,4.635313185739785e-07,0.7124399000342363,-1.7050933072665615e-05,0.611996608141785,-1.2187573553890814e-05,Train159.csv,Normal
685,10.162179569736983,36.58384645105314,0,1.0780604629623771,0.03479879552101667,0.902737874192799,-0.14000986724510733,0.9137177262895311,-1.793409127037524,0.9340612700518236,-0.013803847938197694,0.8599370877403983,-0.03589683127493842,1.0012226091094498,0.000581377609098932,0.6577882759303022,-0.23877473105496166,1.2110878512894752,0.09320247589318803,2.0758429826998133,0.4638906415167073,0.6705775214621463,-0.15228557402525805,0.9014185010049882,-0.04098030896870919,2.0758429826998133,1.2110878512894752,1.0012226091094498,1.643465416994644,1.4293844810329126,0.4638906415167073,0.09320247589318803,0.27854655870494766,0.6577882759303022,0.6705775214621463,0.6641828986962243,-0.23877473105496166,-0.15228557402525805,-0.19553015254010986,0.42560935195952665,1.418054706769511,-39.54548487699765,-0.7182821041457275,0.915880920242654,-5.541817457075717e-06,6.044768554617581e-05,6.598950300325153e-05,1.21623112263182,9.431380866875254e-06,5.299226350488095e-05,4.3560882638005696e-05,0.9875230022515432,-4.4199847436714255e-07,3.577454283626583e-05,3.6216541310632976e-05,1.0406783458340854,1.9784505586393093e-07,4.805659571481019e-06,4.6078145156170885e-06,1.7605199437364207,2.1160581648761847e-06,4.875292794712661e-06,2.7592346298364763e-06,1.2110809680515362,9.160760042895001e-06,0.980255131864899,-4.46791453025261e-07,0.834325167143711,-1.8583959716904507e-05,2.652483104621973,0.00030338690889956347,1.8541700309896179,8.01482629614021e-05,Train160.csv,Normal
0,0.0,0.0,1,0.898035827992477,-0.003026859442113318,0.9412243098620645,-0.07794766497382555,1.0377498679540398,0.7740751545692923,0.8735747252776727,-0.004882443047625834,0.5627962491907376,-0.012713278718254489,1.4612380390506052,0.007751245274256968,0.828138348575195,-0.004784219766910177,0.9939824769160538,-0.00018577678049885513,0.9486400979464404,-0.0011172311985130114,0.931537243374889,-0.002400379532074573,0.8430957300134935,-0.0049612510798346734,1.4612380390506052,0.9939824769160538,0.9486400979464404,1.2276102579833295,1.1346202046376999,0.007751245274256968,-0.00018577678049885513,0.0037827342468790565,0.5627962491907376,0.828138348575195,0.6954672988829662,-0.012713278718254489,-0.0049612510798346734,-0.008837264899044581,0.23521449123093793,0.8984417898598677,152.53091974747667,0.6274646594201378,0.6444825808462215,-3.433646692056149e-08,8.03732224839507e-08,1.1470968940451219e-07,0.7786190413629839,-1.7181202167250623e-07,6.394511203423928e-07,8.11263142014899e-07,0.7590914671760275,-7.329814257022204e-08,2.624685332456425e-07,3.357666758158645e-07,0.9142450605695839,-1.0633683256537113e-08,2.1997850064314156e-07,2.3061218389967867e-07,0.8099129095204635,-5.563856842898839e-08,2.7966930210235946e-07,3.3530787053134785e-07,1.0,0.0,1.0,0.0,1.0,0.0,1.0,0.0,1.0,0.0,Train161.csv,Normal
0,0.0,0.0,1,0.9054988274855674,-0.002988830293544544,0.9299871842491775,-0.09772503131765897,0.9837954100148047,-0.45925060271319396,0.9995136401076482,-1.4796280024542696e-05,0.9462312651835079,-0.0016743032950913284,0.8130639405702222,-0.006420032571508187,1.4376377669764249,0.007380261647344951,0.8128176931453769,-0.007268185589020738,0.8257582097815799,-0.005486288462877405,0.8554991376235791,-0.004142999377312672,0.9233017243054062,-0.0027875709602325632,1.4376377669764249,0.9995136401076482,0.9462312651835079,1.2185757035420366,1.1277942240891938,0.007380261647344951,-1.4796280024542696e-05,0.003682732683660204,0.8128176931453769,0.8130639405702222,0.8129408168577996,-0.007268185589020738,-0.006420032571508187,-0.006844109080264463,0.19457717396221097,0.624820073831048,89.69040096399272,0.3013487834371187,0.5806618195011848,-5.512261859571958e-08,9.01759485851994e-08,1.4529856718091899e-07,0.7149902182585367,-2.2547865063982937e-07,5.907338716147074e-07,8.162125222545368e-07,1.2688471968221802,8.389867884288135e-08,3.4877109602400256e-07,2.648724171811212e-07,1.0084063131617402,1.189496162578448e-08,2.2731621221742785e-07,2.1542125059164337e-07,0.8519705870004536,-4.154722154613029e-08,2.9667561134646696e-07,3.3822283289259725e-07,1.0,0.0,1.0,0.0,1.0,0.0,1.0,0.0,1.0,0.0,Train162.csv,Normal
870,12.906709818498065,46.46415534659304,0,1.1515316500494934,0.07563540307965,0.9436909604869218,-0.07202495319202384,0.9119919304636944,-2.098077106086315,0.7445465037459181,-0.048338470102489345,0.958742516298234,-0.017370795265451544,0.8083261724294811,-0.06034300503418483,0.806623447620499,-0.09335917051320519,1.5260617587990168,0.24819869797378485,0.7540882101917143,-0.20136216023466946,1.5579428038145071,0.15669921029619982,1.5562902030050998,0.38374961806535,1.5579428038145071,1.5562902030050998,1.5260617587990168,1.5571165034098033,1.5467649218728745,0.38374961806535,0.24819869797378485,0.3159741580195674,0.7445465037459181,0.7540882101917143,0.7493173569688163,-0.20136216023466946,-0.09335917051320519,-0.14736066537393733,0.35978915087329993,0.813396300068589,-6.574226753072594,-0.3159471788735839,1.1516259776599873,1.4064198506038287e-05,0.00010674411037294828,9.267991186691e-05,1.241592796024151,1.8754648395861054e-05,9.633242710589854e-05,7.757777871003748e-05,1.8447292416941377,6.969570050980118e-05,0.00015218041842680354,8.248471791700235e-05,1.243783622733212,1.463239322653159e-06,7.414424517786353e-06,5.951185195133194e-06,1.9061068576504756,1.4496085804492322e-06,3.0283931352666636e-06,1.5787845548174314e-06,1.699680758637418,8.65902149589468e-05,1.2586678048031033,1.1577879937007618e-05,1.0907628373041225,3.039982506492074e-06,1.8945545886667428,0.00021199732095583904,1.5848044995131163,0.00013525228528538628,Train163.csv,Side I
1248,18.514452705155847,66.65202973856105,0,0.936698728297671,-0.05553838716530246,0.8310924132870932,-0.23126379612603287,1.1444895934679609,2.4255415826070745,0.45325714762215236,-0.46726106596098166,0.4261643820160047,-0.7479869459367705,1.4670964852115334,0.30405446923713075,0.6004778081761257,-0.4285046345563338,1.2275357527891415,0.2078581370776874,0.953962981776884,-0.0330929133761968,1.6181231502868203,0.3454133085633201,1.477702236593434,0.3347749847461394,1.6181231502868203,1.477702236593434,1.4670964852115334,1.5479126934401273,1.5209739573639294,0.3454133085633201,0.3347749847461394,0.34009414665472976,0.4261643820160047,0.45325714762215236,0.43971076481907856,-0.7479869459367705,-0.46726106596098166,-0.6076240059488761,0.45605507113658067,1.1919587682708155,74.47433703326277,0.9582655816078889,1.3172303850208669,8.188665788216566e-05,0.0003399750675814131,0.0002580884096992474,0.913011979997425,-3.1302140611772584e-05,0.0003286470883814346,0.0003599492289932072,1.2472646915547945,8.819501287911862e-05,0.00044482716960846563,0.000356632156729347,0.8825046443193673,-4.57857609400013e-06,3.4464678968033645e-05,3.9043255062033775e-05,0.9112706918142232,-7.22323481678856e-07,7.521132976536222e-06,8.243456458215078e-06,1.2809064929178569,0.00010985948982943105,0.8188297435939985,-5.5300772013073683e-05,1.20517905089657,3.468824520227239e-05,1.7655852407334531,0.00013243587984304738,0.3726118805155772,-0.0008302896191394158,Train164.csv,Side II
0,0.0,0.0,1,0.8635970193456854,-0.0043753042732117865,0.9089828976334945,-0.12786273686941096,0.9620502685137348,-0.7004783730442838,0.9192466682684622,-0.00259217142854324,0.900432224355695,-0.0033553861964632226,0.8083815059917363,-0.006032627332077833,1.3282849355700468,0.006553232515893594,0.7648730234240328,-0.009274735325886442,0.8569274068551794,-0.0045229476555873685,0.9027463172349781,-0.0026807847851028944,0.7341601812440026,-0.009804672151079157,1.3282849355700468,0.9192466682684622,0.9027463172349781,1.1237658019192545,1.050092640357829,0.006553232515893594,-0.00259217142854324,0.0019805305436751772,0.7341601812440026,0.7648730234240328,0.7495166023340177,-0.009804672151079157,-0.009274735325886442,-0.0095397037384828,0.17312898733047358,0.5941247543260442,-0.73160206534385,-0.08091626359583337,0.44451191588522027,-8.592326606724262e-08,7.675958494315301e-08,1.6268285101039563e-07,0.7301092327365107,-3.076126885352759e-07,8.592067030862114e-07,1.1668193916214873e-06,0.9511360031784861,-1.0697669714698526e-08,4.028794230536468e-07,4.1357709276834535e-07,0.9577152460768787,-6.925979494212168e-10,2.421786371265036e-07,2.4287123507592484e-07,0.7737173449938939,-8.093770796309661e-08,3.1093890940575437e-07,3.91876617368851e-07,1.0,0.0,1.0,0.0,1.0,0.0,1.0,0.0,1.0,0.0,Train165.csv,Normal
599,8.88634388652913,31.990837991504865,0,0.9768395188350579,-0.003809018457269442,0.945089033763753,-0.07389892629580208,0.8982287458541653,-2.976407612592663,0.9766425196878493,-0.003943445593033501,1.1905124309836317,0.025857349346320474,0.9819277539485434,-0.0032529623815950592,0.9847605598799594,-0.0027423213087979237,1.081382694574909,0.013289002350147877,1.0555277681093413,0.00805362762281342,0.8798792552868093,-0.01926597255321738,0.715631560185356,-0.05027187655806442,1.1905124309836317,1.081382694574909,1.0555277681093413,1.1359475627792703,1.1091409645559607,0.025857349346320474,0.013289002350147877,0.019573175848234176,0.715631560185356,0.8798792552868093,0.7977554077360827,-0.05027187655806442,-0.01926597255321738,-0.0347689245556409,0.13236532645014304,0.4748808707982757,52.293061099080376,-0.021017130936485273,1.0320361174932673,3.834796318971224e-07,1.203155998372539e-05,1.1648080351828267e-05,0.9851970948541128,-1.3342735770953694e-07,9.545708409629081e-06,9.679135767338618e-06,1.169685144043777,8.178396858159564e-06,5.630694725507704e-05,4.812855039691748e-05,1.0168810860710442,2.5144679642969745e-08,9.122836184075282e-07,8.871389387645585e-07,0.7996161037978264,-7.605682745917411e-08,3.4340296991071377e-07,4.194597973698879e-07,0.9814940089179888,-2.1206169694785784e-07,0.9687208425693496,-1.9268115060039674e-07,0.6636316801404928,-4.400341596858676e-06,0.8693452410795391,-3.641042049866628e-06,1.0106899158300287,2.7643076274666463e-08,Train166.csv,Normal
957,14.197380800347872,51.11057088125234,0,0.8921143851243192,-0.03729414644319301,0.8974112147602877,-0.13807773372330368,1.174824058938844,3.986205594558829,0.7696507368944959,-0.05555364485484865,0.969779892524543,-0.005254882466938254,0.8547511717866485,-0.04060443979594558,1.0884578359385801,0.02595183031890086,0.9006931045030728,-0.024649648067244262,0.7656991731722067,-0.11951653173205273,0.8018867516096817,-0.09196074424990791,1.0913024323060803,0.03720741607603523,1.0913024323060803,1.0884578359385801,0.969779892524543,1.08988013412233,1.049846720256401,0.03720741607603523,0.02595183031890086,0.03157962319746804,0.7656991731722067,0.7696507368944959,0.7676749550333513,-0.11951653173205273,-0.09196074424990791,-0.10573863799098032,0.12422820287847312,0.32560325913387356,-11.223821611416724,0.04357337364832503,0.7678551808551899,-1.9813055440415017e-05,6.556784629687316e-05,8.538090173728818e-05,1.0665897203832246,1.7969222960980357e-06,2.862172931757637e-05,2.6824807021478333e-05,0.5828962413815957,-2.0894047184004283e-05,2.921309214182176e-05,5.010713932582604e-05,0.9068185353586621,-3.3454284950864227e-07,3.353004198445714e-06,3.687547047954356e-06,0.8077218043415038,-1.8499675417540782e-07,8.191419187386023e-07,1.0041386729140101e-06,0.679616217761822,-1.9998965627037126e-05,1.0680950257523358,9.87057473479034e-07,1.4667421984782856,4.300346141250617e-06,0.6350434547044141,-6.352427148824971e-05,1.0463985887938416,5.669470643798107e-06,Train167.csv,Normal
671,9.954485388749658,35.83614739949877,0,1.0752025961702947,0.03445607448507004,0.9149220946591813,-0.11098014682260571,0.8194442316319085,-4.360892288927953,1.608578794287562,0.2508772397265032,1.1779034938694946,0.054110182533688156,0.8385769126356897,-0.04416121973999221,1.164654795645648,0.06841896784307688,1.0099060222500396,0.005043778122923226,0.8016458426411724,-0.10819105136264229,1.3222164746996545,0.15785744137430308,0.7531269644715387,-0.15071044529367067,1.608578794287562,1.3222164746996545,1.1779034938694946,1.4653976344936082,1.3695662542855702,0.2508772397265032,0.15785744137430308,0.20436734055040315,0.7531269644715387,0.8016458426411724,0.7773864035563556,-0.15071044529367067,-0.10819105136264229,-0.12945074832815648,0.27435689619488973,0.8554518298160233,-21.259638286371995,0.024776136887424194,1.4608153346492554,1.9633346836291783e-05,6.220731781292579e-05,4.257397097663401e-05,1.2017535809780717,8.824529234968718e-06,5.250410932686682e-05,4.36795800918981e-05,1.4057266214703013,1.1414331278112096e-05,3.951274387569876e-05,2.8098412597586665e-05,0.7403812984540682,-2.0997218226270112e-06,6.016510263368374e-06,8.116232085995385e-06,0.4416257516299213,-2.1449911156003302e-06,1.7044116449869514e-06,3.849402760587282e-06,1.2068427751972257,8.843331591019599e-06,1.2530070472201564,6.425554788300082e-06,1.9480098699746242,5.88878242457611e-05,1.4936061541194618,0.00014044931191001448,0.7742083758596233,-3.919806718187286e-05,Train168.csv,Normal
1092,16.200146117011364,58.320526021240916,0,0.7701326892202501,-0.1649399444994627,0.838181927569213,-0.21963057347666837,1.3177835341131843,10.279383067401284,0.614688894162185,-0.2828876031585544,0.769438233222038,-0.10395828806834179,1.5717545338922694,0.3066871748174067,1.036314356684826,0.016890392173885216,0.7270166349480104,-0.17579857047766828,1.1929380926257556,0.09981869655553033,0.537293224172669,-0.5522325081024747,0.4634873742145274,-0.4695002645197454,1.5717545338922694,1.1929380926257556,1.036314356684826,1.3823463132590126,1.2670023277342837,0.3066871748174067,0.09981869655553033,0.20325293568646852,0.4634873742145274,0.537293224172669,0.5003902991935982,-0.5522325081024747,-0.4695002645197454,-0.51086638631111,0.352813505345977,1.108267159677742,69.88298336959895,0.2855040485155307,0.5437416341554062,-0.00016630790193983513,0.000198207801894568,0.00036451570383440313,0.7197767701223866,-4.844675187093769e-05,0.00012446521427762546,0.00017291196614856316,1.2531873094514003,5.069083152870984e-05,0.00025085212620585515,0.0002001612946771453,0.7522184782112075,-2.6465955159847996e-06,8.06492841689856e-06,1.071152393288336e-05,0.6685931000076571,-1.0832229412143622e-06,2.2055102512436735e-06,3.2887331924580357e-06,1.1543314365965445,3.642386724399553e-05,0.7560729052129239,-3.359357509296388e-05,0.5831153245908921,-5.21792755312107e-05,0.5053785149961755,-0.0003062963196609827,0.4329011266115559,-0.0002304038181715856,Train169.csv,Normal
886,13.144074596769297,47.31866854836947,0,1.3699997570312585,0.10449786009659112,0.9544572628901618,-0.05593792870774217,1.3689047182976768,8.707391410370107,1.2992997567956626,0.053565339823027636,0.9119848372001556,-0.022151948522293685,0.8198256155736695,-0.06457205920130898,0.9784684499911416,-0.007201000682039271,1.0294618534645656,0.00573413490879493,0.961981727577843,-0.008540946670240274,1.113758941113485,0.025894655908661995,2.1445593696629857,0.4610881988555429,2.1445593696629857,1.2992997567956626,1.113758941113485,1.7219295632293241,1.5192060225240445,0.4610881988555429,0.053565339823027636,0.2573267693392853,0.8198256155736695,0.9119848372001556,0.8659052263869125,-0.06457205920130898,-0.022151948522293685,-0.043362003861801335,0.3964343796456635,1.324733754089316,-80.98194130375458,-0.4747812280308601,1.5916666130540962,1.323856063840675e-05,3.558669332080176e-05,2.234813268239501e-05,1.0324590901887842,1.8444922944145414e-06,5.8351550651411476e-05,5.6507058356996935e-05,1.24538597658536,1.4629913911746816e-05,7.419916988712292e-05,5.956925597537611e-05,1.2176299493102285,6.320448145549957e-07,3.4803132492375733e-06,2.8482684346825776e-06,1.0799680914840006,7.174817823406861e-08,8.339083872397146e-07,7.62160209005646e-07,1.1469601477027085,1.0265512078387896e-05,1.4624315630794515,4.5382878702314124e-06,1.3859013196432415,3.5077436876284596e-06,3.354331487320821,0.00014090246276972983,1.253775597207528,1.4569670096035791e-05,Train170.csv,Side I
179,2.6555184569093724,9.559866444873741,1,0.9573717537161953,-0.0018374336299054606,0.8396648880621025,-0.20177532855756697,1.100983333200429,1.7886682361742636,1.2662890865771717,0.01134307832817396,0.8890391164289557,-0.0040147443761716015,0.8159996769340213,-0.007928600579193285,1.1297919155680813,0.005543453268774985,0.8383904153636876,-0.01015659543395761,1.0728928280096468,0.002463504383897093,0.8586552600700531,-0.00610479789592628,0.7669343579188509,-0.007735918858572017,1.2662890865771717,1.1297919155680813,1.0728928280096468,1.1980405010726265,1.1563246100516331,0.01134307832817396,0.005543453268774985,0.008443265798474472,0.7669343579188509,0.8159996769340213,0.7914670174264361,-0.01015659543395761,-0.007928600579193285,-0.009042598006575447,0.1670598853085148,0.49935472865832076,-16.267191629758372,-0.08036524866323358,0.8695011952028071,-1.2636091410995865e-08,1.5082213639556858e-07,1.6345822780656445e-07,0.3807889059344271,-6.747138499046564e-07,4.2107035917501313e-07,1.0957842090796695e-06,0.8986178776072087,-8.316146662200738e-07,7.459796335606773e-06,8.291411001826847e-06,0.8017180425453894,-4.045718260654817e-08,2.0401469801374725e-07,2.444718806202954e-07,0.8107137568816306,-4.744890355982928e-08,2.460538899522372e-07,2.9350279351206646e-07,1.0,0.0,1.0,0.0,1.0,0.0,1.0,0.0,1.0,0.0,Train171.csv,Normal
381,5.652248782583636,20.34809561730109,0,0.7915794513406857,-0.06531130706845922,0.915041283322929,-0.12367862762803328,1.1541265404253092,2.4128684344557314,0.675857786682821,-0.13260142302312705,1.0034846852184098,0.0010100279735356654,0.7766852459762679,-0.06596831542184226,0.7585671241625366,-0.08077209066230051,1.686247669460589,0.09685956546245952,1.3169815347202285,0.05127134644904782,0.6602278694310848,-0.11521172482879649,0.5970455497116272,-0.16806574493443271,1.686247669460589,1.3169815347202285,1.0034846852184098,1.5016146020904086,1.3355712964664093,0.09685956546245952,0.05127134644904782,0.07406545595575367,0.5970455497116272,0.6602278694310848,0.628636709571356,-0.16806574493443271,-0.13260142302312705,-0.15033358397877988,0.3584741698223904,1.0892021197489619,17.20800203346147,0.08253584459565122,0.5966855622009234,-2.719755876556797e-05,4.025235889580334e-05,6.744991766137131e-05,0.4809991982875365,-1.5003580881082977e-05,1.3914275938299727e-05,2.8917856819382705e-05,0.9302903684220182,-4.3396893510733185e-07,5.924863105134892e-06,6.358832040242224e-06,1.0605648683409203,9.009829430489051e-08,1.4026190311455374e-06,1.312520736840647e-06,2.166054743829443,1.1125948818157327e-06,2.04817216937489e-06,9.355772875591572e-07,0.4453549106944423,-2.364289605313356e-05,0.6274515175448455,-2.594286935402047e-05,0.5805079183403355,-8.025962598945087e-05,1.5104040518623285,6.134169007633903e-06,1.4900784865905818,1.0188363926819074e-06,Train172.csv,Normal
1173,17.40180530700946,62.646499105234064,0,0.9341948116155712,-0.030780829686705757,0.9403316685501059,-0.07089119256972043,1.3677121658867903,7.568991946092204,0.8125658916116336,-0.06256414881491695,0.653512476658082,-0.17845873328574163,1.1554421782393314,0.05822152743925496,1.0736966546291393,0.036590276362948926,1.0970134213363982,0.03980674098323039,0.6527523940358855,-0.23095662874761852,1.161816653796528,0.0874152379736618,0.9994863369015847,-0.00014914460965204102,1.161816653796528,1.1554421782393314,1.0970134213363982,1.1586294160179298,1.1380907511240859,0.0874152379736618,0.05822152743925496,0.07281838270645838,0.6527523940358855,0.653512476658082,0.6531324353469837,-0.23095662874761852,-0.17845873328574163,-0.20470768101668008,0.20049304072903293,0.5090642597606425,8.41393953539739,-0.15967074178525031,0.5294931872200065,-4.5026398208544934e-05,5.068250954211439e-05,9.570890775065932e-05,0.8581374724909889,-1.699029400296516e-05,0.00010283610184783694,0.0001198263958508021,0.9740959383677469,-5.176260461155105e-06,0.00019502405924784754,0.00020020031970900264,1.1593289158635514,1.733212659964115e-06,1.253865473226107e-05,1.0805442072296955e-05,1.0029482632072761,1.4092578030327562e-08,1.3922244178970824e-06,1.3781318398667548e-06,0.9843066191090443,-3.311771298668796e-06,0.83159079892494,-1.678092644921934e-05,0.6608912728212946,-1.7077611023059568e-05,0.682976701034711,-3.084475028680475e-05,0.8983158112795124,-1.7235718764631547e-05,Train173.csv,Normal
834,12.372639067387803,44.54150064259609,0,1.0226333630693882,0.010039714804071731,0.9633984496148441,-0.04746044059704757,1.0641492326599227,1.268976006283843,0.9199572723595177,-0.07797946619790919,1.0628694358392814,0.02425896284199036,0.8981361051521042,-0.036876557954983735,1.352916464537346,0.17103599821762916,1.0822035204052185,0.013670016748953323,1.143546663396919,0.024864544375536896,1.2539183074081808,0.0415082760247385,0.9933187552652334,-0.001073054985116978,1.352916464537346,1.2539183074081808,1.143546663396919,1.3034173859727634,1.2501271451141485,0.17103599821762916,0.0415082760247385,0.10627213712118383,0.8981361051521042,0.9199572723595177,0.909046688755811,-0.07797946619790919,-0.036876557954983735,-0.05742801207644646,0.14777954950929933,0.45478035938524175,-9.650374242650742,-0.13571925157303966,1.309708128077139,2.059887077267427e-05,8.706717374942472e-05,6.646830297675045e-05,1.0968515065196174,3.535193859813279e-06,3.992311875011166e-05,3.6387924890298384e-05,1.1412513689202695,8.087376222706945e-06,6.526178643020226e-05,5.7174410207495317e-05,1.3136779757542734,9.153596050864639e-07,3.791630478613452e-06,2.876270873526988e-06,0.9983151573143685,8.133374192383328e-09,1.1060266057298526e-06,1.0978932315374693e-06,1.1345520122664434,8.557198009725891e-06,0.9462030564736166,-6.048774407359457e-07,1.3532755139041026,2.0884396284191475e-05,0.9125305443918398,-1.537144723508501e-05,1.4903169466956114,6.0509614660557084e-05,Train174.csv,Normal
1015,15.057828121581078,54.20818123769188,0,1.2183412373679354,0.08282121425600364,0.9491612337766016,-0.06415947748860251,1.1020828599494716,2.0392980689874207,1.8289523587565397,0.3595318178454064,0.8597792553896294,-0.04976490086844182,0.9010057722532195,-0.0393364017979384,1.2617732912588853,0.10045963212068176,0.8522302434008235,-0.06827561196792398,1.400805098274343,0.15976133479400667,1.128866225594892,0.037211441053938255,0.8147750310715826,-0.05109075885108505,1.8289523587565397,1.400805098274343,1.2617732912588853,1.6148787285154413,1.4971769160965893,0.3595318178454064,0.15976133479400667,0.25964657631970656,0.8147750310715826,0.8522302434008235,0.8335026372362031,-0.06827561196792398,-0.05109075885108505,-0.05968318540950451,0.331889916564304,1.014177327684957,-58.678025627910415,-0.4205667612451034,1.0486730779877826,3.315594846557026e-06,7.121982963949034e-05,6.790423479293331e-05,1.267626687726312,1.5508427604946014e-05,7.340904831552125e-05,5.7900620710575235e-05,1.1906468225898292,2.6145556335947757e-05,0.00016322442034590615,0.0001370788640099584,1.0934317816737877,6.23320432150827e-07,7.177686659182696e-06,6.554366227031869e-06,1.005179363860208,1.5386561954770826e-08,1.0453911069443137e-06,1.030004544989543e-06,1.2167229267668496,3.574643965192616e-05,1.2914998969237923,8.012237800003786e-06,0.9733039228213163,-7.56315727667959e-07,1.9332151135088371,9.48380138100945e-05,1.7421012261356221,6.304243202302007e-05,Train175.csv,Normal
587,8.708320302825706,31.349953090172544,0,0.6791284182710418,-0.14734801868004277,0.9061780540797263,-0.12681788841287256,0.8839004741199067,-3.632322694681708,0.8637707585479609,-0.052355424756774405,0.5681315888321649,-0.49083077858146895,1.0540427397943333,0.010135196042920375,1.1296748348496692,0.02603519564236037,0.9197732459488629,-0.01911277075400361,1.0466678839029029,0.01225350360082561,1.2018235256811443,0.02543031748882138,0.6758929280612478,-0.056649878662048875,1.2018235256811443,1.1296748348496692,1.0540427397943333,1.1657491802654067,1.1285137001083823,0.02603519564236037,0.02543031748882138,0.025732756565590875,0.5681315888321649,0.6758929280612478,0.6220122584467063,-0.49083077858146895,-0.056649878662048875,-0.2737403286217589,0.20697742069853015,0.6336919368489794,124.58637300532862,0.875937839644866,0.3534912753714566,-5.4295409174712925e-05,2.969254337560187e-05,8.39879525503148e-05,0.8610085072718279,-4.756032704792962e-06,2.952407103640485e-05,3.428010374119781e-05,0.9313300689296214,-6.418050568730957e-06,8.717988624633534e-05,9.35979368150663e-05,0.8110496474241017,-5.849642121263423e-07,2.5538217203442228e-06,3.138785932470565e-06,0.6557005331491468,-5.128139427287973e-07,9.956721226454327e-07,1.50848606537423e-06,0.8733886147496569,-3.7171930170379997e-06,0.2119690205880204,-3.4699672878807375e-05,0.5288907357789671,-5.980264905710546e-05,0.23049667516197306,-0.0002543090481566077,0.27306824616005543,-5.274873046138458e-05,Train176.csv,Normal
1056,15.6660753659011,56.39787131724396,0,1.1534675133023917,0.0920904255923537,0.9010154732981228,-0.135224521483142,0.9559849611714085,-1.2634623260367448,1.123063722762622,0.03671459671537969,1.1930054619791481,0.04148588595517283,0.7944681651295437,-0.11150827644273664,1.1351431620455663,0.05263471785872903,0.8042804258513667,-0.1339485629813295,1.2580610453482302,0.11257958497311615,1.4383038264508727,0.39578683968322825,1.091012997044633,0.08268016874993711,1.4383038264508727,1.2580610453482302,1.1930054619791481,1.3481824358995516,1.2964567779260838,0.39578683968322825,0.11257958497311615,0.2541832123281722,0.7944681651295437,0.8042804258513667,0.7993742954904552,-0.1339485629813295,-0.11150827644273664,-0.12272841971203308,0.20327199380332747,0.6438356613213291,11.133757893067497,0.22995978569401831,1.4561162160013337,7.14011014955598e-05,0.00022791064408369502,0.00015650954258813522,1.50807905103925,4.72660285920412e-05,0.00014026523354820184,9.299920495616064e-05,1.189855638904109,3.1771018929720114e-05,0.00019905138287704406,0.00016728036394732395,1.1729425445113586,1.8492479170585953e-06,1.2474270792750099e-05,1.0625022875691503e-05,1.224693863100644,4.242590238214473e-07,2.2579187397785943e-06,1.833659715957147e-06,1.2948674472129418,6.124445959107582e-05,1.2336389596453985,1.3344543220893397e-05,1.5027751925202002,1.9905431654777826e-05,1.5177807747443832,9.803769927532982e-05,0.9773606127838932,-1.098921367602689e-05,Train177.csv,Normal
0,0.0,0.0,1,0.911186882605647,-0.0025905204413826585,0.9486187955277603,-0.06505458149668453,0.9566078111042788,-1.3790371843932903,0.8213576630062311,-0.0050118637445301165,0.7517002462254088,-0.007665788539185127,0.8160695246656369,-0.005637439571507922,0.9144007032754606,-0.0031508986109263087,1.012960002341822,0.00023364871744883248,1.17140740125232,0.004426529226038846,1.0326598257885955,0.0009820800252737898,0.8347231818898203,-0.004890612698015672,1.17140740125232,1.0326598257885955,1.012960002341822,1.1020336135204576,1.0723424097942458,0.004426529226038846,0.0009820800252737898,0.002704304625656318,0.7517002462254088,0.8160695246656369,0.7838848854455228,-0.007665788539185127,-0.005637439571507922,-0.006651614055346524,0.1326163840630506,0.41970715502691114,-25.528662544658346,-0.05417469619890003,0.9985989341573445,9.872000981178664e-09,9.123031900192927e-08,8.135831802075061e-08,0.8042688928141428,-1.3853720084014506e-07,6.103467751192869e-07,7.488839759594319e-07,0.9187127304401022,-1.3466258991640112e-08,2.6521681670631566e-07,2.7868307569795577e-07,0.8911155583570474,-1.0353429529477762e-08,1.665734557294789e-07,1.7692688525895667e-07,0.8086989189179308,-4.908981633887389e-08,2.497940436196803e-07,2.988838599585542e-07,1.0,0.0,1.0,0.0,1.0,0.0,1.0,0.0,1.0,0.0,Train178.csv,Normal
902,13.381439375040523,48.173181750145886,0,0.8534773506009465,-0.15047954575965894,0.9064239809959768,-0.13059980256219905,1.1099345699281264,1.656283272957646,1.230041299031595,0.112173892365445,0.9254040596573778,-0.051934978270316456,0.9149093118725581,-0.05311187980944443,1.462266631258873,0.37238895234714064,0.6430227965880053,-0.48288369441526713,1.5804911917075435,0.5162412338479028,0.5161646166331618,-0.6094533308826207,0.45126918503307106,-0.8623148850954201,1.5804911917075435,1.462266631258873,1.230041299031595,1.5213789114832084,1.4242663739993373,0.5162412338479028,0.37238895234714064,0.4443150930975217,0.45126918503307106,0.5161646166331618,0.48371690083311647,-0.8623148850954201,-0.6094533308826207,-0.7358841079890204,0.39835091222717883,1.1292220066744725,10.377523555585185,0.262769966668583,1.0028365817256688,2.433449462772917e-06,0.0008567790426200354,0.0008543455931572625,0.8597428042382382,-5.2741057254846184e-05,0.00032335126653927935,0.00037609232379412553,0.9002577939435534,-2.1046270205506368e-05,0.0001900506527112586,0.00021109692291676496,0.8860254662704412,-1.9343678700228777e-06,1.5115301570139232e-05,1.704966944016211e-05,0.7400950954110538,-1.4055897387343915e-06,4.030978270335018e-06,5.436568009069409e-06,0.9206692536174625,-3.420116316901333e-05,0.80226010674206,-5.658248073001375e-05,0.875519143810208,-5.8531697933970124e-05,0.6422255755165394,-0.0007064841975799783,0.9655230979707979,-9.60355196650604e-06,Train179.csv,Side II
1250,18.54412330243975,66.7588438887831,0,0.993476900793373,-0.0040836971554553125,0.949230483629951,-0.06770551951878812,1.2712982321470696,5.652777279342526,1.051361740344387,0.011690206841293488,1.084616108247744,0.021961392558234594,1.33291669828374,0.16614102991738333,1.0515857739851497,0.03670054322232963,0.7633077480047833,-0.17356178721814486,1.332609885700029,0.1889716220194151,0.9102083688874988,-0.06509795462637391,0.8512177914373247,-0.13916629238492773,1.33291669828374,1.332609885700029,1.084616108247744,1.3327632919918844,1.2500475640771709,0.1889716220194151,0.16614102991738333,0.1775563259683992,0.7633077480047833,0.8512177914373247,0.8072627697210539,-0.17356178721814486,-0.13916629238492773,-0.1563640398015363,0.1943900371413305,0.5696089502789566,6.961079114567241,0.07983568258048734,1.0932901762506215,7.552588856522081e-06,8.839342610072585e-05,8.084083724420377e-05,0.86639500299461,-1.5246473441363326e-05,9.893441599631122e-05,0.00011418088943767455,1.1156376388959275,3.132580531745976e-05,0.0003021256006094893,0.00027079979529202956,0.909181097152461,-1.710180170874692e-06,1.722059225579096e-05,1.8930772426665652e-05,0.8740745635289514,-4.596947093451043e-07,3.260248362586129e-06,3.7199430719312333e-06,1.1266799351459633,3.4739555777149014e-05,0.8069250041351926,-2.0189993608909362e-05,0.9481671019989646,-1.8469758794909273e-06,1.10041328370669,7.682351191238917e-06,0.9911649112935625,-1.6851102191358964e-06,Train180.csv,Side I
0,0.0,0.0,1,0.8032281853754788,-0.006246640787560598,0.8203169624060925,-0.23142489422666412,1.0266443640831489,0.5080412863504904,1.1091966281998922,0.002383336601164479,0.8698917949766174,-0.004965767981525031,0.7692640237257742,-0.007708125849848712,0.8517165229197851,-0.0047944479997460016,0.648159330880204,-0.008467644679018019,0.7945644807433008,-0.007379457645337532,0.6785283822187338,-0.008240065298066365,0.7136262365204676,-0.010871824924847982,1.1091966281998922,0.8698917949766174,0.8517165229197851,0.9895442115882548,0.943601648698765,0.002383336601164479,-0.0047944479997460016,-0.0012055556992907612,0.648159330880204,0.6785283822187338,0.6633438565494689,-0.010871824924847982,-0.008467644679018019,-0.009669734801933,0.1365901563027935,0.4610372973196881,198.03093134940275,0.8124372531446777,0.7161407139587991,-2.388013361992472e-08,8.547524873317244e-08,1.0935538235309716e-07,0.6024157126335572,-5.276504642646837e-07,8.146425748441421e-07,1.3422930391088258e-06,0.7657456432378652,-6.423539408067445e-08,2.426654102704443e-07,3.0690080435111875e-07,0.8090750716498275,-3.8435284710879135e-08,2.0525230406770468e-07,2.436875887785838e-07,0.7889165334941186,-6.333553913502685e-08,2.740888250227576e-07,3.3742436415778446e-07,1.0,0.0,1.0,0.0,1.0,0.0,1.0,0.0,1.0,0.0,Train181.csv,Normal
377,5.592907588015829,20.134467316856984,0,0.8329927171664941,-0.0568870890799833,0.9420656838514629,-0.07298962580988255,0.6735071060052439,-9.596936613552877,0.8017966998860991,-0.10173239219141117,0.7436406476445933,-0.07555784630170029,1.2740166335838836,0.0426472058989118,0.584600657340865,-0.19052002140083435,2.317172678548123,0.22777330327900802,1.2283867666431831,0.04388068511502494,0.6866053915634733,-0.11177554333341358,0.5125653684092161,-0.18833645184200998,2.317172678548123,1.2740166335838836,1.2283867666431831,1.7955946560660032,1.60652535959173,0.22777330327900802,0.04388068511502494,0.1358269941970165,0.5125653684092161,0.584600657340865,0.5485830128750405,-0.19052002140083435,-0.18833645184200998,-0.18942823662142216,0.5559667660739201,1.8046073101389069,0.42278356180362664,-0.02886859314550083,0.6381483462011093,-2.6113826351877183e-05,4.60710249846217e-05,7.218485133649888e-05,0.5326923111912962,-1.6331340288175886e-05,1.862778322407462e-05,3.4959123512250505e-05,0.9951933418749501,-1.5490039453916563e-08,5.277578910067463e-06,5.293068949521379e-06,1.0270378999254601,3.727015326040174e-08,1.0358600709530515e-06,9.985899176926498e-07,0.7024053832688156,-2.047809042223507e-07,5.069421786127168e-07,7.117230828350675e-07,0.5475126453664096,-2.259275563288293e-05,0.5863194883499832,-3.6430531619302665e-05,0.6794597496133277,-6.180893615828078e-05,0.9344687818074802,-1.6838778254049601e-06,0.67034005917631,-1.3778208821155348e-06,Train182.csv,Normal
1163,17.253452320589943,62.1124283541238,0,0.9036039260641634,-0.046053470574857425,0.9095658476304485,-0.12809364010390478,1.0224144118500997,0.3979885080923573,0.879591379019899,-0.02427641914284623,1.0048000449278804,0.0015799768267622527,1.0251581718732459,0.010721680881855156,1.1404923602689436,0.07248694162510239,1.3998987444191353,0.1144646898483298,0.8354453117550161,-0.06312002246599646,0.743862795994974,-0.16929984651748908,0.739438956135167,-0.19554446638473,1.3998987444191353,1.1404923602689436,1.0251581718732459,1.2701955523440396,1.1885164255204417,0.1144646898483298,0.07248694162510239,0.0934758157367161,0.739438956135167,0.743862795994974,0.7416508760650704,-0.19554446638473,-0.16929984651748908,-0.18242215645110954,0.20877611232424756,0.6604597882839683,10.43039852749419,-0.12784438631674888,0.7868304532641501,-1.30011647516777e-05,4.8025530925123407e-05,6.1026695676801106e-05,0.9953283205300356,-2.0144359916280118e-07,4.504928126910716e-05,4.525072486826996e-05,0.8883207186205421,-1.592131071396656e-05,0.00012672102835182655,0.0001426423390657931,0.9333970834284435,-5.048994018388005e-07,7.215984294306936e-06,7.720883696145736e-06,0.7099791811579326,-4.963217939445273e-07,1.2394900962710084e-06,1.7358118902155357e-06,0.9140223034009012,-1.2514949887325056e-05,0.9189415973148908,-3.098346932331953e-06,0.9252925190817197,-1.7691955670192027e-06,0.7651843841189467,-1.6313905231748736e-05,0.8066325109052463,-4.015104515329366e-05,Train183.csv,Normal
0,0.0,0.0,1,0.8978561576554736,-0.0030538498682808925,0.9340176710261257,-0.08828886436452987,1.0427286743442203,0.6568917327101396,0.7487296236279576,-0.009589997796456709,0.5063266395454556,-0.01023290233013647,1.0425155653935467,0.0011408911545873791,1.079268024306924,0.001845844316720996,0.9859424069463186,-0.00047529244184261327,1.2126721343093019,0.003990689925172607,0.8236378557165257,-0.007043531806797128,0.8839681503918894,-0.0035040520475359167,1.2126721343093019,1.079268024306924,1.0425155653935467,1.145970079308113,1.1114852413365908,0.003990689925172607,0.001845844316720996,0.0029182671209468016,0.5063266395454556,0.7487296236279576,0.6275281315867066,-0.01023290233013647,-0.009589997796456709,-0.009911450063296589,0.2063628272677127,0.7063454947638462,163.26370022767037,0.392268106866001,0.5604806154290182,-4.8268369895123356e-08,7.430455394076058e-08,1.2257292383588394e-07,0.7079949658659387,-2.4019428717015925e-07,6.066206917637091e-07,8.468149789338683e-07,0.784528017843073,-7.357221967408459e-08,3.0428433057206044e-07,3.77856550246145e-07,0.7772892798276567,-4.7899334004662564e-08,2.0207618024026257e-07,2.4997551424492513e-07,0.8734281029717518,-3.859180901913948e-08,3.353149677616084e-07,3.739067767807479e-07,1.0,0.0,1.0,0.0,1.0,0.0,1.0,0.0,1.0,0.0,Train184.csv,Normal
1240,18.395770316020233,66.22477313767284,0,0.896593320270658,-0.06227478904011885,0.903516940446171,-0.1455419219693419,1.0418844499994302,0.6445393365042591,0.9175457584393105,-0.02399995897127155,0.9237986577904346,-0.022456141692952458,0.818418895990844,-0.0691380214778331,0.9489351103853351,-0.044454691447257,0.9121006550860643,-0.057767969122942575,1.0664550145479552,0.03906593252485613,0.7446084812154791,-0.19175985520331462,0.8396716035406672,-0.11174751590419185,1.0664550145479552,0.9489351103853351,0.9237986577904346,1.0076950624666452,0.9797295942412417,0.03906593252485613,-0.022456141692952458,0.008304895415951835,0.7446084812154791,0.818418895990844,0.7815136886031615,-0.19175985520331462,-0.11174751590419185,-0.15175368555375324,0.09045910725148801,0.32184653333247615,28.458000557342842,0.012962840208577298,0.6106701843350696,-3.471318886045251e-05,5.446388971237476e-05,8.917707857282727e-05,0.6859770919041234,-2.800265817231322e-05,6.11931209288741e-05,8.919577910118732e-05,0.9783628660930384,-6.560954963410505e-06,0.0002971178326396609,0.0003036787876030714,0.8020882345765644,-3.1689479549067585e-06,1.288350264324412e-05,1.605245059815088e-05,0.9547893826970679,-1.332132256147535e-07,3.0244768914026385e-06,3.157690117017392e-06,0.9712903584604209,-8.782333570063483e-06,0.6762663151755387,-2.5930960927340124e-05,0.8625290606089636,-3.2249987046672053e-06,0.6220055546596444,-3.4681221766463695e-05,0.8880832086517403,-1.0649326277880811e-05,Train185.csv,Side I
312,4.628613176288962,16.663007434640264,0,1.0657338477812834,0.016710052255320074,0.9546005198894771,-0.056035850179193325,1.3228266278953986,6.136599441529441,1.5305024763560178,0.1469759384498353,1.1243800176072727,0.022616393797188772,1.1106422617644656,0.03025323641609562,0.9352182654318133,-0.01668250730473675,1.0658583862140631,0.01237299575421788,1.1670438319064833,0.043060833981172775,0.9189743909610139,-0.01763542683858882,0.6184718148538654,-0.13047493519591366,1.5305024763560178,1.1670438319064833,1.1243800176072727,1.3487731541312504,1.2739754419565912,0.1469759384498353,0.043060833981172775,0.09501838621550404,0.6184718148538654,0.9189743909610139,0.7687231029074396,-0.13047493519591366,-0.01763542683858882,-0.07405518101725124,0.24237641951890268,0.9120306615021524,-20.374207770781027,-0.13110875425125457,1.0988779217668332,2.8204869731446194e-06,3.123429405691508e-05,2.8413807083770462e-05,1.0092866461156185,1.7659017645892507e-07,1.8105270555239545e-05,1.792868037878062e-05,0.7254659811807885,-3.0710987617555925e-06,8.141913872553252e-06,1.1213012634308844e-05,0.8992668300322001,-1.0213688327784619e-07,1.00107024912642e-06,1.1032071324042663e-06,0.7619437947578993,-1.3703049580854102e-07,4.7059883949491184e-07,6.076293353034529e-07,1.0893826658820873,1.910761444042154e-06,1.3487474816523444,1.0366530817742665e-05,1.3000420664123025,1.807731544322024e-05,0.7097516308495913,-7.0887829585981366e-06,1.147488401243193,1.058079299616698e-06,Train186.csv,Normal
0,0.0,0.0,1,0.8635970193456854,-0.0043753042732117865,0.9089828976334945,-0.12786273686941096,0.9620502685137348,-0.7004783730442838,0.9192466682684622,-0.00259217142854324,0.900432224355695,-0.0033553861964632226,0.8083815059917363,-0.006032627332077833,1.3282849355700468,0.006553232515893594,0.7648730234240328,-0.009274735325886442,0.8569274068551794,-0.0045229476555873685,0.9027463172349781,-0.0026807847851028944,0.7341601812440026,-0.009804672151079157,1.3282849355700468,0.9192466682684622,0.9027463172349781,1.1237658019192545,1.050092640357829,0.006553232515893594,-0.00259217142854324,0.0019805305436751772,0.7341601812440026,0.7648730234240328,0.7495166023340177,-0.009804672151079157,-0.009274735325886442,-0.0095397037384828,0.17312898733047358,0.5941247543260442,-0.73160206534385,-0.08091626359583337,0.44451191588522027,-8.592326606724262e-08,7.675958494315301e-08,1.6268285101039563e-07,0.7301092327365107,-3.076126885352759e-07,8.592067030862114e-07,1.1668193916214873e-06,0.9511360031784861,-1.0697669714698526e-08,4.028794230536468e-07,4.1357709276834535e-07,0.9577152460768787,-6.925979494212168e-10,2.421786371265036e-07,2.4287123507592484e-07,0.7737173449938939,-8.093770796309661e-08,3.1093890940575437e-07,3.91876617368851e-07,1.0,0.0,1.0,0.0,1.0,0.0,1.0,0.0,1.0,0.0,Train187.csv,Normal
823,12.209450782326332,43.954022816374795,0,0.4559526269109299,-0.4209123659054721,0.8740494438255564,-0.15656582242745753,1.1475625751964305,7.817087180105517,0.33224650389514476,-1.3719483814952866,1.2461154900871227,0.0685891367316156,0.7549664507556513,-0.1319421417182573,1.026178425009738,0.006973125341884767,1.0855200988930054,0.015079728932057945,1.1174382717318454,0.022896412279548556,1.1798189232809693,0.03769187678927069,1.2309079466289137,0.028868343398897656,1.2461154900871227,1.2309079466289137,1.1798189232809693,1.2385117183580183,1.2189474533323352,0.0685891367316156,0.03769187678927069,0.05314050676044314,0.33224650389514476,0.7549664507556513,0.543606477325398,-1.3719483814952866,-0.1319421417182573,-0.751945261606772,0.29022905680509625,0.913868986191978,116.05404413770904,1.3956357777845687,0.5291590376359229,-2.8967873737592215e-05,3.256705555678194e-05,6.153492929437416e-05,0.6820000375878653,-2.5439259232902185e-05,5.4579867311205386e-05,8.001912654410757e-05,1.0264012398493654,2.7175938782473006e-06,0.00010526315163597847,0.00010254555775773117,0.730021700734922,-1.3864227394055564e-06,3.775929050374701e-06,5.162351789780257e-06,0.583427508716111,-6.139967121752802e-07,8.73933960712177e-07,1.4879306728874572e-06,0.8561066976265513,-1.686336596888259e-05,0.5125477922038315,-1.6219751115364044e-05,0.5225322457480255,-1.8262660850690484e-05,0.22086546760142056,-0.00047470562961881364,0.190968909788198,-0.0008606538613919714,Train188.csv,Side II
311,4.61377787764701,16.609600359529235,0,1.005728533014212,0.0007145435758168367,0.9551961551328375,-0.05871905955290124,1.0592130987881354,1.1184050344543088,1.1073390667237475,0.004662693199276653,0.9396493260243372,-0.011768381900365527,1.3504986018795027,0.02646150282172928,0.9203082552646361,-0.008107075130502545,0.9691523865236547,-0.005690993743291378,1.1175352148685198,0.018305346561998476,0.9783923871623084,-0.00142023943930078,0.869035782373865,-0.010053108108717387,1.3504986018795027,1.1175352148685198,1.1073390667237475,1.2340169083740111,1.1917909611572566,0.02646150282172928,0.018305346561998476,0.022383424691863878,0.869035782373865,0.9203082552646361,0.8946720188192505,-0.011768381900365527,-0.010053108108717387,-0.010910745004541457,0.14526533701897063,0.48146281950563763,-1.5248475475422083,0.15137142643863832,1.785766161070426,1.6259287453099649e-06,3.6724295535257742e-06,2.0465008082158094e-06,0.974740797666938,-1.1158253077278613e-07,4.691812966425694e-06,4.80339549719848e-06,0.9163032989864738,-1.225879542442602e-06,1.3530288388631195e-05,1.4756167931073797e-05,0.8857702043714789,-7.549758200714586e-08,6.629724781616278e-07,7.384700601687737e-07,0.8132150062795207,-7.039716905089964e-08,3.5002910583075763e-07,4.2042627488165727e-07,2.1410241274497155,1.7255455250824607e-06,0.8965964760459015,-1.579195521907341e-06,0.9303514836747433,-9.295727745037153e-07,1.163530317778594,5.70404388149757e-08,1.2598384096309367,3.904790337700902e-08,Train189.csv,Normal
835,12.387474366029755,44.594907717707116,0,0.7817422614487182,-0.120455904398439,0.8921781465072612,-0.14253416049208267,1.7094993198590305,19.107456903078713,0.8658902541200091,-0.027583142806216876,0.739200737527034,-0.1432395862828762,0.6939758326143619,-0.2082417136585828,1.2769431004074685,0.11185358080335411,1.49492479051767,0.1905837101753648,0.7197496972840634,-0.13930447072524638,0.5783305467180672,-0.3411390545175363,0.5483471379785246,-0.2915593862340291,1.49492479051767,1.2769431004074685,0.8658902541200091,1.3859339454625692,1.2125860483483824,0.1905837101753648,0.11185358080335411,0.15121864548935945,0.5483471379785246,0.5783305467180672,0.5633388423482959,-0.3411390545175363,-0.2915593862340291,-0.3163492203757827,0.3192027301726022,0.9465776525391453,56.697324625959254,0.44864207246276244,0.4073779906428887,-9.070249763948634e-05,6.235724362424625e-05,0.0001530597412637326,0.7895286185560154,-1.5361100194665326e-05,5.766068250761253e-05,7.302178270227786e-05,0.9023592029833891,-8.85733837142673e-06,8.194857713076029e-05,9.080591550218702e-05,0.9193898027390458,-4.22032343259384e-07,4.92749235633654e-06,5.349524699595924e-06,0.7904078536246465,-3.686940123530057e-07,1.4281199303546173e-06,1.796813942707623e-06,0.870982968179321,-1.464072749573116e-05,0.46397424343072863,-1.3989831954546549e-05,0.3945731184229677,-8.103605811902529e-05,0.6318949328281558,-7.421632678352542e-05,0.39492376971594423,-0.0002209328685358339,Train190.csv,Normal
0,0.0,0.0,1,0.887872523115445,-0.0035130621448933586,0.9209634834290367,-0.10827205008479157,0.7693535483184394,-6.381744914017453,0.9319495200930271,-0.002251459879125884,0.9571757179283685,-0.0014332223410496794,0.8834333286798988,-0.0032678697728017597,1.343038303316269,0.007469009627888743,0.7429871931718246,-0.009972170268226895,0.8380108259933975,-0.004956278568430915,0.8507821005852976,-0.004008848949181874,0.7774601021309844,-0.007756965613948858,1.343038303316269,0.9571757179283685,0.9319495200930271,1.1501070106223188,1.0773878471125549,0.007469009627888743,-0.0014332223410496794,0.003017893643419532,0.7429871931718246,0.7774601021309844,0.7602236476514045,-0.009972170268226895,-0.007756965613948858,-0.008864567941087876,0.17494045319557522,0.6000511101444443,52.32719683738185,0.12152668602530703,0.6619824407108736,-4.7134325014189964e-08,1.1189335844209938e-07,1.5902768345628934e-07,0.6554661461736114,-3.449941228008482e-07,6.753665191456193e-07,1.0203606419464675e-06,0.7123714140495654,-8.726807135968439e-08,2.4090440561534777e-07,3.2817247697503216e-07,0.7965171725812183,-3.932821859796377e-08,1.9309134684498586e-07,2.3241956544294963e-07,0.8002407292347219,-6.412662139565095e-08,2.9695313431066374e-07,3.610797557063147e-07,1.0,0.0,1.0,0.0,1.0,0.0,1.0,0.0,1.0,0.0,Train191.csv,Normal
0,0.0,0.0,1,0.8576029134995926,-0.004259267355651481,0.8983473319572999,-0.1303779746837317,1.171978832811658,2.928214593015497,0.7775053854148815,-0.007419145223010827,0.793989439414804,-0.007586097170928768,0.8383612198870564,-0.0049375924145097436,0.9167528755989758,-0.0031253622728273783,0.7618469398245081,-0.004863196525540443,1.1954555350671157,0.0038770327575146993,0.8568493218619287,-0.003893315286385743,0.8303255813491509,-0.004789438555698966,1.1954555350671157,0.9167528755989758,0.8568493218619287,1.0561042053330456,0.9896859108426733,0.0038770327575146993,-0.0031253622728273783,0.0003758352423436605,0.7618469398245081,0.7775053854148815,0.7696761626196948,-0.007586097170928768,-0.007419145223010827,-0.007502621196969797,0.1308002910651751,0.43360859524260753,125.45773600299401,0.42941336980865774,0.5968327209582204,-3.895589078976306e-08,7.247234343132272e-08,1.1142823422108578e-07,0.49170021430380745,-4.88805952206251e-07,4.825164214065209e-07,9.713223736127719e-07,0.8328053551073613,-4.180012485980614e-08,2.5801915728926486e-07,2.99819282149071e-07,0.7947222657880296,-3.6672780741456984e-08,1.8069128736182087e-07,2.1736406810327785e-07,0.757213355546684,-7.597225157625602e-08,2.6813392988129587e-07,3.441061814575519e-07,1.0,0.0,1.0,0.0,1.0,0.0,1.0,0.0,1.0,0.0,Train192.csv,Normal
360,5.340707511102648,19.226547039969535,0,1.0236241375603974,0.006439631803670187,0.8706020925484297,-0.17001194324758084,0.5942368846025262,-23.202212233173057,1.9737501438098433,0.09788184483528874,1.5696239573488124,0.1534823463017898,0.8215780284887866,-0.05194937831175944,0.9108762093526979,-0.038187917773453095,1.049401484786283,0.014445680119413162,0.8796970541608087,-0.027381271720387734,1.011529127045664,0.0016933276243218942,0.6772082955114902,-0.09381577892880796,1.9737501438098433,1.5696239573488124,1.049401484786283,1.7716870505793278,1.5309251953149794,0.1534823463017898,0.09788184483528874,0.12568209556853926,0.6772082955114902,0.8215780284887866,0.7493931620001384,-0.09381577892880796,-0.05194937831175944,-0.0728825786202837,0.4083272999103958,1.296541848298353,-28.478545677784865,-0.5309639325504829,0.8534293487242782,-5.686377195525756e-06,3.316800080884023e-05,3.8854378004365986e-05,0.9015837937681696,-3.1124304033024453e-06,2.860436056796515e-05,3.1716790971267595e-05,1.0529954374703945,4.0066317144979456e-07,7.762300997216126e-06,7.361637825766331e-06,0.9931353637219404,2.4800182834535594e-09,1.087946902753561e-06,1.0854668844701075e-06,0.7596693139702716,-1.4347218465198528e-07,4.851153681376785e-07,6.285875527896638e-07,0.9775625882602927,-4.0752730437342195e-07,0.7777110274957642,-1.1012102745184196e-05,1.539907697648672,3.409248700839917e-05,1.8056154420072434,2.920873197233183e-05,0.8128434801390004,-8.880675408118807e-07,Train193.csv,Normal
855,12.68418033886879,45.66304921992764,0,1.2325825894418505,0.17912768796910683,0.9878446925436661,-0.0178401478124377,0.7210919257829249,-7.650094192050776,1.4691735936292538,0.14292852591555644,1.138834419538931,0.05523689526131337,1.7650213491937445,0.4743300009554253,0.9705802067765503,-0.030593327970565465,1.75432701915481,0.7902953253265823,0.7828093858364034,-0.2860891370799541,0.8943858473976108,-0.0336702966478678,0.8295169208652657,-0.05227304513368325,1.7650213491937445,1.75432701915481,1.4691735936292538,1.7596741841742771,1.6628406539926026,0.7902953253265823,0.4743300009554253,0.6323126631410039,0.7828093858364034,0.8295169208652657,0.8061631533508345,-0.2860891370799541,-0.05227304513368325,-0.16918109110681867,0.38079845257438893,0.9822119633573412,4.452890470326366,0.38601019666377834,1.8781677243402402,0.0002768465488790763,0.0005920799143615201,0.00031523336548244384,1.5995440668276797,8.692127027364204e-05,0.00023187354257750924,0.0001449522723038672,1.263928342673468,5.451740249793203e-05,0.0002610308927218243,0.00020651349022389226,0.9949038339189628,-8.479487471192045e-08,1.8506418901395812e-05,1.8591213776107732e-05,1.1150366802038068,5.46937991794716e-07,5.204475257677568e-06,4.657537265882852e-06,1.4848329028451859,0.00011975732136772379,1.786108184706425,5.441306809841686e-05,1.916327871480237,0.00023591965971046498,1.2593382659536985,0.00013650026892569618,0.9738185466289523,-2.7365837132087073e-05,Train194.csv,Side I
624,9.257226352577923,33.32601486928053,0,1.2081083344107113,0.04448007990558128,0.9273908156648991,-0.1025462690911687,1.1646593215453938,2.5612086941940007,0.928233576260489,-0.014375172637374034,1.0620518961062189,0.013542616603916952,1.7067392171472346,0.22217020150020217,0.6514884565837661,-0.11681844879589348,1.3459357770261882,0.04005060532613523,0.6352616269815873,-0.05926494700139785,1.752391353555644,0.08734121180656414,1.5837070312889623,0.06719220685806877,1.752391353555644,1.7067392171472346,1.5837070312889623,1.7295652853514394,1.6809458673306137,0.22217020150020217,0.08734121180656414,0.15475570665338315,0.6352616269815873,0.6514884565837661,0.6433750417826767,-0.11681844879589348,-0.05926494700139785,-0.08804169789864566,0.42464526934627184,1.1171297265740567,-63.50955377603077,-0.8015138598276828,1.0758981117062831,7.127417146804388e-07,9.961756186607855e-06,9.249014471927416e-06,0.9637015209085387,-1.0499124546927996e-06,2.81400011841717e-05,2.91899136388645e-05,1.06181698146867,7.984038100211317e-07,1.3542242501104909e-05,1.2743838691083777e-05,1.0431108194833274,6.441761850411773e-08,1.3166905039723021e-06,1.2522728854681844e-06,1.086265097399274,6.061129318066058e-08,6.373061988434755e-07,5.766949056628149e-07,0.9660499315426088,-9.708737382669786e-07,1.1278997119434915,8.060387169116639e-07,1.6588927261489002,5.673523944485979e-06,1.5518240562277166,2.0600186156520143e-05,2.998363337148781,4.343400089854794e-05,Train195.csv,Normal
0,0.0,0.0,1,0.9260816198661812,-0.00213818799775101,0.9455359510174045,-0.06580387527540399,0.9729361429562106,-0.6048630509460295,0.968984339066627,-0.0006963885887241866,0.6758836275911411,-0.007750038237708996,0.9375985719760483,-0.001648218382040361,0.783138792423482,-0.00732073586665679,0.9972672808010676,-8.046951086623441e-05,1.1189888140166282,0.0035745111441330586,0.946001496293636,-0.0018884215511295044,0.8777088385431149,-0.0034328349368141255,1.1189888140166282,0.9972672808010676,0.968984339066627,1.058128047408848,1.028413477961441,0.0035745111441330586,-8.046951086623441e-05,0.001747020816633412,0.6758836275911411,0.783138792423482,0.7295112100073116,-0.007750038237708996,-0.00732073586665679,-0.007535387052182893,0.12683358457333324,0.44310518642548713,68.62559897716346,0.2460859064620946,0.8205786587102054,-1.0723898697526323e-08,9.478019099743288e-08,1.055040896949592e-07,0.8199658462834398,-1.2737371252203845e-07,6.256687973914701e-07,7.530425099135086e-07,0.8853119512193991,-2.1062641588819668e-08,2.3978198362790837e-07,2.6084462521672804e-07,0.8737192478382934,-1.6149319534017388e-08,1.8092356438840608e-07,1.9707288392242347e-07,0.8246638976642477,-4.265220901361917e-08,2.476408185614727e-07,2.9029302757509186e-07,1.0,0.0,1.0,0.0,1.0,0.0,1.0,0.0,1.0,0.0,Train196.csv,Normal
736,10.918779800476525,39.30760728171549,0,0.6850982931605987,-0.15903448557220545,0.8784048575572433,-0.17049874463879555,1.0793180064459824,1.2224281351666004,0.46478534193202065,-0.6060409992698089,0.8603304131438212,-0.07411081159577432,1.7210130369031906,0.20723612318042994,0.6270452306610875,-0.2012957406810958,1.0221427199128346,0.004454610597310782,0.8050290178642775,-0.033925084395103694,1.2817847787227636,0.03785446553611824,1.2408632299472027,0.028485306285377793,1.7210130369031906,1.2817847787227636,1.2408632299472027,1.5013989078129772,1.4145536818577191,0.20723612318042994,0.03785446553611824,0.12254529435827409,0.46478534193202065,0.6270452306610875,0.5459152862965541,-0.6060409992698089,-0.2012957406810958,-0.40366836997545236,0.3776196887848674,1.25622769497117,53.3706304304045,0.8917126964579225,0.7324630157115944,-1.9743438752948873e-05,5.408098382413531e-05,7.382442257708418e-05,0.6072858196667148,-3.0027820866750375e-05,4.644992103566358e-05,7.647774190241395e-05,0.6441323595434357,-1.9694509253369073e-05,3.566582233420927e-05,5.5360331587578343e-05,0.8627048924054895,-5.084633906263299e-07,3.2578065705551533e-06,3.766269961181483e-06,0.7955028734778272,-2.259405047785588e-07,9.178190066196451e-07,1.1437595113982039e-06,0.5987988348451755,-3.334777609641833e-05,0.7730009865760327,-7.559597038703524e-06,0.5841229605841193,-3.5164985793110584e-05,0.20592827899034957,-0.0004416552527650116,0.6911752444899102,-3.6261391616045416e-05,Train197.csv,Normal
1062,15.755087157752813,56.718313767910125,0,0.6058396960079719,-0.27548289720249525,0.8696336367707886,-0.19258453508047202,0.8557469740762392,-2.5185709513222143,0.9505138770278425,-0.013368356528194847,0.7630146535209335,-0.08346465431727534,1.343992738105398,0.13502183575362037,0.6435391159033171,-0.28801774892414533,1.4237252898879538,0.11821234786293144,0.6377265497402796,-0.15970326428181697,0.9974314469955277,-0.0012273750104307424,0.34347884176085897,-1.01779081674225,1.4237252898879538,1.343992738105398,0.9974314469955277,1.383859013996676,1.2550498249962931,0.13502183575362037,0.11821234786293144,0.1266170918082759,0.34347884176085897,0.6377265497402796,0.4906026957505693,-1.01779081674225,-0.28801774892414533,-0.6529042828331977,0.34375440006627356,1.0802464481270948,134.2582525034958,0.7243007930002303,0.28364775593825337,-0.00016671172939601545,6.601535041083544e-05,0.0002327270798068509,0.6400089804445674,-4.5567430427027075e-05,8.102970128229299e-05,0.00012659713170932007,0.9523881620852317,-1.1090443864289701e-05,0.00022204417626486798,0.00023313462012915768,0.5947045884563676,-4.364006079657804e-06,6.418137021589512e-06,1.0782143101247316e-05,0.5887011597186387,-1.1527290576412622e-06,1.6642399093654582e-06,2.8169689670067204e-06,0.8938379897298698,-2.91301995268468e-05,0.6487286365584033,-3.035095790325468e-05,0.4343661657712433,-4.350946533702717e-05,0.16010323691517536,-0.0004157595180930073,0.18495747522145575,-0.0005118834452218903,Train198.csv,Side II
938,13.915510126150789,50.09583645414284,0,0.8668448678207737,-0.13511989402212288,0.880684073489008,-0.1818517761523406,0.8842762224413008,-2.2142608123332685,1.0815242222328376,0.05841151569937575,1.013745902756984,0.008242353535023894,1.3012874420436205,0.21947521402742454,1.1367367823470065,0.08924155582568771,0.5604076797618897,-0.4714664141021634,2.047389826805598,0.6318368366254461,0.7381276850035158,-0.33622350982235694,0.5512517839680765,-0.8084542705287823,2.047389826805598,1.3012874420436205,1.1367367823470065,1.6743386344246094,1.4951380170654085,0.6318368366254461,0.21947521402742454,0.4256560253264353,0.5512517839680765,0.5604076797618897,0.5558297318649831,-0.8084542705287823,-0.4714664141021634,-0.6399603423154728,0.45460999107716843,1.4961380428375217,33.34186162906278,0.6138702590751084,0.6418285835945629,-0.0002830113618809936,0.0005071627480665843,0.0007901741099475779,0.9725108473026955,-9.658973971005689e-06,0.0003420688215687527,0.0003517277955397584,1.0966826519136101,1.690022710940919e-05,0.0001915878256455076,0.0001746875985360984,0.9407036352892708,-1.038074459373135e-06,1.662711464346735e-05,1.7665189102840484e-05,0.9167814804564194,-4.314590657670714e-07,4.863358517966611e-06,5.294817583733683e-06,1.1070859959034134,3.985660117660113e-05,0.8140860712716047,-3.6486998848673494e-05,0.6287852615315958,-0.00014779984292137192,0.3902209755830769,-0.0011596491586040967,1.51570333846883,0.00018851212993909947,Train199.csv,Side II
165,2.447824275922047,8.81216739331937,1,0.9573785558432547,-0.0020653688580081903,0.9283514881803078,-0.09769209690925651,1.0443591684811835,0.8290764598644422,0.9583796344105157,-0.0033613764782522287,0.9480267991018172,-0.0014705532243120406,1.0378632049410341,0.0013980649322678437,1.0998879687837526,0.004058442366820271,0.9374601667662192,-0.003938812243520218,1.2073440958148538,0.006423361887158981,0.786306541574667,-0.01055915243930982,0.7743936118563544,-0.007416271162878196,1.2073440958148538,1.0998879687837526,1.0378632049410341,1.1536160322993032,1.1150317565132135,0.006423361887158981,0.004058442366820271,0.005240902126989626,0.7743936118563544,0.786306541574667,0.7803500767155107,-0.01055915243930982,-0.007416271162878196,-0.008987711801094008,0.13760314339127824,0.43295048395849944,43.33638232882811,-0.28432020410809056,0.6492909067096461,-9.238821040658311e-08,1.895580560730698e-07,2.819462664796529e-07,1.4479777482143736,3.720327284807807e-07,1.1701816374920713e-06,7.981489090112906e-07,1.074913739984392,4.353627958802281e-07,6.103397238812203e-06,5.668034442931975e-06,0.8063748629799634,-4.262197208566981e-08,2.1915044804294413e-07,2.6177242012861394e-07,0.7903060301428181,-6.471069802964302e-08,2.8157373914576506e-07,3.462844371754081e-07,1.0,0.0,1.0,0.0,1.0,0.0,1.0,0.0,1.0,0.0,Train200.csv,Normal
722,10.7110856194892,38.55990823016112,0,0.9201394019532488,-0.037551654766577236,0.93842567793025,-0.08124298080863523,1.0255937572331777,0.7474413113692222,0.8323949475812507,-0.0880283171510895,1.2299235185386987,0.1348195480380353,0.7667044382223677,-0.12678226697616335,0.9668214397445242,-0.014477063018323078,0.7998948448977209,-0.07794396954566851,0.7879127865091913,-0.04219907792713121,0.7089575231733545,-0.09962844215345587,0.8463127072402293,-0.09156121258230854,1.2299235185386987,0.9668214397445242,0.8463127072402293,1.0983724791416114,1.014352555174484,0.1348195480380353,-0.014477063018323078,0.060171242509856115,0.7089575231733545,0.7667044382223677,0.7378309806978611,-0.12678226697616335,-0.09962844215345587,-0.11320535456480961,0.15374358516606654,0.5209659953653443,0.12660193116548157,0.17950914675423268,0.9606884220909235,-2.1708300804535255e-06,5.32946862037708e-05,5.546551628422433e-05,0.9507013206555051,-1.914372264970317e-06,3.711059359127444e-05,3.902496585624476e-05,1.0337646715282947,1.3988755370287101e-06,4.252286186545601e-05,4.11239863284273e-05,0.8468981355392508,-7.945677306192518e-07,4.450546133951083e-06,5.245113864570335e-06,0.3097923499418221,-7.964800657795431e-06,3.5794043080916193e-06,1.154420496588705e-05,0.9375187448029738,-2.536847043996878e-06,1.0296060197712118,5.507941789524696e-07,0.7687661472819804,-1.6521662583742524e-05,0.9181223646016625,-3.0314069877034695e-05,0.44750546701817406,-0.00014435809420975418,Train201.csv,Normal
1254,18.603464497007558,66.9724721892272,0,0.9199864388662444,-0.06736716477621252,0.9606902722869652,-0.05552899197278238,0.9689256337978966,-0.6636892258639939,0.9550142958593558,-0.0325782646980477,0.6005679427950543,-0.40036095970283825,1.0236988788049484,0.02074826944861885,0.9983575626950099,-0.00158421638707118,1.154163585305225,0.12664874895266798,0.8243617961989008,-0.16349904872185306,0.8614278763299855,-0.09251782077643078,0.9461521550436028,-0.03643468177588394,1.154163585305225,1.0236988788049484,0.9983575626950099,1.0889312320550868,1.0587400089350611,0.12664874895266798,0.02074826944861885,0.07369850920064341,0.6005679427950543,0.8243617961989008,0.7124648694969775,-0.40036095970283825,-0.16349904872185306,-0.28193000421234565,0.15339831016689645,0.5535956425101707,60.031039138029456,0.6622530316409527,0.8214105497954812,-3.595604637534263e-05,0.0001654234888640272,0.00020137953523936985,0.8950160964149922,-1.8324657760150582e-05,0.00015630790299493328,0.00017463256075508386,0.883856072575737,-4.644554427289378e-05,0.00035352700585386353,0.0003999725501267573,0.8927694032911317,-2.4715391957035557e-06,2.066054218654364e-05,2.3132081382247195e-05,0.9380616534513416,-3.099974430072207e-07,4.846389146854888e-06,5.156386589862108e-06,0.8774003429491642,-5.025947964243019e-05,0.9193249441635639,-1.2496524087246254e-05,0.8075125225758345,-1.3741882889313947e-05,0.8951247164514964,-1.8931529923154754e-05,0.7768596226505882,-7.502331118528405e-05,Train202.csv,Side I
641,9.509426429491104,34.23393514616797,0,1.1064508736935388,0.03370019214706743,0.8635525841043649,-0.1663131041175283,0.8853686255194035,-3.052565771289924,1.0901930736794223,0.010675592725131258,1.0632412204549004,0.01156109970045166,0.9368541740617102,-0.014228020022445581,0.8422137739394232,-0.04482034819695141,2.5884198718105385,0.4037702865294599,0.45810049656347607,-0.37374361567725073,2.1247460747692686,0.2709730696300959,1.1155413479000282,0.018107902644784096,2.5884198718105385,2.1247460747692686,1.1155413479000282,2.3565829732899033,1.9429024314932783,0.4037702865294599,0.2709730696300959,0.33737167807977786,0.45810049656347607,0.8422137739394232,0.6501571352514497,-0.37374361567725073,-0.04482034819695141,-0.20928198193710107,0.6633708709897912,2.1303193752470624,-53.90639465230194,-0.6920243324332507,1.011804603673027,1.9685334538258978e-07,1.6015707117876346e-05,1.5818853772493757e-05,0.8215800433228679,-8.845407460959498e-06,4.0776974621635686e-05,4.9622382082595184e-05,0.890280899504108,-4.019001260552016e-06,3.2692054985282506e-05,3.671105624583452e-05,1.1070919913735886,2.3404096429269748e-07,2.316083155488251e-06,2.0820421911955536e-06,0.888617975771424,-7.56130016246958e-08,6.830298940099036e-07,7.586428956345994e-07,0.8004805625275351,-9.761008694664634e-06,0.9737648799958458,-2.3759377659542555e-07,1.0859376942593482,1.5641803189932107e-06,1.2654552437639768,1.9980040572609164e-05,2.150787229555882,5.63837971211081e-05,Train203.csv,Normal
945,14.019357216644451,50.46968597992002,0,1.1239761794461378,0.03907842777154025,0.9061771021327919,-0.12310992913211827,1.3699320092986937,10.149000660201207,1.323784695486961,0.059457972689598904,1.214814606742124,0.07409386756380809,1.1231730252305523,0.045194289633755325,0.9971593839968921,-0.0011570865583785395,1.0281118380732555,0.01135449186859927,1.2094135945407025,0.06661772348291689,1.3730812656798348,0.0743131203938058,1.0238046664948302,0.004615738363005217,1.3730812656798348,1.323784695486961,1.214814606742124,1.3484329805833979,1.3038935226363064,0.0743131203938058,0.07409386756380809,0.07420349397880695,0.9971593839968921,1.0238046664948302,1.010482025245861,-0.0011570865583785395,0.004615738363005217,0.001729325902313339,0.13298030418199336,0.3759218816829427,4.162789513675193,0.16641566216325998,0.9488748952040945,-1.7536354539803578e-06,3.273283083241456e-05,3.448646628639492e-05,1.4017040226154127,9.59359088480742e-06,3.344093446431807e-05,2.384734357951065e-05,0.9363735642537078,-8.148158956723005e-06,0.00012006148530015987,0.00012820964425688287,1.054494282151479,2.21647861599283e-07,4.095502336660741e-06,3.873854475061458e-06,0.6551650232791639,-4.620097410488151e-07,8.967891712231679e-07,1.358798912271983e-06,0.989092686921596,-1.4851648014608794e-06,0.9020303343020185,-2.1383392106700497e-06,1.225863895002746,2.9747742024186106e-06,1.0215976639554651,7.297698856691384e-07,0.8195615295706051,-2.301908161497429e-05,Train204.csv,Normal
1181,17.520487696145075,63.07375570612227,0,1.1409054017123865,0.07350712769838508,0.9274388505966641,-0.0945999672429485,1.064458927057754,1.349045632338921,0.8766325924428804,-0.09382005495176016,1.1119996089122792,0.05699116829917483,1.3389892178105232,0.2799437123409243,1.2546430991212727,0.1325346623355046,0.9760433511266835,-0.009359368070427643,0.9591904550172448,-0.01571803726555937,1.4053589914562317,0.0886947147441533,1.0704898048357574,0.013772848537246168,1.4053589914562317,1.3389892178105232,1.2546430991212727,1.3721741046333773,1.332997102796009,0.2799437123409243,0.1325346623355046,0.20623918733821445,0.8766325924428804,0.9591904550172448,0.9179115237300626,-0.09382005495176016,-0.01571803726555937,-0.054769046108659764,0.17878128366520474,0.5287263990133513,-33.29599039230257,-0.38237912204618585,1.3480607633811825,2.670593322429215e-05,0.00010339499279354274,7.668905956925058e-05,1.2291129369143001,1.599322099513763e-05,8.57445413745109e-05,6.975132037937328e-05,0.9529797187491169,-4.7837923868348695e-06,9.715779657234074e-05,0.00010194158895917561,1.0300908767157082,2.408495822118488e-07,7.902596218006582e-06,7.661746635794733e-06,1.0860287827779558,1.9574004901119015e-07,2.3447854639695074e-06,2.1490454149583173e-06,0.9529771969626478,-5.103840942397025e-06,1.2758098591439242,1.586725636872649e-05,1.5652439927356923,1.662556462755246e-05,1.0105194519323109,1.2176234752931205e-06,1.7215711535833422,0.00015086690190357614,Train205.csv,Normal
0,0.0,0.0,1,0.9142886516082931,-0.0025021055666420676,0.9312163803117843,-0.08320873515394367,0.9256580841678664,-1.8318625315494401,1.0315398293736597,0.00066961342706056,0.8483241289594368,-0.003099758194261542,0.9477402053018313,-0.001375711354477241,0.7237366173803431,-0.008654719239274428,0.965243523514108,-0.001088354452044693,0.9790074214383255,-0.0007197849096781533,0.904783252515341,-0.003512352137709826,0.9102796462258498,-0.0024697697993011115,1.0315398293736597,0.9790074214383255,0.965243523514108,1.0052736254059926,0.9919302581086978,0.00066961342706056,-0.0007197849096781533,-2.5085741308796677e-05,0.7237366173803431,0.8483241289594368,0.7860303731698899,-0.008654719239274428,-0.003512352137709826,-0.006083535688492127,0.08833028536555072,0.3078032119933166,103.13932302225089,0.20567694498198463,0.6173137956173368,-3.3641792165192724e-08,7.039888049400131e-08,1.0404067265919403e-07,0.8256597065250011,-1.48992507586181e-07,7.529739943457498e-07,9.019665019319308e-07,0.6652043833271095,-1.0792648305327058e-07,2.3430776727889485e-07,3.422342503321654e-07,0.8643120612739704,-1.7929618158209998e-08,1.779075286098848e-07,1.958371467680948e-07,0.9278962635353749,-1.0318934536777431e-08,2.614824745586601e-07,2.7180140909543755e-07,1.0,0.0,1.0,0.0,1.0,0.0,1.0,0.0,1.0,0.0,Train206.csv,Normal
922,13.678145347879559,49.24132325236641,0,0.8209302906388736,-0.18291403221121882,0.9090920969470412,-0.12907530048423954,1.187604797595445,2.9693472060503794,1.094558220870121,0.058603514092932296,1.1346642475296485,0.08181308945263566,0.8601649106052919,-0.08048303330692669,1.2719580313731729,0.20474456841897115,0.4847946423063343,-0.6557270260232891,1.9058944255782955,0.6275758730421928,0.6880296563594902,-0.41356355225054775,0.44887880599776914,-0.9285628444813211,1.9058944255782955,1.2719580313731729,1.1346642475296485,1.5889262284757342,1.4375055681603721,0.6275758730421928,0.20474456841897115,0.41616022073058195,0.44887880599776914,0.4847946423063343,0.4668367241520517,-0.9285628444813211,-0.6557270260232891,-0.7921449352523051,0.4480778904981524,1.4570156195805264,41.38079535373481,0.744581239962872,0.4904706667427816,-0.0004855050151130588,0.000467354591057315,0.0009528596061703738,0.9962861673274215,-1.245984118658451e-06,0.00033693483635964007,0.0003381808204782985,0.9562626633141226,-7.321874891852941e-06,0.0001603023581779527,0.00016762423306980565,0.9692715645639066,-4.992677249938668e-07,1.6063906853093722e-05,1.656317457808759e-05,0.8590267858270617,-7.695219795027651e-07,4.7500531534475945e-06,5.51957513295036e-06,1.1057143012804982,3.575025957493731e-05,0.7913909029797412,-4.0502938258501884e-05,0.4487542236945557,-0.00033680434393511336,0.3700178382319493,-0.0011715807232150605,1.1570133607283148,5.484528199440318e-05,Train207.csv,Side II
359,5.3258722124606965,19.173139964858507,0,1.1425485106997457,0.03436630380956654,0.895071575003546,-0.13367047875979265,0.9098728718863883,-3.6303895608539705,1.7446292472922362,0.08602572770101413,1.7154807339403912,0.20906156976749063,0.913832077288942,-0.02334960892096355,0.7160831604019299,-0.09632313643274501,1.3098247119688942,0.0696814258048061,0.8203669552715372,-0.033148137597664246,1.0781709548821916,0.017078069377344213,0.8075757111663361,-0.04097999718340872,1.7446292472922362,1.7154807339403912,1.3098247119688942,1.7300549906163138,1.589978231067174,0.20906156976749063,0.08602572770101413,0.14754364873425238,0.7160831604019299,0.8075757111663361,0.761829435784133,-0.09632313643274501,-0.04097999718340872,-0.06865156680807687,0.3829036832134061,1.0285460868903065,-21.944122234785908,-0.4278831262960523,0.9946601759539158,-1.72341635088794e-07,3.396515714298575e-05,3.413749877807454e-05,1.3781005207343893,8.258928501668886e-06,3.0065688990776088e-05,2.18067604891072e-05,1.0753244390453462,5.431193306404225e-07,7.6107602317492645e-06,7.067640901108842e-06,1.13711399690263,1.4457901128882834e-07,1.1160908505534825e-06,9.715118392646542e-07,0.8768230432124179,-5.801277118984938e-08,4.841422175645568e-07,5.421549887544061e-07,0.9622869516299485,-7.564802870645046e-07,1.220399410157899,7.347901767510649e-06,1.927537567978461,5.4222637614346626e-05,1.4017086287869214,1.3306602284814311e-05,0.9102800847539113,-5.405795286779201e-07,Train208.csv,Normal
379,5.622578185299733,20.241281467079038,0,0.8706082825454244,-0.046112553925314326,0.9169943887261596,-0.11427779365138813,1.100320700466546,1.7908520504528198,0.8403152327136064,-0.0690350420389313,0.9491884332447896,-0.018136364635516544,1.7160733399705392,0.18545950939510503,0.5725735321100411,-0.22041204860358943,0.8903584089849126,-0.013985544594382143,1.1200739383875962,0.0363176141815334,0.681974447336674,-0.12541564706217,0.6053038187071146,-0.12818865332277837,1.7160733399705392,1.1200739383875962,0.9491884332447896,1.4180736391790676,1.2617785705343083,0.18545950939510503,0.0363176141815334,0.11088856178831921,0.5725735321100411,0.6053038187071146,0.5889386754085779,-0.22041204860358943,-0.12818865332277837,-0.17430035096318391,0.34608635987645203,1.143499807860498,-9.03911192870946,-0.3127910429884553,0.6048691937756103,-2.4787863285202247e-05,3.7960754606817695e-05,6.274861789201994e-05,0.5909039240366861,-1.2280934611181684e-05,1.7753192754840495e-05,3.003412736602218e-05,0.8947348121232594,-9.340932235078722e-07,8.024619439726541e-06,8.958712663234413e-06,1.0038490265353266,2.4042865038866172e-08,3.662462773288406e-06,3.6384199082495397e-06,0.6723039200250815,-3.891864347935633e-07,8.189741084272055e-07,1.2081605432207688e-06,0.6160265680927097,-1.4393218507598082e-05,0.6462499791619769,-3.0790335128159336e-05,0.983203089399391,-3.501505116828646e-06,0.9610213439979568,-1.5879466615178423e-06,0.7829886271530163,-1.5447277001818308e-06,Train209.csv,Normal
901,13.366604076398572,48.11977467503486,0,0.9905549453293978,-0.004031627329596166,0.9199463593760672,-0.09920228580571155,1.1737033616213979,4.5415699967115515,0.8424602304490225,-0.037495588076885605,0.896447096193324,-0.01393869276943395,1.3066687474699399,0.04593925713939778,1.0492325276092194,0.016102711342320608,1.104993989724386,0.04674691435905254,1.0886040774776957,0.05380262549989456,1.2241755414827136,0.09570858086241352,0.7279777067958167,-0.1931559431175286,1.3066687474699399,1.2241755414827136,1.104993989724386,1.2654221444763267,1.2119460928923464,0.09570858086241352,0.05380262549989456,0.07475560318115404,0.7279777067958167,0.8424602304490225,0.7852189686224196,-0.1931559431175286,-0.037495588076885605,-0.1153257655972071,0.1829969716037182,0.5786910406741231,-19.086372111842678,-0.3730471027302906,0.7614222789891072,-1.2760313888963392e-05,4.0756536123910756e-05,5.351685001287415e-05,0.8014198811792047,-1.2160159809505248e-05,4.911573266439323e-05,6.127589247389848e-05,0.9377783262883115,-5.8027236902930045e-06,8.76068734299475e-05,9.34095971202405e-05,1.0993766759919434,4.567914277298035e-07,4.942729969345201e-06,4.485938541615398e-06,1.3864137729355959,5.163327441254367e-07,1.8166709866751605e-06,1.3003382425497238e-06,0.8830811982739197,-1.5642792038420876e-05,0.7584373749728132,-6.3081790287620075e-06,0.8489066133244445,-3.193465715356509e-06,0.7822776403287318,-3.429548918009492e-05,1.4414557459305952,7.076083125430739e-05,Train210.csv,Normal
381,5.652248782583636,20.34809561730109,0,1.0619370571446638,0.01884680261555194,0.9439215079140433,-0.07985679130365386,0.8923109886364823,-2.3643304897831996,1.1236380852194103,0.03853043206346679,0.6992381778354504,-0.10944400478221755,1.6984931132429693,0.21304850524375735,1.0830063245815669,0.019080332550653445,0.8134086933726874,-0.04598924320574438,1.2667803351877207,0.08285426033243759,0.9254019244489582,-0.023364932061454124,0.5925124698998478,-0.13516594505579133,1.6984931132429693,1.2667803351877207,1.1236380852194103,1.4826367242153449,1.3629705112166999,0.21304850524375735,0.08285426033243759,0.14795138278809747,0.5925124698998478,0.6992381778354504,0.6458753238676491,-0.13516594505579133,-0.10944400478221755,-0.12230497491900444,0.3303409275894724,1.1059806433431214,-13.396989993371008,-0.34891009724659794,0.8170526464476612,-1.0389022596451977e-05,4.644259000155127e-05,5.683161259800325e-05,0.789654618675323,-5.3473844069036726e-06,2.011208097030053e-05,2.5459465377204202e-05,0.9288979608979487,-4.362250171577503e-07,5.8296149277036435e-06,6.265839944861394e-06,1.0011335136807036,1.1442567324492336e-08,1.2740935719396057e-06,1.2626510046151134e-06,1.0446042731394145,4.579976116681989e-08,8.384080909769409e-07,7.92608329810121e-07,0.9977042262502732,-5.375286185471068e-08,0.9266258605445189,-4.749920882844099e-06,1.3859957276460608,6.86154146411846e-05,0.8283785414723517,-4.902058804778228e-06,1.079257330078988,2.630146715082285e-07,Train211.csv,Normal
926,13.73748654244737,49.45495155281053,0,1.0071511722845263,0.004165861646046376,0.9517882143355959,-0.0679250251290433,0.9832463739538333,-0.4543628050505575,0.5520140336517254,-0.23612907230080976,0.9118219602371108,-0.0688710311812959,1.1964472144893754,0.10948919560146164,1.0916134402263056,0.05335240794442475,1.0591835310594557,0.029952202014676854,1.6769103657199746,0.3333488336954528,0.8443963129809128,-0.055563594049286125,0.6775015871702391,-0.2393981274828263,1.6769103657199746,1.1964472144893754,1.0916134402263056,1.4366787901046751,1.3216570068118854,0.3333488336954528,0.10948919560146164,0.22141901464845723,0.5520140336517254,0.6775015871702391,0.6147578104109823,-0.2393981274828263,-0.23612907230080976,-0.23776359989181803,0.3250706015318506,1.1248963320682492,-29.75056161709614,-0.37993645110979557,0.8975158367403799,-1.0624049177860282e-05,9.312880392678343e-05,0.00010375285310464371,1.1739373590532203,1.2337186160796604e-05,8.319859773043423e-05,7.086141156963762e-05,1.091670644255258,2.1761217914997134e-05,0.00025902693569473305,0.00023726571777973592,1.0035181754942182,5.90199290382075e-08,1.3982358137654447e-05,1.392333820861624e-05,0.9896734162951599,-1.6450652856066872e-08,2.5349630355517684e-06,2.5514136884078353e-06,1.0964932375354879,2.5596939156666786e-05,1.2064952173135177,6.399590403760648e-06,1.0576658690236211,3.045125185020711e-06,0.9918004212627123,-1.0971814490485284e-06,1.5800289895168036,0.00025383963643429855,Train212.csv,Normal
687,10.191850167020888,36.6906606012752,0,2.1874945920018543,0.35888793390593565,0.9257993108146363,-0.08617046724436461,0.9928865138777242,-0.23668814155008988,0.9272765430309285,-0.010398464589500778,0.9179591497734204,-0.01700695449838177,0.9418992693512375,-0.01711567691637267,1.1043294050072112,0.024772464118947873,0.9929058829436931,-0.001729335057633452,0.966210732064908,-0.008883761160307035,2.8017449749794787,0.7648009889836151,2.8580726955383655,0.8623507372145927,2.8580726955383655,2.8017449749794787,1.1043294050072112,2.829908835258922,2.2547156918416853,0.8623507372145927,0.7648009889836151,0.8135758630991039,0.9179591497734204,0.9272765430309285,0.9226178464021745,-0.01711567691637267,-0.01700695449838177,-0.01706131570737722,0.8051264281343965,1.940113545764945,-218.46084169639738,-2.3518824100292277,2.281563434985905,2.867287910133484e-05,5.1028435357744484e-05,2.2355556256409643e-05,1.0471371923646107,3.1535265441491855e-06,6.983240609882669e-05,6.66788795546775e-05,1.19297779950091,1.640153701954615e-05,0.0001013315511659343,8.493001414638815e-05,1.127240174560383,5.097379129398066e-07,4.427254632139613e-06,3.917516719199806e-06,1.7025509010134157,7.022476453129829e-07,1.6775821517728415e-06,9.753345064598587e-07,1.0451138840334484,3.004460794170792e-06,2.3278328788732945,2.189617763384618e-05,2.528395494299335,3.130250478358966e-05,3.7017346040641352,6.974314501378626e-05,12.686597138677651,0.0009296934873372813,Train213.csv,Side I
1048,15.547392976765487,55.970614716355755,0,0.8237447845808739,-0.08142702266471752,0.8481694730349995,-0.18734067476510274,1.0875201237858565,3.236526982164719,1.1270532903745272,0.028425020461699507,0.8516225377309826,-0.03843889770929568,1.0868795401931794,0.032366690492406314,0.6685808700798807,-0.2702225164919748,1.491231548643244,0.1403457139997406,0.7100850522519583,-0.10154506094070292,1.580033195265486,0.14835329562108196,0.5876577983736334,-0.2964726635053125,1.580033195265486,1.491231548643244,1.1270532903745272,1.535632371954365,1.3994393447610858,0.14835329562108196,0.1403457139997406,0.14434950481041128,0.5876577983736334,0.6685808700798807,0.628119334226757,-0.2964726635053125,-0.2702225164919748,-0.2833475899986436,0.35107673359328395,0.9923753968918526,43.57067040620714,0.31116448597522073,0.5729153057949515,-5.8487733484790874e-05,7.847213286379198e-05,0.00013695986634858285,0.8219059281004726,-9.790038507029196e-06,4.522727600435968e-05,5.5017314511388875e-05,0.9776435407436946,-2.9176062587474272e-06,0.00012802364255860377,0.0001309412488173512,1.0888962582804462,4.599513105370363e-07,5.511483924401942e-06,5.051532613864906e-06,0.9235088917082219,-1.1017892841652975e-07,1.4509700730870554e-06,1.5611490015035852e-06,1.0117207749713475,1.6272944918778811e-06,0.6959591967755451,-1.512672966873619e-05,0.8755912686554396,-3.2844807034903097e-06,0.3789106629710467,-0.0001767059576451771,1.1573903645637793,1.200158513591209e-05,Train214.csv,Normal
357,5.296201615176793,19.066325814636457,0,1.0319493392904093,0.00574643916826989,0.9006312440284601,-0.12365878947159947,1.3445455420673798,14.05415498581921,1.551063484271728,0.07607812396228705,1.0177682328828979,0.005446321155282263,0.7786527027842661,-0.03146922737274753,1.2505845059475644,0.023029183021245986,0.9624981354485797,-0.008756080549896433,0.9717423741472294,-0.005646679606240657,0.7936955533546514,-0.02537188039294057,1.1048253423271446,0.009111424791272069,1.551063484271728,1.2505845059475644,1.1048253423271446,1.4008239951096462,1.302157777515479,0.07607812396228705,0.023029183021245986,0.04955365349176652,0.7786527027842661,0.7936955533546514,0.7861741280694587,-0.03146922737274753,-0.02537188039294057,-0.02842055388284405,0.23672948907590735,0.7724107814874618,-1.4265339092896738,0.04286856194233035,0.9984783903761889,8.099789962255635e-10,6.0304806408817666e-06,6.029670661885541e-06,1.2908848326744384,2.4504359535106047e-06,1.0830134141184652e-05,8.379698187674048e-06,0.9403711573574971,-3.386610394587825e-06,5.356593061852171e-05,5.6952541013109535e-05,0.9939736994654497,5.194714060098638e-09,7.925804256341255e-07,7.873857115740268e-07,0.9033298122042455,-2.849861081780635e-08,3.5974837406595634e-07,3.882469848837627e-07,1.1969017651555318,1.1958519059689737e-06,1.082704978373574,1.4499622681489105e-06,0.9800126787376651,-6.29718034797463e-07,0.6000639692291871,-1.8236478831613987e-06,0.9895446485566672,3.201899360385661e-09,Train215.csv,Normal
788,11.69021532985802,42.08477518748887,0,0.47690313602048834,-0.2824369469212305,0.8778466862163649,-0.16263211470362537,0.9662043977965088,-1.2209676010824495,0.34956909163192534,-0.8068929162484983,0.44501517051720635,-0.4165783321359735,1.0594276750513698,0.013190554692118717,0.8352508053867935,-0.042315477863461626,1.1651076016929092,0.03355976895308163,0.906007661327567,-0.017355382258058077,1.0604631285254746,0.0104758757059501,1.1271862277371139,0.01217593868007967,1.1651076016929092,1.1271862277371139,1.0604631285254746,1.1461469147150116,1.1175856526518326,0.03355976895308163,0.013190554692118717,0.023375161822600174,0.34956909163192534,0.44501517051720635,0.39729213107456585,-0.8068929162484983,-0.4165783321359735,-0.6117356241922359,0.2914058329000938,0.8155385100609838,133.35500879237873,1.8250205021386785,0.6446707048681144,-8.141771195653082e-06,1.4789684258019647e-05,2.293145545367273e-05,0.85248401783525,-6.849077430740539e-06,3.963810429889826e-05,4.64871817296388e-05,0.9538934581832526,-1.100215645342901e-06,2.296913625564124e-05,2.406935190098414e-05,0.8366827014392442,-3.976422373726166e-07,2.088371601730711e-06,2.4860138391033278e-06,0.6639606868292072,-4.3319690661841096e-07,8.756871919012018e-07,1.3088840985196128e-06,0.862335712393149,-6.664767740082882e-06,0.7413040293680399,-3.529801026881799e-06,0.6437716178124064,-7.25788451981942e-06,0.27309037551056076,-7.20618137718945e-05,0.14149419321423087,-0.0004634418529578211,Train216.csv,Side II
880,13.055062804917586,46.99822609770331,0,0.9374641878475954,-0.04186034552010909,0.9305747213739884,-0.0881398314382611,1.1049663820027342,2.7741793191197353,0.7720863110785042,-0.024100255677027532,0.9048713612908765,-0.04121676810040892,0.9729439875247934,-0.008824818453615324,0.8227119833462017,-0.09684906409790406,0.8553776499625918,-0.09510050079174925,1.0798597061357607,0.08381775708090933,1.0966844200884165,0.05291993216093971,0.7954570715951429,-0.2190886063731574,1.0966844200884165,1.0798597061357607,0.9729439875247934,1.0882720631120886,1.049829371249657,0.08381775708090933,0.05291993216093971,0.06836884462092452,0.7720863110785042,0.7954570715951429,0.7837716913368236,-0.2190886063731574,-0.09684906409790406,-0.15796883523553074,0.11746528504472295,0.32459810900991226,7.098720689263217,0.15180665796277104,0.9608113558820959,-6.4503664610741e-06,0.0001583926568187627,0.0001648430232798368,0.9422567868239484,-5.050249748692187e-06,8.257342129874564e-05,8.762367104743783e-05,1.0060447205529328,8.186014192415342e-07,0.00013457846094554025,0.00013375985952629872,0.8805858443387959,-1.0927674250518653e-06,8.132045809156167e-06,9.224813234208033e-06,0.6329954568297692,-1.3326659236974987e-06,2.315779042948919e-06,3.6484449666464178e-06,0.9641589243674626,-6.525900131182843e-06,0.9708382288675634,-1.3969967932936088e-06,0.8942798514466878,-7.187824276849559e-06,1.0989795939686142,3.286116534460592e-05,0.7264739358076768,-0.0001565011734057815,Train217.csv,Side II
113,1.6763887465405534,6.034999487545992,1,1.0268044104886647,0.005100818069955965,0.9156681205357768,-0.11585272840639171,1.0651502397645711,0.9191872455659613,0.9913175264569903,-0.0007076479029147487,1.604509358597231,0.11042833811129793,0.7545953988982967,-0.05217701305745895,1.2347784140522469,0.04393486172465638,0.7240913886318556,-0.07009706853843231,1.4428949809357876,0.07803873173797155,0.7577905401574302,-0.046592029248680805,0.6193594461028222,-0.07308984506598298,1.604509358597231,1.4428949809357876,1.2347784140522469,1.5237021697665094,1.4273942511950886,0.11042833811129793,0.07803873173797155,0.09423353492463474,0.6193594461028222,0.7240913886318556,0.6717254173673389,-0.07308984506598298,-0.07009706853843231,-0.07159345680220765,0.34543350344387197,0.9851499124944088,-8.013356757875854,-0.08691534067163964,1.229455603605728,6.862517931691191e-06,3.671676105327485e-05,2.985424312158366e-05,0.8989850517470641,-1.00538596930127e-06,9.036452762118947e-06,1.0041838731420217e-05,1.038791931590172,4.675671832734767e-08,9.842918582547457e-07,9.375351399273981e-07,0.7756910875131142,-6.56247474876035e-08,2.6152078386539123e-07,3.2714553135299474e-07,0.8112022331727685,-6.956986169790997e-08,3.4188566203571677e-07,4.1145552373362674e-07,1.0,0.0,1.0,0.0,1.0,0.0,1.0,0.0,1.0,0.0,Train218.csv,Normal
0,0.0,0.0,1,0.9092564624575327,-0.002682392413073019,0.9482991883036774,-0.06680080830083823,1.045313683868869,0.7920393360799913,0.8663524111730486,-0.003494889209692823,0.767463165001769,-0.007305544187674175,0.7851967532062435,-0.0068210070989334105,0.913012147555035,-0.003263640054983523,1.13805394203629,0.002406764734722587,1.10733453500975,0.0029427473026030666,0.9570367045506647,-0.0013356067545757036,0.8841493229701688,-0.003439833883668364,1.13805394203629,1.10733453500975,0.9570367045506647,1.12269423852302,1.067475060532235,0.0029427473026030666,0.002406764734722587,0.002674756018662827,0.767463165001769,0.7851967532062435,0.7763299591040063,-0.007305544187674175,-0.0068210070989334105,-0.007063275643303793,0.12710025734600303,0.37059077703452104,-150.06495633698864,-0.46378774999358097,0.759331575319795,-1.3423828217223373e-08,7.390438693334508e-08,8.732821515056846e-08,1.1324836626601058,9.996519930848057e-08,7.69031564942493e-07,6.690663656340125e-07,0.8424037001281667,-4.003878157120922e-08,2.6747363218408667e-07,3.075124137552959e-07,0.8184946823238035,-2.9223858303650444e-08,1.7687922234341565e-07,2.061030806470661e-07,0.7898986930507259,-7.095820544964283e-08,3.0437117029378853e-07,3.7532937574343136e-07,1.0,0.0,1.0,0.0,1.0,0.0,1.0,0.0,1.0,0.0,Train219.csv,Normal
953,14.138039605780065,50.896942580808236,0,0.9899189747376717,-0.005697555838170665,0.900123275556585,-0.13872253585566274,1.1445999588945672,2.2960228043249042,0.6976757782288836,-0.1159412704759305,0.9242472301120556,-0.050038260514931876,1.4688619797784888,0.15998896606318497,1.1134321056536491,0.07115365369886217,1.2129536449433762,0.11526046832728443,0.9841327223793894,-0.010350543556785219,0.8257253427502648,-0.10291332732913638,0.7794373857080519,-0.13860437232787948,1.4688619797784888,1.2129536449433762,1.1134321056536491,1.3409078123609324,1.2650825767918379,0.15998896606318497,0.11526046832728443,0.1376247171952347,0.6976757782288836,0.7794373857080519,0.7385565819684677,-0.13860437232787948,-0.1159412704759305,-0.127272821401905,0.23834117820250955,0.7711862015496052,63.7477013620624,0.45565243794223953,0.9368984726546131,-7.818616398296024e-06,0.00011623520150972396,0.00012405381790801998,1.3256498527131768,3.292332665165082e-05,0.00013398300740670384,0.00010105968075505302,1.1665095702276598,1.415867689725439e-05,9.912083121793194e-05,8.496215432067755e-05,0.8952144506182864,-9.946224952338748e-07,8.582792001914281e-06,9.577414497148156e-06,5.021380330885752,1.3619973693663522e-05,1.6994377200373313e-05,3.3744035067097916e-06,1.250175724635983,3.412071040900078e-05,1.3319928382579487,1.8813969213047328e-05,0.93884777206138,-2.323019049876888e-06,1.031065518281429,1.165648587458999e-05,0.6177435564771886,-0.0001743549970013085,Train220.csv,Normal
676,10.028661881959417,36.1031827750539,0,0.9240690565858362,-0.033555398427873306,0.9070318221615901,-0.1372818511352505,0.9248692569989408,-1.3646192586142831,0.6689730361783122,-0.1733270121978498,1.2286674813883858,0.11397538643463839,0.9177257396621362,-0.03852908051451781,1.0077176649257977,0.003134506593644948,1.3127768689890664,0.0864048835800138,1.1974808156234402,0.05159105015147036,0.7015508892135789,-0.18100978810265006,0.7177577700602585,-0.10676174168298513,1.3127768689890664,1.2286674813883858,1.1974808156234402,1.270722175188726,1.2463083886669641,0.11397538643463839,0.0864048835800138,0.1001901350073261,0.6689730361783122,0.7015508892135789,0.6852619626959455,-0.18100978810265006,-0.1733270121978498,-0.17716840015024993,0.24150805838802472,0.6438038328107543,12.708889656476813,-0.09447740691505802,0.961313688051474,-1.575972212176532e-06,3.9409721931187264e-05,4.0985694143363796e-05,1.087436534749928,2.72968971959629e-06,3.3824418736759534e-05,3.1094729017163244e-05,1.0750880829351188,2.3957495958381868e-06,3.415842912874939e-05,3.17626795329112e-05,0.924965598820214,-2.8714204494371055e-07,3.6629354697917513e-06,3.950077514735462e-06,0.4619176182811904,-2.9083948829773687e-06,2.5053004137447966e-06,5.413695296722165e-06,1.087436534749928,2.72968971959629e-06,0.9287138318134245,-1.2588620196187249e-06,0.5146204604099059,-4.007909376219972e-05,0.8847698357200939,-4.31031911906762e-05,0.5905004900325476,-9.247203765959863e-05,Train221.csv,Normal
808,11.986921302697056,43.1529166897094,0,1.13743930316532,0.0857874913516038,0.9667222055912494,-0.04394893836628011,0.7349861194783899,-8.986301779552647,1.6220760611698595,0.214405726931633,1.0005724576967265,0.0002134962976139132,1.0326103401382807,0.024661324808480267,1.2470378422997657,0.15252918090618528,1.2313063569519582,0.23605295185210062,0.9617964669466362,-0.033342456621720196,0.9587884382877824,-0.011185544293622562,0.9595795451047652,-0.0068856196937219505,1.6220760611698595,1.2470378422997657,1.2313063569519582,1.4345569517348125,1.3668067534738608,0.23605295185210062,0.214405726931633,0.22522933939186682,0.9587884382877824,0.9595795451047652,0.9591839916962738,-0.033342456621720196,-0.011185544293622562,-0.02226400045767138,0.21762894451099643,0.6632876228820771,-37.304278131737476,-0.6520748774763168,0.8317191873263791,-3.988289698578519e-05,0.00019716857396846489,0.00023705147095425008,1.1048758398646996,7.757147907662166e-06,8.161685820182305e-05,7.385971029416089e-05,1.0489475001696862,6.5878195086460124e-06,0.00014096301764629753,0.00013437519813765152,1.035416378668314,2.831734613815573e-07,7.986369210159739e-06,7.703195748778181e-06,0.96665079582889,-6.672995054588409e-08,2.224073095673561e-06,2.290803046219445e-06,1.070843866840051,8.811718786899962e-06,0.9121177267522298,-2.514566704309378e-06,0.8286518704865564,-3.675344078348406e-05,1.605280155342775,0.0001620154280092506,2.0989298071639224,0.0005091126829447827,Train222.csv,Normal
254,3.7681658550557575,13.565397078200727,0,0.92563367368033,-0.00503401179405126,0.8444140691659017,-0.19129962701001513,0.9090679204375843,-1.7575792948571731,0.7940478725970526,-0.022449683797523004,0.9730449789780128,-0.0014853652177507157,0.9127556139167385,-0.004370622069586334,1.095848631557618,0.006229453788251363,1.0475909928777245,0.004112545695897696,1.0640502764740125,0.0032613112173090694,0.7577177921721125,-0.014909964881373354,0.7035011754164796,-0.010091599127039944,1.095848631557618,1.0640502764740125,1.0475909928777245,1.0799494540158152,1.0691633003031182,0.006229453788251363,0.004112545695897696,0.005170999742074529,0.7035011754164796,0.7577177921721125,0.730609483794296,-0.022449683797523004,-0.014909964881373354,-0.01867982433944818,0.1413655559870142,0.3923474561411383,35.52618183318441,-0.5031389765034966,0.9365625845218476,-2.031544112415538e-08,4.475640704488826e-07,4.6787951157303796e-07,0.7768843131925849,-3.5070001656283004e-07,1.2559501693748907e-06,1.6066501859377208e-06,1.3055074088476983,4.808904550706336e-06,2.0506885475969877e-05,1.569798092526354e-05,0.8820579989830316,-2.1779300637994853e-08,2.3766924495199178e-07,2.5944854558998664e-07,0.7765377623160047,-6.28532234275113e-08,2.531670660969105e-07,3.160202895244218e-07,0.8351855290999151,-1.128177341223401e-07,0.9570683926376699,-1.3693515708012113e-07,0.7047877212910824,-1.684368410647479e-07,0.47431752794849863,-9.088288281065094e-08,0.0,0.0,Train223.csv,Normal
775,11.497356447512646,41.39048321104553,0,0.8394273953902031,-0.10571394227144437,0.9014945137210923,-0.13642159356606776,0.9068896219586374,-2.644144667455926,1.0125429387815867,0.0031416415211170667,0.6492069477772326,-0.24127790177040498,1.0722020735207616,0.05648422533685615,0.9317522744951254,-0.06988263171043951,0.4448425764766637,-0.5214491165565691,0.8193144041808748,-0.07674758317686664,1.3784882318436285,0.10763250782585987,0.9550630551555491,-0.016053258774088475,1.3784882318436285,1.0722020735207616,1.0125429387815867,1.225345152682195,1.1544110813819923,0.10763250782585987,0.05648422533685615,0.08205836658135801,0.4448425764766637,0.6492069477772326,0.5470247621269482,-0.5214491165565691,-0.24127790177040498,-0.38136350916348705,0.26253179798130144,0.9336456553669648,5.3943282413573,-0.025998289962831045,0.8267587573779694,-2.2318941394373817e-05,0.00010656035226585482,0.00012887929366022863,0.5545731788778017,-4.9758948900717963e-05,6.196421699919615e-05,0.00011172316589991411,1.0907912484513198,7.201911920849002e-06,8.640562517543819e-05,7.920371325458919e-05,0.810673353309384,-1.3287719915748394e-06,5.732456570152996e-06,7.061228561727835e-06,0.7688959806018747,-2.608500762441629e-06,8.711898290162949e-06,1.1320399052604578e-05,0.5793731804598663,-5.10149506479541e-05,0.9418074225665289,-2.162153217806068e-06,0.790921110431134,-2.872174973505816e-05,0.6849508950867362,-0.000216054010212195,1.1165647584561653,2.642354800110237e-05,Train224.csv,Normal
275,4.079707126536745,14.68694565553228,0,0.9827505388828496,-0.003979338620804962,0.8886730604456238,-0.15627192101304788,1.018099100652339,0.3415117200311144,1.5439362535417038,0.09432717859346873,1.3808668877494552,0.03466251534520094,0.833330976117052,-0.03719824724527196,1.2561368527768704,0.06521155801820072,0.5766956605490564,-0.15935606758651766,0.839287954252308,-0.03133226315024254,1.1518467105302859,0.03838251790204189,0.9830903862222654,-0.002886936689016073,1.5439362535417038,1.3808668877494552,1.2561368527768704,1.4624015706455795,1.393646664689343,0.09432717859346873,0.06521155801820072,0.07976936830583473,0.5766956605490564,0.833330976117052,0.7050133183330543,-0.15935606758651766,-0.03719824724527196,-0.09827715741589481,0.3005700759220915,0.9672405929926474,-9.07415407191192,-0.1306773055514756,0.9242411173422407,-1.6646187467034907e-06,2.042996738174538e-05,2.2094586128448872e-05,1.1394974224834864,1.20160530792757e-06,9.733736672889748e-06,8.532131364962178e-06,1.073920100942368,3.2192397722735157e-07,4.5316689890820294e-06,4.209745011854678e-06,0.8866332045146361,-7.149599497962743e-08,6.373740642005223e-07,7.088700591801497e-07,0.870038523431656,-6.045868978413912e-08,4.7169188933063696e-07,5.321505791147761e-07,0.9571789144711017,-7.572471995620554e-07,1.3373920359903413,2.1147137608271843e-05,1.1481382970915561,1.0131226619071072e-05,1.1303930764244887,1.3695023925344595e-06,1.1354629722958083,4.0880464647633525e-07,Train225.csv,Normal
1127,16.71938156947968,60.189773650126845,0,1.0199442656771487,0.011296837166587581,0.9136999658343926,-0.11123847057580583,1.2740281990355617,4.977888420186776,0.8583952797961841,-0.0300506797137092,1.1339962476341847,0.03675261858245554,0.9017975545004142,-0.044988406712122786,1.0798251334580853,0.04508952903019836,0.9063154689826072,-0.05805535412143337,1.1935744753097497,0.10657844205088718,0.9068487622024435,-0.07190574011177053,1.094569877806573,0.07532597601476809,1.1935744753097497,1.1339962476341847,1.094569877806573,1.1637853614719673,1.1407135335835026,0.10657844205088718,0.07532597601476809,0.09095220903282764,0.8583952797961841,0.9017975545004142,0.8800964171482992,-0.07190574011177053,-0.05805535412143337,-0.06498054711660195,0.1210278669426781,0.33517919551356556,10.774168412968294,-0.01439114545810849,0.7874035336491872,-2.4811591213033367e-05,9.193289506367833e-05,0.00011674448627671169,1.0714893774116954,5.989554179580575e-06,8.962210914470963e-05,8.363255496512906e-05,1.1100698473253616,2.0211132874928576e-05,0.00020373125820720897,0.0001835201253322804,1.1615661194201348,1.7868622598261224e-06,1.2774602789853883e-05,1.098774053002776e-05,1.0506435455721064,1.1728878258640757e-07,2.2257972988128214e-06,2.108508516226414e-06,1.1126236028276224,2.1341922169828398e-05,1.0421430972734544,2.91259028570511e-06,0.7885846476116579,-6.793412537777184e-06,0.7219370181285619,-4.861695162070896e-05,1.0096721421896326,3.0571869553258895e-06,Train226.csv,Normal
371,5.503895796164118,19.814024866190824,0,0.8550955291899931,-0.04367962550906618,0.9396410756713126,-0.08469733956243775,0.7109115808869798,-13.410984550481935,0.6163651101137968,-0.13514478163708943,0.9660129922499031,-0.003753181674440803,0.7449605821842764,-0.07887202676389782,1.6106824973410245,0.1195022107590224,0.7362722547129085,-0.11258911719282999,1.3997078169540706,0.0849885368871113,0.7632828548268241,-0.06639762203150973,0.7617359088808741,-0.09244840717436015,1.6106824973410245,1.3997078169540706,0.9660129922499031,1.5051951571475475,1.3254677688483327,0.1195022107590224,0.0849885368871113,0.10224537382306685,0.6163651101137968,0.7362722547129085,0.6763186824133527,-0.13514478163708943,-0.11258911719282999,-0.12386694941495971,0.336959639797005,0.9943173872272277,12.740489496802013,0.016896413427780033,0.7649648341384813,-1.447400762332707e-05,4.714084570547631e-05,6.161485332880338e-05,0.5993764513736989,-1.2904420585880587e-05,1.9321379406812974e-05,3.222579999269356e-05,0.8240473355911079,-9.079114388612881e-07,4.298897536126303e-06,5.206808974987591e-06,0.8737819155642133,-1.9485394180913895e-07,1.4181618306521991e-06,1.613015772461338e-06,1.5071520559866989,3.9811287150593304e-07,1.1533919765089346e-06,7.552791050030016e-07,0.6836062783463408,-1.2671032103222629e-05,0.9009822441856395,-5.805736888807226e-06,0.632612065921448,-4.898542828649131e-05,0.6807977603498528,-9.989734485770058e-06,0.7858824334737907,-4.363614779406069e-07,Train227.csv,Normal
0,0.0,0.0,1,0.8671738484213886,-0.004007582677223301,0.9058355309464966,-0.12267344148941173,0.9664367873866421,-1.2685374267563532,0.7900387720222272,-0.007589177717041925,0.7857644008246716,-0.008126555707668143,0.9130235734388735,-0.0026027229144128562,0.9277876043795769,-0.002659039833239958,0.6353052328866742,-0.009006244327770953,0.9545879143207124,-0.0010290819224468804,1.2198096508706369,0.004164850215118018,0.8718235039033404,-0.0036332167080921317,1.2198096508706369,0.9545879143207124,0.9277876043795769,1.0871987825956746,1.0340617231903086,0.004164850215118018,-0.0010290819224468804,0.001567884146335569,0.6353052328866742,0.7857644008246716,0.7105348168556729,-0.009006244327770953,-0.008126555707668143,-0.008566400017719548,0.1584697842723266,0.5845044179839627,57.5936363141883,0.09123817789150301,0.5984333580105909,-5.1951085336995556e-08,9.23223997066886e-08,1.4427348504368416e-07,0.7263801926160796,-1.750713386673633e-07,4.913100258136322e-07,6.663813644809955e-07,0.6630605566502393,-1.5274429657764544e-07,3.202632580134279e-07,4.7300755459107335e-07,0.8949015754152856,-1.4386856581684963e-08,2.0765141305030171e-07,2.2203826963198668e-07,0.7859864521276493,-6.563845914654646e-08,2.7778990975120826e-07,3.434283688977547e-07,1.0,0.0,1.0,0.0,1.0,0.0,1.0,0.0,1.0,0.0,Train228.csv,Normal
0,0.0,0.0,1,0.9108656978836533,-0.0025017549784805172,0.9367744179620059,-0.07612260359075629,0.9296162572663658,-1.5232811029437343,0.8070637842669016,-0.004964882731420945,0.7550816701942086,-0.006525033457466269,0.8746136801833136,-0.0035145140327723402,0.8428180230918797,-0.005704826631413067,1.1302463094214008,0.002373317854041903,1.1342189815675183,0.003578405382194859,0.9699115237347274,-0.000939164986721093,0.8612689332839791,-0.003948718429145775,1.1342189815675183,1.1302463094214008,0.9699115237347274,1.1322326454944596,1.0781256049078822,0.003578405382194859,0.002373317854041903,0.002975861618118381,0.7550816701942086,0.8070637842669016,0.7810727272305551,-0.006525033457466269,-0.005704826631413067,-0.006114930044439668,0.13415216821619486,0.37913731137330975,-54.282841800245706,-0.1986856010862681,0.7130963941047587,-1.8282033065620945e-08,7.029474493398255e-08,8.85767779996035e-08,0.9783361548485644,-6.738290876830677e-09,7.558988268566988e-07,7.626371177335294e-07,0.9393505199680401,-6.893227796560885e-09,2.6164547999877093e-07,2.685387077953318e-07,0.9767314108998166,5.7583127706201045e-09,1.780507247048909e-07,1.722924119342708e-07,0.8341268946263232,-4.2518148241809846e-08,2.6409826840691474e-07,3.066164166487246e-07,1.0,0.0,1.0,0.0,1.0,0.0,1.0,0.0,1.0,0.0,Train229.csv,Normal
1007,14.939145732445462,53.78092463680367,0,1.0524370139694474,0.02052467811566483,0.9195807419914992,-0.1063595233356085,0.8720809488797578,-2.6147142578543523,1.5415280718252027,0.08156361451069136,0.932571012596214,-0.014089133146359123,0.8975867065612303,-0.038567979160878674,0.8971436223476446,-0.04132813421720449,1.6446379239975781,0.2945370378414644,0.6041787254794699,-0.284868640984738,1.4170456148116073,0.13355239779021438,1.5196065625536668,0.08501960138914222,1.6446379239975781,1.5415280718252027,1.5196065625536668,1.5930829979113903,1.568590852792149,0.2945370378414644,0.13355239779021438,0.2140447178158394,0.6041787254794699,0.8971436223476446,0.7506611739135572,-0.284868640984738,-0.04132813421720449,-0.16309838760097126,0.36582866134537784,1.0404591985181082,16.548516490946866,0.1301575763042564,1.0737087822290698,9.917344181017908e-06,0.0001443193352817279,0.00013440199110071,1.11328161559063,3.6290540145546786e-06,3.55664622121301e-05,3.193740819757542e-05,1.0410862841233086,2.6002272316488708e-06,6.563382649886541e-05,6.303359926721654e-05,0.997261977309325,-7.903170011819308e-09,6.52081912501979e-06,6.5287222950316095e-06,0.9546810130921721,-4.774472951953478e-08,1.2164393036976899e-06,1.2641840332172247e-06,1.0237337518008847,1.7127539895597657e-06,1.0655629472512773,1.842302939201221e-06,1.2397370770915652,4.667270426630827e-06,0.8742166622227424,-3.226053695230108e-05,0.8370947872414364,-1.2893230937067524e-05,Train230.csv,Normal
735,10.903944501834573,39.254200206604466,0,0.8519597657911626,-0.0865461461090184,0.9017917908680225,-0.14429969958415056,1.0392607758010195,0.6787032285011492,1.3391747013827482,0.05751913219933413,0.7805076576015464,-0.11278342440767847,1.1915076098636288,0.12215833017806543,0.8094200842980112,-0.1606601840063584,0.5174570340450414,-0.4440114865913409,1.3628725820822953,0.1281631991789221,0.7325776299573066,-0.12211045255481162,1.0497162637963224,0.01886055534003861,1.3628725820822953,1.3391747013827482,1.1915076098636288,1.3510236417325219,1.2978516311095574,0.1281631991789221,0.12215833017806543,0.12516076467849377,0.5174570340450414,0.7325776299573066,0.625017332001174,-0.4440114865913409,-0.1606601840063584,-0.30233583529884966,0.2891473305285601,0.8454155480372539,22.0965881523488,0.5064735925880344,1.2218463608560692,1.6574247071146238e-05,9.122964616639165e-05,7.465539909524541e-05,0.8152464751055237,-1.1719395668358667e-05,5.1757326303836564e-05,6.347672197219523e-05,0.7602586819703708,-1.2778967123458986e-05,4.055589319752425e-05,5.333486032098324e-05,0.7560820394198463,-1.644156664677666e-06,5.127454089787849e-06,6.771610754465515e-06,0.47707009592851274,-4.546414624112643e-06,4.156827033395927e-06,8.70324165750857e-06,0.827260218212206,-1.1392038580313466e-05,0.9911552874794197,-2.2520826989039702e-07,1.3053192770128021,2.5689334086773563e-05,0.43131717393298147,-0.0002893476675101523,0.6248058657902682,-0.00011515359071188455,Train231.csv,Normal
342,5.073672135547516,18.265219687971058,0,1.049696169626489,0.004217208733418548,0.8943625039698019,-0.15591360121349895,1.0567462627289514,0.7846713623819941,1.171593188487065,0.011977141347269127,0.8735209822009691,-0.009919331647275723,1.1657016733942034,0.010643076530988935,1.1727386826273385,0.018409037369745848,1.0329985583438157,0.003912933509479091,1.0009301566003912,7.451148837742116e-05,0.9710733216554387,-0.002739273454001462,0.7695426266879555,-0.009388639905721655,1.1727386826273385,1.171593188487065,1.1657016733942034,1.1721659355572016,1.1700111815028689,0.018409037369745848,0.011977141347269127,0.015193089358507487,0.7695426266879555,0.8735209822009691,0.8215318044444623,-0.009919331647275723,-0.009388639905721655,-0.009653985776498689,0.13903667041617132,0.403196055939383,11.494269461330418,-0.08699698934933142,1.2249886522810025,2.5334360796152583e-07,1.3249253032800916e-06,1.0715816953185657e-06,0.9429016008150204,-1.0629270975110336e-07,1.9204142979944916e-06,2.026707007745595e-06,1.015250621518647,6.283440407050449e-07,4.116384180609072e-05,4.0535497765385676e-05,0.7849643226488453,-8.357240336365494e-08,3.415758683849936e-07,4.2514827174864853e-07,0.7683725012428416,-8.667871801143493e-08,3.2071005719955293e-07,4.0738877521098786e-07,1.4351233354002348,3.251592418259693e-07,0.545130714804978,-1.084611757747178e-06,0.8695161933289615,-3.0248364082936047e-07,0.892874978187336,-4.7025902011433385e-08,0.6277975229722697,-4.388391931422018e-08,Train232.csv,Normal
856,12.699015637510742,45.716456295038675,0,0.894348363400398,-0.05076838246038479,0.9125912411827628,-0.11053969092716187,0.9406610577273677,-1.8145204639952581,0.8013628694733491,-0.2402811347155157,1.221797216846109,0.0455148324435507,0.9233325841120144,-0.027053640547353153,1.5803694352977944,0.18465031819065592,0.9492590723933433,-0.010038945798930277,0.9147210038626579,-0.016304501520145592,1.2611294434879248,0.03246956868785057,1.0118447832124877,0.0018721619768186093,1.5803694352977944,1.2611294434879248,1.221797216846109,1.4207494393928597,1.3544320318772762,0.18465031819065592,0.0455148324435507,0.11508257531710331,0.8013628694733491,0.9147210038626579,0.8580419366680034,-0.2402811347155157,-0.027053640547353153,-0.13366738763143443,0.2383410883373239,0.7790065658244453,11.580051352041892,0.29495342386197976,1.2196100438872342,1.6377732835116263e-05,9.089862652921713e-05,7.452089369410087e-05,0.841910641324863,-7.0759274638702735e-06,3.773636496146228e-05,4.4812292425332556e-05,0.8003501887322101,-1.707149843760518e-05,6.847579975935526e-05,8.554729819696044e-05,1.0324271904247466,1.388433080380947e-07,4.102154173100537e-06,3.963310865062442e-06,1.0853654178751362,1.2381116535213186e-07,1.4470344797228692e-06,1.3232233143707374e-06,0.8075138139096969,-1.9935381236246244e-05,0.9743655246614912,-4.0414309580146196e-07,1.2461073080975038,1.583915089409348e-05,0.38636013864596436,-0.00020155811686135464,0.6958872476019472,-6.48524860828026e-05,Train233.csv,Normal
369,5.474225198880214,19.70721071596877,0,0.9798667694048411,-0.004867008942924744,0.9390747679175242,-0.08308783750358906,0.8516900337391153,-4.606720206786861,1.8865562053600147,0.08464575044919297,1.1188610588867562,0.011323429065360796,0.6608648780417326,-0.12974784116472976,0.9628806147865705,-0.011739948919297583,1.2366863431710018,0.06254916848170267,0.9883228276099087,-0.0025530426542625106,1.2070440870980397,0.04552236286962849,0.8138723871957106,-0.035769882453101726,1.8865562053600147,1.2366863431710018,1.2070440870980397,1.5616212742655082,1.4434288785430187,0.08464575044919297,0.06254916848170267,0.07359745946544782,0.6608648780417326,0.8138723871957106,0.7373686326187217,-0.12974784116472976,-0.035769882453101726,-0.08275886180891574,0.3454065351126757,1.2256913273182821,7.843099855720851,0.0603613509112888,0.9258962860579928,-2.827671035891355e-06,3.5455565361303094e-05,3.828323639719445e-05,1.034420884564783,9.271415782249159e-07,2.7562057588409723e-05,2.6634916010184807e-05,0.9893747455976075,-5.9474268258654494e-08,6.4691238327911505e-06,6.528598101049805e-06,0.9891146732869661,-9.724153649181655e-10,9.97028139343279e-07,9.980005547081972e-07,0.8604950899492161,-6.818511196248526e-08,4.822619141244358e-07,5.504470260869211e-07,0.9969940122201078,-6.06641509596882e-08,0.8535525835725852,-4.993578795847426e-06,0.6694928461033789,-2.2985096228845277e-05,1.1541375812627899,8.164990547609321e-06,0.8712949498014353,-8.542063193691327e-07,Train234.csv,Normal
238,3.5308010767845284,12.710883876424303,0,1.0259641296600066,0.002352145726307736,0.9394496205180656,-0.07912225345580937,0.7805824454327656,-6.2665037519040325,1.2842299072511236,0.010352635653477688,1.1739759495651532,0.019774654387839055,0.8633000008100591,-0.014643125507858956,0.9129243032619075,-0.006388644819175143,1.1813556405307306,0.01785335813851227,0.9706072378289794,-0.0034282161181058562,1.1000148376349184,0.0047911909402524044,0.8812129756692478,-0.011245125863802705,1.2842299072511236,1.1813556405307306,1.1739759495651532,1.2327927738909272,1.2131871657823359,0.019774654387839055,0.01785335813851227,0.018814006263175663,0.8633000008100591,0.8812129756692478,0.8722564882396535,-0.014643125507858956,-0.011245125863802705,-0.01294412568583083,0.14928886816210848,0.42092990644106454,30.548281378722265,0.166389158037763,1.223998642493433,3.6257108074132286e-07,1.926558658597556e-06,1.5639875778562331e-06,1.0403608010338654,9.254360536864235e-08,2.127686497834602e-06,2.0351428924659596e-06,1.3166780628991275,2.3516862021033257e-06,9.736218619870548e-06,7.3845324177672225e-06,1.0532351474166441,3.1709692763906886e-08,4.2951719997331317e-07,3.978075072094063e-07,0.8183744370332068,-6.186387720529202e-08,3.238066222080036e-07,3.8567049941329564e-07,1.067524958076795,1.4871001609131933e-07,0.8548352272199176,-1.5752830757325587e-06,1.5482122209830815,1.0661500407552443e-06,0.4629639113916226,-4.2373837453301034e-07,0.0,0.0,Train235.csv,Normal
316,4.687954370856769,16.876635735084367,0,1.3238313950840959,0.06883139274059236,0.939521263457748,-0.07206886356224396,0.6159899538285183,-17.2568771439616,0.8771905682202429,-0.016753757444475326,2.8636732220305743,0.3665569523048395,0.9893110011359411,-0.001552547944206062,1.447311662023643,0.08359654294038316,1.1252119586384972,0.02756279672133899,0.8058264135119522,-0.05808414658694816,0.9017929489394861,-0.023758106168605492,0.8909269313548872,-0.02478817254696719,2.8636732220305743,1.447311662023643,1.1252119586384972,2.155492442027109,1.8120656142309048,0.3665569523048395,0.08359654294038316,0.22507674762261132,0.8058264135119522,0.8771905682202429,0.8415084908660975,-0.05808414658694816,-0.02478817254696719,-0.041436159566957675,0.643393693554103,2.0578468085186223,-59.488398748953145,-0.9138880399809377,1.582021470316483,1.873535352658543e-05,5.089831360038345e-05,3.216296007379802e-05,0.7439154440921667,-5.429328447404367e-06,1.5801032683010784e-05,2.123036113041515e-05,1.0426961305512006,4.283793915976261e-07,1.021737958661322e-05,9.789000195015594e-06,1.050435206416335,6.41646070318982e-08,1.1281089978762151e-06,1.063944390844317e-06,1.1060954364275988,6.066488057245047e-08,5.282055013419875e-07,4.67540620769537e-07,1.1715110375271198,3.550654201626087e-06,1.9537788292614875,4.751482763835284e-05,4.51439352879001,7.608235198826069e-05,1.2078957165344173,4.833889076526968e-06,1.0603044203823693,2.489137029271498e-07,Train236.csv,Normal
996,14.775957447383993,53.19344681058237,0,0.8018916264638457,-0.10738992204216102,0.9062635390047126,-0.11913213395244471,1.236970229588733,4.234857166879337,0.4009894056612902,-0.3618959942176959,0.5551125671077415,-0.3320942075332821,1.4129797145176313,0.18810936039328374,1.046559783542358,0.027660288826282464,1.1110911046484064,0.05312419220275,0.4990899464747625,-0.3842063604196255,1.0916536357133653,0.01475261971329589,0.905660432276425,-0.01499085696468122,1.4129797145176313,1.1110911046484064,1.0916536357133653,1.2620354095830189,1.205241484959801,0.18810936039328374,0.05312419220275,0.12061677629801687,0.4009894056612902,0.4990899464747625,0.45003967606802636,-0.3842063604196255,-0.3618959942176959,-0.3730511773186607,0.33367803926758677,1.0119903088563411,56.847424798708886,0.6674723284569097,0.6061077666919018,-6.383535976558736e-05,9.824303489348734e-05,0.0001620783946590747,1.0239531609667543,1.8538984571136769e-06,7.882323574261511e-05,7.696933728550144e-05,0.96251420377695,-2.914791074685663e-06,7.509919052310147e-05,7.801398159778713e-05,0.8558216021425162,-8.802036772116144e-07,5.284117097885051e-06,6.164320775096665e-06,0.7833838653670155,-3.3617358961506606e-07,1.251923385947684e-06,1.58809697556275e-06,0.9627686320948102,-4.440887362656409e-06,1.0176099242092729,7.299114464372645e-07,0.7225677896380664,-1.4795880889154388e-05,0.4239985026944262,-0.0001705369366850969,0.3937099007324872,-0.00022310784216122775,Train237.csv,Normal
603,8.945685081096936,32.204466291948975,0,1.0539484698938355,0.008423886825109667,0.899058967468401,-0.11890133394977243,0.8884910122977909,-3.5414861734260406,1.0726193546762706,0.01116168710709367,1.2349996846660223,0.03258219425308714,0.9445478955304439,-0.011418308083938122,1.1448017557494152,0.02746338634312631,1.078646149023077,0.01246859888033644,1.0785446939576457,0.011642314931709419,0.9234944812166175,-0.010895317271735289,0.6931804324832758,-0.02463791569296543,1.2349996846660223,1.1448017557494152,1.078646149023077,1.1899007202077188,1.1528158631461716,0.03258219425308714,0.02746338634312631,0.030022790298106727,0.6931804324832758,0.9234944812166175,0.8083374568499466,-0.02463791569296543,-0.011418308083938122,-0.018028111888451777,0.15541825942328694,0.5418192521827465,-24.624367421606905,-0.21532656732362554,1.6937295047781273,6.742427265746559e-06,1.6437113630354568e-05,9.69468636460801e-06,0.9673466416908364,-2.985818820128674e-07,9.141652274339417e-06,9.440234156352285e-06,1.1426781579280312,5.697456734930214e-06,4.5549596935808354e-05,3.985214020087814e-05,1.1248393106288792,1.0113513652117795e-07,8.211546797410488e-07,7.200195432198708e-07,0.8810667991972096,-3.0710165150508336e-08,3.015842057713009e-07,3.322943709218092e-07,0.9704271970905594,-3.467219427027203e-07,2.852167938581216,6.7865046105973545e-06,0.82589702282223,-2.504787733820776e-06,1.663493144267318,1.2831405287934838e-05,0.7060442918844256,-8.991048515596862e-07,Train238.csv,Normal
0,0.0,0.0,1,0.9022143293568085,-0.0030845250655350057,0.9226458903276996,-0.10731809657723801,0.9679858033329096,-0.5946955867381334,0.9962239398554443,-0.00010478439910007256,1.0386799229191082,0.0010981477544905055,0.8590034526108549,-0.004712267166042717,2.1153651266040745,0.011273423827654597,0.8467032269598441,-0.005918109752512078,0.8830750193803438,-0.003849665747891355,0.7323784761780489,-0.009186288597098191,0.8492119439281985,-0.0056663027030627935,2.1153651266040745,1.0386799229191082,0.9962239398554443,1.5770225247615914,1.3834229964595426,0.011273423827654597,0.0010981477544905055,0.006185785791072551,0.7323784761780489,0.8467032269598441,0.7895408515689465,-0.009186288597098191,-0.005918109752512078,-0.007552199174805135,0.4159489326556773,1.3829866504260258,143.67061013191244,0.4596788914552956,0.6468551206468787,-4.403010284295123e-08,9.896688508427493e-08,1.4299698792722616e-07,0.6929375504293568,-2.818531150218241e-07,6.586151543152898e-07,9.404682693371138e-07,0.8024627567177316,-8.616845479512268e-08,3.90668625631802e-07,4.768370804269247e-07,0.9102655959833554,-1.1690752799780786e-08,2.200309484527004e-07,2.317217012524812e-07,0.7787101438999179,-7.586787774313174e-08,3.021656239113523e-07,3.7803350165448404e-07,1.0,0.0,1.0,0.0,1.0,0.0,1.0,0.0,1.0,0.0,Train239.csv,Normal
879,13.040227506275635,46.944819022592284,0,0.4983723150312975,-0.31361516867272765,0.8885462902586463,-0.16333050073957933,1.3009910946458076,4.8323845186432415,0.33529665412224663,-1.1060333170395742,1.1340960673907616,0.02000149981680699,1.0129847985634755,0.004995550322842268,1.5524572866201358,0.14200732346746198,0.8502410727396003,-0.028191545891076114,0.9055266339895881,-0.016495849288769043,1.5220837475156228,0.0689688838557769,0.9478320350369148,-0.010237754417576184,1.5524572866201358,1.5220837475156228,1.1340960673907616,1.5372705170678793,1.4028790338421733,0.14200732346746198,0.0689688838557769,0.10548810366161944,0.33529665412224663,0.8502410727396003,0.5927688634309234,-1.1060333170395742,-0.028191545891076114,-0.5671124314653252,0.3645806012040756,1.2171606324978892,145.61357839205277,2.019159380907311,0.5961916691445184,-1.9832136471071476e-05,2.9295374954300152e-05,4.912751142537163e-05,0.6717511606378884,-2.3145313152719897e-05,4.738663666107924e-05,7.053194981379914e-05,1.0696319281972444,4.201517841327974e-06,6.438686141209299e-05,6.018534357076501e-05,0.7958715982209362,-9.352935546629649e-07,3.685583611005013e-06,4.620877165667978e-06,0.5534053656224396,-6.546081897223525e-07,8.235605847382892e-07,1.4781687744606416e-06,0.7875782224095319,-2.2394825415694524e-05,0.6484876080655229,-8.114255690095303e-06,0.6984976335611789,-6.3790085270098285e-06,0.22560316275555553,-0.0003244060210220921,0.11821172625399856,-0.0005971709876471356,Train240.csv,Side II
954,14.152874904422017,50.95034965591926,0,1.0344213473553239,0.02026990695556663,1.007880724146502,0.010024540975481777,0.8732094185325301,-2.4775227600081564,1.2358849091477104,0.1454723156762191,0.9985900744840519,-0.001099261699183507,1.1514597393371906,0.057201678517931454,0.9186955234154931,-0.0575104588662978,0.8464503855481603,-0.06698935606174589,1.3611890689117583,0.13707468947222023,1.1248871544940255,0.08154798503571781,0.7709791025790317,-0.14160073676477292,1.3611890689117583,1.2358849091477104,1.1514597393371906,1.2985369890297345,1.2495112391322198,0.1454723156762191,0.13707468947222023,0.14127350257421967,0.7709791025790317,0.8464503855481603,0.808714744063596,-0.14160073676477292,-0.06698935606174589,-0.1042950464132594,0.18922694020705,0.5902099663327266,3.6795782951994624,0.014203500755471943,1.3766424563423427,5.660958268884493e-05,0.0002068736204022134,0.00015026403771336848,1.01929107609809,2.74165912134147e-06,0.00014433387495687728,0.00014159221583553581,0.9835427864834958,-2.0331816747957033e-06,0.0001221079495447566,0.00012414113121955232,0.9538672662903557,-4.5963102310244546e-07,9.710364510183419e-06,1.0169995533285864e-05,3.2986274386728436,8.650332144694684e-06,1.2399241483079397e-05,3.7489093383847126e-06,0.9821801917290928,-3.5495280480076527e-06,1.0295348007768355,2.415383144537903e-06,1.5070787314563552,2.8320564442557892e-05,2.1049406582221755,0.00026837481102728395,0.8519789973452909,-6.81959154676688e-05,Train241.csv,Normal
956,14.18254550170592,51.05716380614132,0,1.4243663324880604,0.13913428787923193,0.9487286552239744,-0.07164472094242691,0.9506332537982428,-1.3796859119842502,1.17270438669409,0.03539183790637673,0.9429097068849982,-0.011475873807374248,0.8265715895422763,-0.0647726096429268,1.204132939184947,0.0687452487169366,0.9838238247724823,-0.004006795031306548,0.9429237403185864,-0.014207530493736992,1.6167175066891784,0.3337605695596545,2.1712240059174284,0.3857072744646085,2.1712240059174284,1.6167175066891784,1.204132939184947,1.8939707563033035,1.6640248172638514,0.3857072744646085,0.3337605695596545,0.3597339220121315,0.8265715895422763,0.9429097068849982,0.8847406482136373,-0.0647726096429268,-0.014207530493736992,-0.0394900700683319,0.42242463719722345,1.344652416375152,-31.302301244104882,-0.37750032908287157,2.502785624709732,9.523886774825576e-05,0.00015859709950562936,6.33582317573736e-05,1.5207807133366353,2.45744852334172e-05,7.173306234149183e-05,4.715857710807463e-05,1.3202978441934123,1.5298002558182292e-05,6.30185846877036e-05,4.7720582129521315e-05,1.1298312978605916,5.337504881240673e-07,4.557835464201658e-06,4.024084976077591e-06,1.4088934132181135,4.411329613974657e-07,1.4855225589317482e-06,1.0443895975342825e-06,1.3547735387489126,2.6101296895552102e-05,1.4700837491052012,1.0964986036558775e-05,2.0831452135648822,1.2780894211214149e-05,2.83771358387388,0.00024878023730670514,1.206681174168589,2.2777828213232414e-05,Train242.csv,Normal
770,11.423179954302887,41.123447835490396,0,0.8546698553024044,-0.06935320135260648,0.8980592091410377,-0.1331907514005144,0.9317227629528645,-2.4689559432007755,0.9452581576853878,-0.018936250640563757,0.908576206600739,-0.060877914366485375,0.6276878318476413,-0.2488180701983036,1.1314735175419512,0.05629666870799466,0.869515110988368,-0.050064928054665836,0.8877210949463906,-0.03881525661181234,0.9505338138527386,-0.014681399867646217,0.7690823274280962,-0.12087005577188781,1.1314735175419512,0.9505338138527386,0.9452581576853878,1.041003665697345,1.009088496360026,0.05629666870799466,-0.014681399867646217,0.02080763442017422,0.6276878318476413,0.7690823274280962,0.6983850796378688,-0.2488180701983036,-0.12087005577188781,-0.1848440629850957,0.13652485144386511,0.5037856856943099,31.52593426118503,0.14512249662127275,0.7906660300708672,-9.537947655574171e-06,3.606312855344486e-05,4.560107620901903e-05,0.9103413606638356,-3.39953386013443e-06,3.4618411749778193e-05,3.801794560991262e-05,0.946174731568673,-2.5731981007591013e-06,4.54090957798535e-05,4.79822938806126e-05,0.8270173040566762,-6.68249421886455e-07,3.2426596504792396e-06,3.910909072365695e-06,1.5896575970030995,2.5442809502403796e-06,6.832166643769499e-06,4.287885693529119e-06,0.857786059284587,-6.134709636782814e-06,1.111412639527089,1.7792290394201925e-06,0.5431894408239805,-2.1847608690406515e-05,0.771642053312103,-7.818756349304429e-05,0.7572957818556593,-2.8491371928684027e-05,Train243.csv,Normal
0,0.0,0.0,1,0.9096835610621059,-0.0026648331628688834,0.9407630245827124,-0.07634380576550703,0.8186739605505117,-5.789355331637431,0.7489461922602522,-0.00784103835045892,0.8020586251004149,-0.0069003616107616746,0.9962947230735895,-0.0001057888619080509,0.9165632663557277,-0.0031253514635439586,0.9814531470418353,-0.00033812868480187497,1.1535126971376084,0.0037025046950455755,0.9072556455199415,-0.002686598066542107,0.9080945507070209,-0.002603184584225208,1.1535126971376084,0.9962947230735895,0.9814531470418353,1.074903710105599,1.0437535224176777,0.0037025046950455755,-0.0001057888619080509,0.0017983579165687623,0.7489461922602522,0.8020586251004149,0.7755024086803335,-0.00784103835045892,-0.0069003616107616746,-0.0073706999806102975,0.11578221896455765,0.40456650487735624,41.99598790036305,0.11563172341971129,0.5497267668972101,-4.744325383951226e-08,7.013096025195455e-08,1.1757421409146681e-07,0.6922640935749951,-3.5833758587803117e-07,8.285899685209379e-07,1.186927554398969e-06,0.849540277458887,-3.1479706403853775e-08,2.3420674112710922e-07,2.65686447530963e-07,0.731737862355693,-5.214166246125498e-08,1.6950363421363246e-07,2.2164529667488744e-07,0.8321537112480405,-4.779216315299897e-08,2.865238392008171e-07,3.343160023538161e-07,1.0,0.0,1.0,0.0,1.0,0.0,1.0,0.0,1.0,0.0,Train244.csv,Normal
0,0.0,0.0,1,0.9126555821024903,-0.002592653371572242,0.9290641790718276,-0.08952891392291584,0.9158504245810947,-2.6888778802414137,1.223916549069372,0.004252580660680766,0.8330333569824824,-0.0033788578703514913,1.0197402553135708,0.0005947649504642397,0.506806822688994,-0.012485200615493113,0.970829132187321,-0.0009963419328979858,0.9426664327910863,-0.0020780961848406443,0.7932435317351048,-0.007974915873495574,0.9822699337234132,-0.0004893451125969166,1.223916549069372,1.0197402553135708,0.9822699337234132,1.1218284021914715,1.0753089127021187,0.004252580660680766,0.0005947649504642397,0.0024236728055725028,0.506806822688994,0.7932435317351048,0.6500251772120493,-0.012485200615493113,-0.007974915873495574,-0.010230058244494343,0.1945155524508664,0.717109726380378,64.51106345299263,0.285461768515213,0.8725839787261807,-3.5019120866306907e-09,9.2465233580356e-08,9.59671456669867e-08,0.7306028470586673,-2.422503504779684e-07,6.841008608241853e-07,9.263512113021537e-07,0.7139574272873054,-7.388566329952805e-08,2.0937719790324842e-07,2.8326286120277647e-07,0.8970886993324549,-1.1305722297614852e-08,1.8572423611718535e-07,1.970299584148002e-07,0.8269834965017767,-4.64068302343649e-08,2.696131106029215e-07,3.160199408372864e-07,1.0,0.0,1.0,0.0,1.0,0.0,1.0,0.0,1.0,0.0,Train245.csv,Normal
955,14.167710203063969,51.003756731030286,0,0.9152987767601141,-0.04985337535944445,0.887766816864865,-0.1462179403348869,0.909870234555146,-1.7600962912065796,0.8575673255331352,-0.0924363217217331,0.5224012998482465,-0.26635318322217627,1.0689055051991465,0.05419949496158549,0.7685349287742359,-0.12499147719809106,1.546230641565229,0.21554042468735968,0.7984148099672463,-0.09359768678028674,0.844743142138519,-0.07340361262811956,0.8422193095715658,-0.11530769401265173,1.546230641565229,1.0689055051991465,0.8575673255331352,1.3075680733821877,1.1575678240991703,0.21554042468735968,0.05419949496158549,0.13486995982447259,0.5224012998482465,0.7685349287742359,0.6454681143112412,-0.26635318322217627,-0.12499147719809106,-0.19567233021013367,0.2793337236820869,1.0238293417169824,2.7262825346385284,0.025164845188120566,0.47612246936486985,-0.00012802871078994342,0.00011636709648855149,0.00024439580727849493,0.8157111694879368,-2.3657007667240182e-05,0.0001047564437241396,0.00012841345139137978,0.7766056983400476,-2.512820517257021e-05,8.739020305350537e-05,0.00011251840822607558,0.9237613310242117,-6.14882994052531e-07,7.571521828426455e-06,8.186404822478986e-06,0.7314296479443946,-1.4641468881133871e-06,4.014719909098005e-06,5.478866797211392e-06,0.828231197831197,-2.9051179412871214e-05,0.7436321764367322,-2.1390851392280282e-05,0.4534260854122131,-4.5570418520256136e-05,0.5456896748807154,-0.00020113750241765524,0.8305840395834476,-6.9733180665125e-05,Train246.csv,Normal
514,7.625343501963226,27.451236607067614,0,0.9792971174209087,-0.003047353289710869,0.8351550834003546,-0.20415601061706012,0.9117798941586602,-2.7259417798918726,0.93725165019676,-0.011013604121356657,1.1527459210990194,0.0202307998033171,0.9684617152587337,-0.005319842590577356,0.9511140573833015,-0.009076180533264783,0.9210044672828186,-0.010460373163960812,1.1586025448271944,0.02206121972231609,0.8585371145786045,-0.019318087209619417,0.7212646128812716,-0.022520809183806084,1.1586025448271944,1.1527459210990194,0.9684617152587337,1.155674232963107,1.0932700603949825,0.02206121972231609,0.0202307998033171,0.021146009762816595,0.7212646128812716,0.8585371145786045,0.7899008637299381,-0.022520809183806084,-0.019318087209619417,-0.02091944819671275,0.135118831207204,0.43733793194592274,65.91652086945277,-0.06309657430657634,1.038126431383987,4.5308658573849826e-07,1.2064593494580543e-05,1.1611506908842045e-05,0.89908531488234,-8.799508322539705e-07,7.92889283966895e-06,8.808843671922921e-06,1.239955405384919,1.0785313037597579e-05,5.568079462203032e-05,4.489548158443274e-05,1.0157782691076864,1.9085750681258365e-08,5.849252562219652e-07,5.658395055407069e-07,0.9061994623153282,-2.1642684242988734e-08,3.056974315393065e-07,3.2734011578229524e-07,0.9698661785860816,-3.187330158599731e-07,1.1176552282318521,6.628518903307018e-07,0.8321453248508773,-2.6643264280681207e-06,0.6182443478972466,-5.063834659939148e-06,0.694409248172805,-1.5949785403763507e-07,Train247.csv,Normal
1016,15.07266342022303,54.26158831280291,0,0.7073593216481115,-0.21991103658802136,0.9817678561593736,-0.026144147898069514,1.3653791915361122,5.482476987900544,0.350254882027072,-1.208866669214742,1.1605507489603555,0.04710856483153636,1.526049929631245,0.3858750511697371,1.1977157919262733,0.07974530523645484,0.9176498997458732,-0.024377135181451015,1.0352498042673273,0.008825135756282743,0.8117424567025902,-0.05829519854605841,1.125581279277544,0.01908004818876069,1.526049929631245,1.1977157919262733,1.1605507489603555,1.3618828607787592,1.2947721568392911,0.3858750511697371,0.07974530523645484,0.23281017820309596,0.350254882027072,0.8117424567025902,0.580998669364831,-1.208866669214742,-0.05829519854605841,-0.6335809338804003,0.3203619544084048,1.175795047604173,74.71999368636304,1.3412712128828712,1.235114471030137,1.8639155558774286e-05,9.786356200407729e-05,7.9224406445303e-05,1.0951360457899577,9.275803191118048e-06,0.0001066610976263649,9.738529443524686e-05,0.959338198594826,-7.409447895084299e-06,0.00017504782209016076,0.00018245726998524506,0.7646421378042453,-2.138434159679708e-06,6.9799380121102686e-06,9.118372171789977e-06,0.7699292763220271,-8.224396693737882e-07,2.785750668215377e-06,3.6081903375891652e-06,0.9904925369003722,-2.049664614659321e-06,1.3498567562208632,1.5299867679617883e-05,1.3632271307346977,1.31831443699318e-05,0.558595607775337,-0.00010507657867074954,0.30829265546776546,-0.0009306449944919758,Train248.csv,Side II
0,0.0,0.0,1,0.8782832054956331,-0.0036540336036922083,0.9023253902674025,-0.12771310806987013,0.9683386968678384,-0.775867219698263,0.772099477444254,-0.00819956045626748,0.8453428757309193,-0.005794558287554499,1.0282308695081772,0.0008154599612064384,0.9028677249264938,-0.00367346579783831,0.6358396677943722,-0.009142503369547514,1.0920367887154954,0.0017508485235644723,1.0435988433684087,0.0009096704190510278,0.839977441176911,-0.004581253641898035,1.0920367887154954,1.0435988433684087,1.0282308695081772,1.067817816041952,1.0546221671973603,0.0017508485235644723,0.0009096704190510278,0.00133025947130775,0.6358396677943722,0.772099477444254,0.7039695726193131,-0.009142503369547514,-0.00819956045626748,-0.008671031912907497,0.14425645836569606,0.4561971209211232,20.796087382934616,0.027893135063626673,0.5720683390149193,-4.144156640120231e-08,6.876820326806214e-08,1.1020976966926445e-07,0.8183996121711865,-1.212429752749861e-07,5.914590896495831e-07,7.127020649245692e-07,0.9085003587029895,-2.2983823583837638e-08,3.274965358611925e-07,3.5048035944503014e-07,0.7420038288124658,-5.6670158026170864e-08,1.9174514216721528e-07,2.4841530019338614e-07,0.7622454751830039,-8.191023637818606e-08,2.9466594529041105e-07,3.765761816685971e-07,1.0,0.0,1.0,0.0,1.0,0.0,1.0,0.0,1.0,0.0,Train249.csv,Normal
129,1.9137535248117823,6.889512689322417,1,1.0020770261062368,0.00042796121655291897,0.9388010451255073,-0.0833341151958591,0.9256937032498361,-1.1737520565848207,1.3780165243202203,0.035620609620283905,1.4598704600627148,0.09648011010005375,0.7819542401671463,-0.06680947282052282,1.1998163455377393,0.03669594369954304,0.7537603193774329,-0.05720432688262542,1.26553442996923,0.05288583280258499,0.6880687625811154,-0.06945764865725335,0.6511961725765688,-0.043982110857338524,1.4598704600627148,1.3780165243202203,1.26553442996923,1.4189434921914676,1.3678071381173884,0.09648011010005375,0.05288583280258499,0.07468297145131937,0.6511961725765688,0.6880687625811154,0.6696324675788421,-0.06945764865725335,-0.06680947282052282,-0.06813356073888809,0.31384419004666536,0.808674287486146,14.076054211127328,0.30983532851265405,1.264506159013791,8.249844530160656e-06,3.939165044985208e-05,3.114180591969142e-05,1.2162532677694173,2.263045299602648e-06,1.2671594451909492e-05,1.0408549152306844e-05,0.7415689562779774,-3.2602636262073735e-07,9.64229047028031e-07,1.2902554096487682e-06,0.7995870091164593,-6.761911267100942e-08,3.096767024795844e-07,3.772958151505938e-07,0.9302177561467352,-1.7981729224673456e-08,3.730046489650605e-07,3.90986378189734e-07,1.0,0.0,1.0,0.0,1.0,0.0,1.0,0.0,1.0,0.0,Train250.csv,Normal
939,13.93034542479274,50.149243529253866,0,0.8937544605245136,-0.08995226010311974,0.933041935563888,-0.09161704345785271,1.0042786414128868,0.1422908895191597,1.4854523870174623,0.16829818729495732,1.405786434757167,0.18708650329162085,1.8351759565906964,0.6366194801450585,0.5968516542589491,-0.5266949459689663,0.9291056113150238,-0.04062892537122953,0.6094802513336651,-0.6313896644649407,1.4515152008811258,0.05768965826184025,0.5177962404878108,-0.18988780984679493,1.8351759565906964,1.4854523870174623,1.4515152008811258,1.6603141718040795,1.5907145148297615,0.6366194801450585,0.18708650329162085,0.41185299171833967,0.5177962404878108,0.5968516542589491,0.55732394737338,-0.6313896644649407,-0.5266949459689663,-0.5790423052169535,0.4700981418751961,1.3173797161028857,-16.875153900160086,-0.1647830113616413,1.0414504461964755,1.2149666428717205e-05,0.0003050114577521466,0.0002928617913234294,0.8528935044646303,-2.430141998709806e-05,0.00014095266232701505,0.0001652540823141131,0.8911789272417633,-2.713911153624481e-05,0.00022233484270266308,0.0002494739542389079,0.9400185005736929,-9.5365544647916e-07,1.51022224608096e-05,1.605587790728876e-05,0.971850350293995,-1.2536188757995586e-07,4.673290759741617e-06,4.798652647321573e-06,0.866654334100712,-4.650368634024547e-05,0.9389090388686698,-4.080237455036321e-06,0.9993379882270936,-1.01844708149312e-07,1.1176303464426671,3.4562162702107564e-05,1.0634693617395121,3.18991808068485e-05,Train251.csv,Normal
0,0.0,0.0,1,0.8907548445738829,-0.003082437200427262,0.9110971269284154,-0.10589434446475576,1.0537068349139527,1.1064551028018066,0.7127429092429254,-0.0074930459487158214,0.6272016476643473,-0.009489017118278806,0.956809014253748,-0.0011317577709124525,0.7808442354439302,-0.007928572460489516,1.2389028533072586,0.004399718488630657,1.107089131874863,0.002977266398800478,0.9315201953931225,-0.0022828066877783985,0.8502265245660303,-0.004293948604450204,1.2389028533072586,1.107089131874863,0.956809014253748,1.1729959925910607,1.1009336664786231,0.004399718488630657,0.002977266398800478,0.0036884924437155676,0.6272016476643473,0.7127429092429254,0.6699722784536364,-0.009489017118278806,-0.007928572460489516,-0.008708794789384161,0.1897755034585122,0.6117012056429113,46.91455957196399,0.25855126592457633,1.0356552424970589,1.342619909409436e-08,9.951863471213827e-08,8.609243561804391e-08,0.7979638025361514,-1.260462743142438e-07,5.37329467369804e-07,6.633757416840478e-07,0.8649500914058343,-3.502904852327552e-08,2.8839619398163376e-07,3.234252425049093e-07,0.9398573458040764,-1.0899092138711929e-09,1.7330350278527643e-07,1.7439341199914762e-07,0.8030870709966292,-5.1846701351748724e-08,2.522347643233164e-07,3.040814656750651e-07,1.0,0.0,1.0,0.0,1.0,0.0,1.0,0.0,1.0,0.0,Train252.csv,Normal
158,2.3439771854283844,8.438317867542183,1,1.029217725294952,0.005480608016114635,0.8827046443517461,-0.15030339171482288,0.9307532783629894,-2.5914796672061797,1.764060764265282,0.073826150931299,1.4680035575885801,0.06668401732786686,0.9507079269653804,-0.011278742987741175,1.2857812600627059,0.04795154997027182,0.6668504693427532,-0.08650125135581813,1.2814620568596307,0.056837803706127704,0.9116469013135845,-0.013350081832392002,0.6217344954495045,-0.07594457493970293,1.764060764265282,1.4680035575885801,1.2857812600627059,1.616032160926931,1.5059485273055226,0.073826150931299,0.06668401732786686,0.07025508412958292,0.6217344954495045,0.6668504693427532,0.6442924823961289,-0.08650125135581813,-0.07594457493970293,-0.08122291314776053,0.3733540723905468,1.1423262688157774,-4.374255073131579,0.09894769597790187,1.2501170291938106,8.06942588922398e-06,4.0282045497339076e-05,3.2212619608115096e-05,0.6433595293660272,-5.387499505559962e-06,9.736788243570799e-06,1.5124287749130761e-05,1.034886060075222,4.2674172828469946e-08,9.692709899530494e-07,9.265968171245794e-07,0.7242260075130024,-7.473410406740576e-08,2.2252512405361027e-07,2.9725922812101603e-07,0.8132794642064225,-5.617574302162563e-08,2.882348885694488e-07,3.444106315910744e-07,1.0,0.0,1.0,0.0,1.0,0.0,1.0,0.0,1.0,0.0,Train253.csv,Normal
155,2.299471289502529,8.278096642209105,1,1.033547518577717,0.005946019754265897,0.9370040997879127,-0.08640986302560894,0.7922012118649887,-4.5752061028960185,1.6987419743163275,0.06711690973850556,1.3298750164443993,0.05634184794169869,0.883140107484606,-0.024587436416239727,1.170406819627901,0.03413748181777598,0.7772791634356063,-0.0517577455803456,1.2306863668678334,0.03945586307962137,0.8229672139875829,-0.024544500843972902,0.6437244839742036,-0.0574890849487351,1.6987419743163275,1.3298750164443993,1.2306863668678334,1.5143084953803634,1.4197677858761868,0.06711690973850556,0.05634184794169869,0.06172937884010213,0.6437244839742036,0.7772791634356063,0.710501823704905,-0.0574890849487351,-0.0517577455803456,-0.05462341526454035,0.32827008501824734,1.0550174903421239,3.0935918846591335,0.18043980961872474,1.5191569223119745,1.4769725053867118e-05,4.318990563999368e-05,2.842018058612656e-05,0.7832614293988888,-2.1996355176800447e-06,7.985298921315998e-06,1.0184934438996042e-05,0.8671699992792347,-1.270195646393584e-07,8.945212310834414e-07,1.0215407957227998e-06,0.8558396426932997,-3.1486301258639024e-08,2.4629254469952664e-07,2.7777884595816566e-07,0.8455884423000931,-4.6568253898189755e-08,3.097790243808629e-07,3.5634727827905263e-07,1.0,0.0,1.0,0.0,1.0,0.0,1.0,0.0,1.0,0.0,Train254.csv,Normal
1254,18.603464497007558,66.9724721892272,0,0.9558147420105629,-0.036652672991226765,0.9262110845187389,-0.1132525446206687,0.8122346581395136,-3.834069057619285,0.5740646217867633,-0.3759053438997546,0.602918159767275,-0.3394677722815931,1.1603911140657974,0.10006298304985961,1.1233028367432034,0.1003287105015761,1.052381712722701,0.052757458253557266,0.9724599225355324,-0.028139560784593454,1.2312086714979975,0.17020050218945837,0.7913075449119527,-0.12231940469401686,1.2312086714979975,1.1603911140657974,1.1233028367432034,1.1957998927818974,1.171634207435666,0.17020050218945837,0.1003287105015761,0.13526460634551724,0.5740646217867633,0.602918159767275,0.5884913907770192,-0.3759053438997546,-0.3394677722815931,-0.35768655809067385,0.23724522578016205,0.6571440497112342,-10.966563495072847,-0.1589617695188128,0.9048359437722793,-2.2290087128201225e-05,0.0002120330005119337,0.00023432308764013494,1.07757833871827,1.2957069286882294e-05,0.00017983733145014285,0.00016688026216326056,0.9007553861250887,-3.6787790428479056e-05,0.00033398092482612654,0.0003707687152546056,0.9318057886821038,-1.7319098537462669e-06,2.380145841876192e-05,2.5533368272508186e-05,0.9247081506681036,-3.7305615489737535e-07,4.70456167221713e-06,5.077617827114505e-06,0.9134233868217957,-3.2871538202971086e-05,1.0521366505726477,7.72777049457327e-06,0.9692161432899111,-1.7950169414981504e-06,0.9951016028687273,-1.2961059582237175e-06,1.1124510580241675,4.1772460548357025e-05,Train255.csv,Normal
1060,15.72541656046891,56.611499617688075,0,0.8858111158929752,-0.0430833341013514,0.9042729623315531,-0.12922952994742776,0.7923337406541155,-4.079007024211375,0.5063104975765663,-0.319243839137238,0.8956241377272316,-0.025786092670586375,0.8907763160964808,-0.03975318456914423,1.0917168978110274,0.03678891754327146,1.0419989990589753,0.011559772527853396,0.9889293823254646,-0.0029234545568002646,0.9819316909061625,-0.005383592694831518,1.2446878480394634,0.08890492544611783,1.2446878480394634,1.0917168978110274,1.0419989990589753,1.1682023729252453,1.1261345816364887,0.08890492544611783,0.03678891754327146,0.06284692149469465,0.5063104975765663,0.8907763160964808,0.6985434068365235,-0.319243839137238,-0.03975318456914423,-0.1794985118531911,0.20032094887571192,0.7383773504628971,32.51855155476079,0.5642092553126128,2.3054598231820322,3.984234678347174e-05,7.034446678604768e-05,3.0502120002575944e-05,1.040608122603149,9.716004419163088e-07,2.464160287181784e-05,2.367000242990153e-05,1.1851805948954437,1.3098516006610733e-05,8.376825442089088e-05,7.066973841428014e-05,0.7807879597243363,-1.167623555858648e-06,4.194451601955503e-06,5.3620751578141506e-06,0.7558430178672675,-2.82922108301602e-07,9.068064669080918e-07,1.1897285752096938e-06,1.1738905897090726,1.3264809619508344e-05,1.0584334262528134,9.582148973914941e-07,1.2833868205885064,3.964157932117292e-06,2.22021931619385,4.556346022440939e-05,0.5766918797315835,-5.711747395462373e-05,Train256.csv,Normal
0,0.0,0.0,1,0.882365858841477,-0.003590721937332949,0.9102986207566255,-0.11495358100851205,0.9609769753021329,-0.766252787545433,0.9018163585796269,-0.0023719178632127073,0.7950591414734955,-0.0044804161632249,1.112422469437117,0.003064100009297712,0.6529412550666248,-0.009784950174919881,0.9125807184543016,-0.003024396979614548,0.9244726205871676,-0.002743881599178835,0.8307405321719041,-0.006569459341586335,0.8523711925290853,-0.004256897409113274,1.112422469437117,0.9244726205871676,0.9125807184543016,1.0184475450121422,0.9831586028261953,0.003064100009297712,-0.0023719178632127073,0.00034609107304250236,0.6529412550666248,0.7950591414734955,0.7240001982700601,-0.009784950174919881,-0.006569459341586335,-0.008177204758253108,0.12200475708857314,0.45948121437049216,181.4571770893034,0.6301646688446345,0.8401555697615436,-1.0001018861709114e-08,1.0512701238637096e-07,1.1512803124808007e-07,0.4644573157771278,-5.423327696512941e-07,4.790187657595312e-07,1.0213515354108253e-06,0.7801621338796444,-6.899988162944076e-08,2.80355324202981e-07,3.4935520583242176e-07,1.023255125642814,1.5525848639022733e-08,2.4314437299777e-07,2.2761852435874727e-07,0.8043465573197596,-5.6291618130436486e-08,2.725300106756457e-07,3.2882162880608217e-07,1.0,0.0,1.0,0.0,1.0,0.0,1.0,0.0,1.0,0.0,Train257.csv,Normal
951,14.108369008496162,50.790128430586186,0,0.9434103407286217,-0.029590784845574647,0.9745893118381547,-0.03740822056021842,0.9511375356817716,-0.7953446010883951,0.5720778472304933,-0.2297367531428296,0.5565862791819735,-0.20539998654211844,1.1251493041536622,0.057208314177303266,0.9000338951001468,-0.06381041373465424,1.0843100290890477,0.0557812329687013,0.8107939499477337,-0.1314358585076627,2.037720291974506,0.2150331485472757,1.3141995936845527,0.10178478720033368,2.037720291974506,1.3141995936845527,1.1251493041536622,1.6759599428295293,1.4923563966042401,0.2150331485472757,0.10178478720033368,0.1584089678738047,0.5565862791819735,0.5720778472304933,0.5643320632062334,-0.2297367531428296,-0.20539998654211844,-0.21756836984247402,0.4477434187986947,1.4811340127925328,15.939048642402327,-0.035763755373454664,1.1797872257727058,2.2884502292013544e-05,0.00015010546763841919,0.00012722096534640564,0.8507394367827166,-2.0283459784307248e-05,0.00011566649739986472,0.00013594995718417197,1.1326761948502309,8.06763892567388e-06,6.87892489539054e-05,6.0721610028231526e-05,1.0025396533631985,2.7036472307017332e-08,6.725224508473229e-06,6.6981880361662115e-06,3.149621993767106,7.091386405132126e-06,1.0375633684730502e-05,3.284247279598376e-06,0.9256815826687612,-1.0213149294179902e-05,0.9154159337890087,-6.964186836247086e-06,1.0153623045350695,6.880339671847481e-07,1.1503497771522158,3.25661398672109e-05,1.1333299627333628,2.9569369048566135e-05,Train258.csv,Normal
301,4.465424891227492,16.07552960841897,0,0.9787883829136773,-0.004813617142657267,0.8933469905182732,-0.1358538284109625,1.234445439774898,7.888774603630715,1.0013021026708737,0.00028082454066249984,1.781460397116853,0.08544838446164009,0.8687734412785068,-0.031214303470359195,1.460194446379649,0.08192808054469339,0.7585703360985773,-0.08601395104513743,0.8298145719335088,-0.04682640422062828,1.2753007145038144,0.05324046577286845,0.7409646671914466,-0.04113270878901333,1.781460397116853,1.460194446379649,1.2753007145038144,1.620827421748251,1.5056518526667722,0.08544838446164009,0.08192808054469339,0.08368823250316673,0.7409646671914466,0.7585703360985773,0.7497675016450119,-0.08601395104513743,-0.04682640422062828,-0.06642017763288285,0.35455471654330606,1.0404957299254063,-14.29700777331665,-0.2451269131130518,1.0255475364094777,6.285924952111626e-07,2.4831983770844047e-05,2.4203391275632884e-05,1.0198245327173396,2.392347357981046e-07,1.1792419556674249e-05,1.1553184820876144e-05,0.8226136723232171,-1.1410643206714347e-06,5.337960711566667e-06,6.479025032238101e-06,0.9040594415905608,-6.698463603289952e-08,7.254355010727996e-07,7.924201371056991e-07,0.8812329310117339,-4.479494507326963e-08,4.065698552880433e-07,4.5136480036131295e-07,1.166490857792085,2.1187119854130796e-06,0.6651771511384474,-1.9077949359415063e-05,1.551851495623953,3.195020966299164e-05,0.8745881815631581,-1.330803557565952e-06,0.7901652866680677,-1.0397311889705638e-06,Train259.csv,Normal
598,8.871508587887178,31.93743091639384,0,0.8192640978088899,-0.047115391779871146,0.9266939426476595,-0.10741461790060325,1.2271131983096153,3.8813978682213772,0.6036142044772793,-0.22465259630493983,0.8662274736763691,-0.027655409545145976,1.4121812444001896,0.08882881262280329,0.9066301549832939,-0.02082992703132322,1.0771348040186772,0.013395500891547618,0.8516114918260045,-0.025910831243300098,1.022272755101722,0.0027838832914441752,1.1059004575113018,0.009002458282370632,1.4121812444001896,1.1059004575113018,1.0771348040186772,1.2590408509557456,1.1984055019767228,0.08882881262280329,0.013395500891547618,0.05111215675717545,0.6036142044772793,0.8516114918260045,0.727612848151642,-0.22465259630493983,-0.027655409545145976,-0.12615400292504292,0.22088657312080076,0.8085670399229102,3.599498365309671,-0.1426087596681196,0.5821277330744742,-1.2001267871694375e-05,1.673260632715274e-05,2.8733874198847115e-05,0.6437324771503655,-9.003411442479589e-06,1.628614819850338e-05,2.5289559640982968e-05,0.7231187614483824,-1.791395699520503e-05,4.6811223651076096e-05,6.472518064628112e-05,0.8266660851398538,-2.0004768129625808e-07,1.001761799068472e-06,1.20180948036473e-06,0.8205835866195657,-9.189773153458007e-08,4.660421219866038e-07,5.579398535211838e-07,0.6386685618884208,-9.213513867779821e-06,0.42089440502885384,-1.1493392341923164e-05,0.6574159686121874,-2.0202652515714483e-05,0.9427122128725596,-3.4048645923739147e-06,1.294236619223958,1.1915194364595545e-06,Train260.csv,Normal
854,12.669345040226839,45.60964214481662,0,0.7884267953875376,-0.07581842133110978,0.9480326736321626,-0.061694523979853866,1.0807472924180146,1.815213752517515,0.45657257469627105,-0.3299842063821469,0.8270214278861141,-0.09791650964304405,0.9026551614864763,-0.026911532526382287,1.066909448230583,0.022048845732744238,1.0175959918638995,0.004362837852397883,0.9953288950889358,-0.0008262198287054268,0.9919478706736549,-0.0016663145065843321,1.064152885280315,0.008508564162820975,1.066909448230583,1.064152885280315,1.0175959918638995,1.065531166755449,1.0495527751249325,0.022048845732744238,0.008508564162820975,0.015278704947782606,0.45657257469627105,0.8270214278861141,0.6417970012911925,-0.3299842063821469,-0.09791650964304405,-0.2139503580125955,0.18916607765119303,0.610336873534312,65.90218511403384,0.775011856584702,0.9105273217789538,-1.72538722847184e-06,1.7660335163837592e-05,1.9385722392309432e-05,0.7774025418733187,-1.3137179420985007e-05,4.5915397176376155e-05,5.905257659736116e-05,0.7399007730826521,-1.5430621746409253e-05,4.392372904159152e-05,5.9354350788000774e-05,1.0920823351164648,2.643259029954783e-07,3.016266102207518e-06,2.7519401992120395e-06,0.8534818157453028,-9.997124319550026e-08,6.405925435105499e-07,7.405637867060501e-07,0.8084841139601328,-1.2918094029452546e-05,0.7178319910343792,-3.0915169372502566e-06,0.8963096557933711,-1.4797301115497016e-06,0.4425916248893461,-8.311323151250229e-05,0.38092017141876666,-0.00013509723637658918,Train261.csv,Normal
951,14.108369008496162,50.790128430586186,0,0.8981747785873618,-0.05323391283033718,0.8749041223059746,-0.1716687921017983,1.011391552403822,0.20181231450277792,0.5420741267602306,-0.2700725468778406,0.4928914233668371,-0.27200223320028416,1.2664830293302534,0.11102813567008629,0.9184227132686014,-0.062035371943387374,1.7761941415314644,0.15662883784698145,0.43325145582514507,-0.28767934929208316,1.3544047326826518,0.15864473589325484,0.9675395006538338,-0.017790377794748125,1.7761941415314644,1.3544047326826518,1.2664830293302534,1.565299437107058,1.4656939678481233,0.15864473589325484,0.15662883784698145,0.15763678687011815,0.43325145582514507,0.4928914233668371,0.46307143959599106,-0.28767934929208316,-0.27200223320028416,-0.27984079124618366,0.4454109128316523,1.3429426857063194,37.852295751214314,0.2605978049556059,1.0396282397174175,4.509567966142115e-06,0.00011804405034102934,0.00011353448237488723,1.0030505190077923,3.1535545242751463e-07,0.00010040486365005538,0.00010008950819762787,1.1312083927264245,9.496487418004441e-06,8.178740674855524e-05,7.22909193305508e-05,0.8501750055106151,-1.1679682507511873e-06,6.684326386841115e-06,7.852294637592302e-06,3.4283610239117532,5.5328955989198815e-06,7.797226122485633e-06,2.2643305235657515e-06,1.0107836603708928,1.3480638102263641e-06,1.0500362575469857,3.0142468720195737e-06,0.7765252394687039,-1.091652398301613e-05,1.190790717529299,2.9081469677492294e-05,0.772906107728387,-7.290312673577398e-05,Train262.csv,Normal
1310,19.43424122095686,69.9632683954447,0,1.0109994007415093,0.008184754706868524,0.9618668433585015,-0.04685885747745222,0.9174814930718919,-1.7955113330201584,0.6217429109731772,-0.2762343185319195,0.6034680028919562,-0.30913884546943005,1.3519990656136758,0.25933556252849055,0.6765381901191266,-0.25644939539099343,1.5388148192706335,0.3233842628686874,0.6627101129623054,-0.38252971637792166,2.104183280983447,0.4308575627971412,1.51230012113267,0.28906830201103473,2.104183280983447,1.5388148192706335,1.51230012113267,1.8214990501270403,1.7184327404622504,0.4308575627971412,0.3233842628686874,0.37712091283291427,0.6034680028919562,0.6217429109731772,0.6126054569325667,-0.38252971637792166,-0.30913884546943005,-0.34583428092367585,0.5328018151461469,1.5007152780914907,-4.151507605938377,-0.04750735782416626,1.2375900017265122,3.884701307129562e-05,0.00020229933383006463,0.000163452320758769,1.1231003805308317,4.459945655321194e-05,0.0004068097548247033,0.00036221029827149134,1.082779435015278,3.7791068622845705e-05,0.0004941875253215749,0.00045639645669872915,1.1191608799068107,3.829913077711564e-06,3.5876684399800775e-05,3.204677132208921e-05,0.9924916084373817,-3.575886524483732e-08,6.048604336676444e-06,6.084363201921282e-06,1.1294578840456766,6.114664957176529e-05,1.0703812317475132,2.3030476565226736e-05,1.119090057055988,1.5245464416181612e-05,1.1178232272355408,9.814165796126609e-06,1.2496075835251208,0.00010865939408010984,Train263.csv,Normal
254,3.7681658550557575,13.565397078200727,0,0.7972031149138372,-0.02431779320259786,0.9372552251417476,-0.07451254424188125,0.8438851565250043,-5.628668966179301,0.738812607643541,-0.07835132842485643,0.858923893770409,-0.007664226025720533,1.092260461054881,0.003655693360217406,0.975496306975805,-0.001876045238256907,0.9995432282976707,-4.082793287529807e-05,0.9742561929327435,-0.0013849753723303992,1.0077939582877173,0.00042205246067356095,0.8775562908543542,-0.003547562205566363,1.092260461054881,1.0077939582877173,0.9995432282976707,1.050027209671299,1.0331992158800896,0.003655693360217406,0.00042205246067356095,0.0020388729104454835,0.738812607643541,0.858923893770409,0.798868250706975,-0.07835132842485643,-0.007664226025720533,-0.04300777722528848,0.10289822849870746,0.35344785341134,158.19631671793763,0.6329985236684248,0.6823790596372096,-4.18291723944111e-07,9.201449485715961e-07,1.3384366725157071e-06,0.6994443100457729,-4.973033027939634e-07,1.180581238241419e-06,1.6778845410353825e-06,1.2002427137910099,2.98183084549134e-06,1.781297432196756e-05,1.483114347647622e-05,0.8684578354337368,-3.171130772117072e-08,2.7538327452708635e-07,3.070945822482571e-07,0.8999296145318836,-2.0641538764193362e-08,2.755583286676765e-07,2.9619986743186987e-07,0.7722482792891641,-3.4527168526918537e-07,0.47347914249542405,-1.2527860398771476e-05,0.41241913823559967,-4.401076847345869e-06,1.205694146833885,1.1257222154343211e-07,0.0,0.0,Train264.csv,Normal
929,13.781992438373225,49.61517277814361,0,1.4837588269375657,0.17702342194248655,0.943639084715484,-0.07515746009589908,1.079068841593986,2.9290444720691298,0.8608473474377115,-0.028988406169087627,0.8652108604411636,-0.03146588842664172,0.9557754684590893,-0.014018959034238276,1.0510917934337534,0.017329733762292576,0.9059439053796201,-0.018708048460427562,1.0812855252890392,0.021065581683923695,1.324387717352144,0.18397844519823425,2.055101514969133,0.6055934154130078,2.055101514969133,1.324387717352144,1.0812855252890392,1.6897446161606386,1.4869249192034388,0.6055934154130078,0.18397844519823425,0.39478593030562104,0.8608473474377115,0.8652108604411636,0.8630291039394375,-0.03146588842664172,-0.028988406169087627,-0.030227147297864673,0.37497768011586846,1.1942541675314216,-76.82048784957067,-0.8170315491251916,1.3979871146673881,3.0809334382581936e-05,0.00010818710209541865,7.737776771283672e-05,1.1067781584765124,6.566082815755695e-06,6.79551826812756e-05,6.138909986551991e-05,1.1730578271913046,1.1219125633779505e-05,7.598010892706061e-05,6.47609832932811e-05,1.1471081949491193,6.640926411673229e-07,5.1004298516371825e-06,4.43633721046986e-06,1.1943434968627473,2.353906125270736e-07,1.38514443071762e-06,1.1497538181905464e-06,1.0551940179977592,5.109542628826226e-06,1.3102865026316741,7.965314083433241e-06,1.902421247913517,1.4176043427076999e-05,2.7749835295340435,0.00030962322478294397,2.734735612927828,0.00014526165324365312,Train265.csv,Side II
340,5.044001538263612,18.158405537749005,0,0.9571044664002001,-0.004404235350761454,0.9447103287159323,-0.07604367406565715,1.0071654252137328,0.45402749914093476,0.6743740784272968,-0.049937979760205295,1.1421224580492466,0.010119401894572375,1.1173618825004048,0.010708723890434133,1.072812794311584,0.008100093082051105,1.0631566823725362,0.008160493805348806,1.1159970941807278,0.009825071949824696,0.7998560540636196,-0.020253779344356376,1.0083300822595875,0.00025469973168883164,1.1421224580492466,1.1173618825004048,1.1159970941807278,1.1297421702748256,1.1251604782434597,0.010708723890434133,0.010119401894572375,0.010414062892503254,0.6743740784272968,0.7998560540636196,0.7371150662454582,-0.049937979760205295,-0.020253779344356376,-0.035095879552280836,0.1592455442027421,0.4677483796219498,61.91081510912761,-0.30593627582112237,0.720248075052366,-7.203424633620684e-07,1.8803364926407508e-06,2.600678956002819e-06,1.0608342406659017,1.2955814494895112e-07,2.0848682012634204e-06,1.9553100563144692e-06,1.2099608183614374,7.755107020626501e-06,4.463345162258776e-05,3.687834460196126e-05,1.2037878049808004,8.54068068209343e-08,4.45432907391764e-07,3.600261005708297e-07,0.8034260371618103,-7.204725744218986e-08,3.353389327610735e-07,4.0738619020326334e-07,0.6114538231302661,-7.044482790520384e-07,0.6967869534080983,-1.9853202266485627e-06,0.7670491355767043,-1.4194505914977332e-06,0.5189607428859047,-4.514922347749184e-07,1.1655591829181324,2.048058796821678e-08,Train266.csv,Normal
1196,17.743017175774355,63.87486183278768,0,0.7854822379001468,-0.19353876200259978,0.7057066080329975,-0.5255029871224102,1.6897397418247577,11.406698453381377,0.3752591810518109,-0.7778401131042871,0.4430527561384714,-0.7399992576976673,1.5487476216662142,0.3762037125221559,0.5627633407678294,-0.4919897595057571,0.9414221579514465,-0.03660972997679213,1.3824730756856543,0.1966227818509524,1.4804829892734195,0.29687622359242294,0.7472263238174783,-0.1644894908014743,1.5487476216662142,1.4804829892734195,1.3824730756856543,1.5146153054698168,1.4705678955417625,0.3762037125221559,0.29687622359242294,0.3365399680572894,0.3752591810518109,0.4430527561384714,0.40915596859514114,-0.7778401131042871,-0.7399992576976673,-0.7589196854009772,0.44772367826689646,1.1734884406144033,105.3002244231505,1.1485616502670641,1.1952334914934222,3.7558199958425504e-05,0.00022987278356958625,0.00019231458361116074,1.0316129638796432,8.79453056600927e-06,0.00028666200511897125,0.000277867474552962,1.489597221744975,0.00016582448243857684,0.0005044897752590648,0.000338665292820488,0.8995020764247929,-2.3953959488363333e-06,2.1529386614469748e-05,2.392478256330608e-05,0.34241467822259114,-5.438133005377088e-06,2.8369257162062208e-06,8.275058721583309e-06,1.4445142009000747,0.00016341836562360363,1.0408063224226185,9.72379321906411e-06,1.1996418461624296,2.198983506918025e-05,1.3082487012565984,3.9693916714063696e-05,0.41605677212199366,-0.0006339001330718813,Train267.csv,Side II
842,12.491321456523417,44.968757243484305,0,1.2180360481721466,0.05375790327333352,0.9349173310195892,-0.0895391410531099,0.9304233731419804,-1.403714868082762,1.2808788516909877,0.04951988350063816,1.0463971102540024,0.010183434161073035,0.8555030838707811,-0.05296059133490455,0.9858093102023457,-0.0044898374890364745,1.012256104551497,0.002329327258365238,0.9925908217701643,-0.0014712622845124979,1.1377299890345736,0.024951189198493512,2.1745765522406133,0.29772234038285655,2.1745765522406133,1.2808788516909877,1.1377299890345736,1.7277277019658004,1.5310617976553915,0.29772234038285655,0.04951988350063816,0.17362111194174734,0.8555030838707811,0.9858093102023457,0.9206561970365634,-0.05296059133490455,-0.0044898374890364745,-0.028725214411970512,0.39131229452699384,1.3190734683698322,-2.1833131350915664,0.07452508665581181,1.5122033596604,6.183147594614886e-06,1.8225289538212822e-05,1.2042141943597935e-05,1.6698685910456361,2.4738020243652443e-05,6.16427533333963e-05,3.690473308974386e-05,1.48551321692018,1.3652646745990402e-05,4.174208105703059e-05,2.8089434311040187e-05,1.2179061132822686,4.834740764494205e-07,2.6463092912012774e-06,2.162835214751857e-06,0.9550749025577422,-2.211573303151637e-08,6.827571300222531e-07,7.048728630537695e-07,1.749033174516731,2.9879761236548423e-05,1.409544787939762,2.3155711373180923e-06,1.463778915867411,4.123960260853221e-06,2.6561425388139503,8.295811857343841e-05,0.5622101945103352,-2.5481312387365103e-05,Train268.csv,Normal
906,13.44078056960833,48.38681005058999,0,1.0333619961514475,0.013761718707241577,0.8890443722338588,-0.1646525199292148,0.761254640033505,-5.510498898391614,0.4598564037169328,-0.2638402442838706,0.5940367428529716,-0.2553013980533511,1.0297684860891425,0.01569362230866933,1.2764710643217498,0.11321553624937242,1.8589698923508933,0.35718631647644544,1.004263385769919,0.0009092034277813632,0.9015089792773321,-0.021925931292308215,0.9363731214627719,-0.007412048787319797,1.8589698923508933,1.2764710643217498,1.0297684860891425,1.5677204783363217,1.3884031475872618,0.35718631647644544,0.11321553624937242,0.23520092636290893,0.4598564037169328,0.5940367428529716,0.5269465732849522,-0.2638402442838706,-0.2553013980533511,-0.25957082116861085,0.40078221647484147,1.3991134886339605,5.409477805828516,0.08555292182613794,1.139694988887455,8.531542484030763e-06,6.95226030939867e-05,6.099106060995594e-05,1.043982207634532,2.879626320046239e-06,6.81147896345225e-05,6.523516331447626e-05,1.0663800842271125,4.531923351288822e-06,7.264361081130383e-05,6.8111687460015e-05,1.2284628412351912,8.509099047989995e-07,4.521639340940977e-06,3.670729436141978e-06,0.8648061428271079,-1.5051814986574069e-07,1.0268002181608674e-06,1.1773183680266081e-06,1.0581411152437403,4.739994770796928e-06,1.126668974164621,2.645821018695557e-06,1.0368162227984175,1.2459986940801718e-06,0.8625766472979606,-2.1284897690384343e-05,1.0713163764858522,1.687182062353441e-05,Train269.csv,Normal
475,7.046766854927105,25.368360677737577,0,1.090583473667247,0.016761026351376163,0.9318311482606193,-0.08904946884189036,1.0795233204357269,2.4503653194113646,2.1532503554968243,0.16167516442656824,0.7455407740386747,-0.04569374577795368,1.116404706382533,0.023799668998781415,1.169117958789137,0.027431431362590963,0.9459842552949232,-0.011746359416476976,0.9627960053032217,-0.008743610268150237,0.8592982814334005,-0.019976502077198866,0.805684068830552,-0.034327304082565735,2.1532503554968243,1.169117958789137,1.116404706382533,1.6611841571429806,1.479591006889498,0.16167516442656824,0.027431431362590963,0.0945532978945796,0.7455407740386747,0.805684068830552,0.7756124214346134,-0.04569374577795368,-0.034327304082565735,-0.04001052493025971,0.42233122854129257,1.4077095814581497,-22.056655996604775,-0.25508119491609005,1.3125906657672284,1.0178982256004742e-06,4.2322370686259685e-06,3.2143388430254943e-06,1.2981197476652953,4.389380327769202e-06,1.9069384468944094e-05,1.4680004141174893e-05,1.1666642511650698,4.149049757249841e-06,2.897370822969207e-05,2.482465847244223e-05,0.8003190322008622,-2.1128941226401257e-07,8.869254301570784e-07,1.098214842421091e-06,0.9266053372847196,-2.3788417047833226e-08,4.2657771582627653e-07,4.5036613287410976e-07,0.7866466686491577,-1.270452709287762e-06,1.8606170318371213,1.4563144657023366e-06,1.5934040721260196,1.608644420205966e-05,1.2908838954196187,8.483970193730225e-06,0.9781090712787233,-7.82672880557537e-09,Train270.csv,Normal
270,4.005530633326986,14.419910279977149,0,0.9542729206583522,-0.009594153843541342,0.9319102026927538,-0.08629674304432555,0.7748139906573562,-6.74980011581718,0.5482965771182003,-0.10205652805324542,1.0533480521046075,0.0037739422138943074,0.6225172943958781,-0.10771174232787645,1.5560925796158867,0.13490960239296657,0.538030187346231,-0.08511659421500467,0.7870787846253575,-0.04402711123335612,1.4869557519182952,0.08043912676445988,0.748972493910364,-0.05716334995306108,1.5560925796158867,1.4869557519182952,1.0533480521046075,1.521524165767091,1.3654654612129298,0.13490960239296657,0.08043912676445988,0.10767436457871322,0.538030187346231,0.5482965771182003,0.5431633822322157,-0.10771174232787645,-0.10205652805324542,-0.10488413519056093,0.38132488401349746,1.0180623922696557,16.668354029872518,0.23277622692112487,1.3173367477473668,5.051673944655928e-06,2.0929130977112893e-05,1.5877457032456965e-05,1.4187120969158804,6.38987633565498e-06,2.1616781079146787e-05,1.5226904743491807e-05,1.0933588802477154,4.1183751985057213e-07,4.70606137926651e-06,4.294223859415938e-06,0.9180802566186632,-5.3662305025959405e-08,7.134678762736944e-07,7.671301812996538e-07,0.8365337987264572,-6.727399671632706e-08,3.954475574293981e-07,4.6272155414572517e-07,1.408019603805924,5.077355256319361e-06,0.9391200639491465,-3.368997774548231e-06,0.897904704465162,-4.837900256110884e-06,0.6053053515577707,-3.1350664860097854e-06,0.8100168487574424,-4.661931280052147e-07,Train271.csv,Normal
737,10.933615099118477,39.361014356826516,0,0.97871668030075,-0.0042160010813332705,0.8920238874494414,-0.1448069227509714,1.0051558429140928,0.09493399219101661,1.1165399251960282,0.016773942565627337,1.0652649377060788,0.011023159595928256,0.9539300466737669,-0.010313969251828786,0.9516844171904328,-0.0130834453826158,1.1455271146056574,0.02692044325518536,1.098924591285213,0.015551508855903173,0.8757004631644922,-0.02237187178365113,0.7867485213149908,-0.047635493930784784,1.1455271146056574,1.1165399251960282,1.098924591285213,1.1310335199008428,1.1203305436956328,0.02692044325518536,0.016773942565627337,0.02184719291040635,0.7867485213149908,0.8757004631644922,0.8312244922397416,-0.047635493930784784,-0.02237187178365113,-0.03500368285721796,0.11947000329045827,0.3587785932906665,17.961162164436075,0.26146469334039324,1.4980143772775156,3.1849353659216058e-06,9.550123534741061e-06,6.365188168819455e-06,0.723535185453889,-7.1839094337795166e-06,1.8827157462527678e-05,2.6011066896307194e-05,1.0200883881032232,7.262104200079418e-07,3.636916656202015e-05,3.5642956142012206e-05,0.9151040632056309,-1.1243321301140219e-07,1.3197231213718788e-06,1.432156334383281e-06,0.8319372017379257,-7.29001643526269e-08,4.10368811351049e-07,4.832689757036759e-07,0.7418327666827023,-6.697872519966078e-06,1.016947659365099,6.227357338598781e-08,1.6134511355037233,4.716315119276627e-06,0.7109381485154326,-1.5162138245329736e-05,1.1665106373501175,1.6689321339565304e-06,Train272.csv,Normal
