transitions,speed_ms,speed_kmh,is_low_speed,is_zero_speed,s1_v_rms,s2_v_rms,v_rms_ratio,v_rms_diff,s1_s_rms,s2_s_rms,s_rms_ratio,s_rms_diff,v_ptp_ratio,s1_s_kurt,s2_s_kurt,s_kurt_diff,car1_v_diff,car1_v_ratio,car2_v_diff,car2_v_ratio,car3_v_diff,car3_v_ratio,car4_v_diff,car4_v_ratio,car5_v_diff,car5_v_ratio,car6_v_diff,car6_v_ratio,car7_v_diff,car7_v_ratio,car8_v_diff,car8_v_ratio,max_car_v_diff,min_car_v_diff,max_car_v_ratio,min_car_v_ratio,car_v_diff_range,band_0_100_s1,band_0_100_s2,band_0_100_ratio,band_0_100_diff,band_100_250_s1,band_100_250_s2,band_100_250_ratio,band_100_250_diff,band_250_500_s1,band_250_500_s2,band_250_500_ratio,band_250_500_diff,band_500_1000_s1,band_500_1000_s2,band_500_1000_ratio,band_500_1000_diff,band_1000_2000_s1,band_1000_2000_s2,band_1000_2000_ratio,band_1000_2000_diff,band_2000_4000_s1,band_2000_4000_s2,band_2000_4000_ratio,band_2000_4000_diff,dominant_wavelength_s1,filename,label,s_kurt_ratio,top1_car_ratio,top2_car_ratio,top3_car_ratio,mean_top2_car_ratio,mean_top3_car_ratio,top1_car_diff,top2_car_diff,mean_top2_car_diff,min1_car_ratio,min2_car_ratio,mean_min2_car_ratio,min1_car_diff,min2_car_diff,mean_min2_car_diff,car_ratio_std,car_ratio_range,spectral_centroid_diff,spectral_entropy_diff,wave_2_4cm_ratio,wave_2_4cm_diff,wave_4_7cm_ratio,wave_4_7cm_diff,wave_7_12cm_ratio,wave_7_12cm_diff,wave_12_20cm_ratio,wave_12_20cm_diff,wave_20_30cm_ratio,wave_20_30cm_diff,v_rms_diff_speed_norm,s1_v_rms_speed_norm,tail_cars_v_ratio,lead_cars_v_ratio,tail_vs_lead_diff,wave_4_20cm_ratio,asymmetry_x_corrugation
118,1.7505652397503124,6.302034863101125,1,0,0.1969281759143916,0.1789956690822753,1.100183964909419,0.0179325068321162,1.3448160355748118,1.401616704140104,0.9594748849722876,-0.0568006685652922,1.0655307903236402,40.72148928293026,47.11164399029241,-6.390154707362143,0.0792271072711843,1.7327814047757832,0.0653672183215383,1.3395680415107276,-0.0216089647130903,0.8916391114324212,0.054186632264154,1.2798026370386926,-0.0606014322552412,0.728331858584517,0.0420719163251357,1.267965496236549,-0.0203834772602121,0.8916661161359715,0.0032740608677424,1.0228755698972969,0.0792271072711843,-0.0606014322552412,1.7327814047757832,0.728331858584517,0.1398285395264255,7.56858046395989e-05,6.64879389107166e-05,1.1381676767639126,9.1978657288823e-06,3.627704423269432e-05,3.266245433930762e-05,1.1103250418824546,3.614589893386704e-06,9.80727937080356e-06,7.305415964675614e-06,1.3406318134417174,2.5018634061279453e-06,7.07223221290651e-07,7.434659482924396e-07,0.9386266531266776,-3.6242727001788574e-08,2.501386796943332e-07,2.417344171010068e-07,0.9936610280586572,8.404262593326407e-09,2.563379301020939e-07,2.95321500351633e-07,0.8395672424211015,-3.898357024953911e-08,0.0,Train1.csv,Normal,0.8643614577041189,1.9846001070117625,1.3632717219036818,1.2745174126298011,1.6739359144577222,1.5407964138484154,0.0855264066778096,0.066853835270031,0.0761901209739203,0.7208645505918814,0.7997681577557969,0.7603163541738391,-0.0595219010179005,-0.0395338017082341,-0.0495278513630673,0.393844485734508,1.2637355564198811,-0.9060750553675092,0.0017067079846118,1.0,0.0,1.0,0.0,1.0,0.0,1.0,0.0,1.0,0.0,0.4483126708029049,4.923204397859789,1.0608357274232725,1.321329519239644,-0.26049379181637144,1.0,0.0179325068321162
900,13.351768777756622,48.06636759992384,0,0,0.9168447964102008,0.9702241131129036,0.9449824783458912,-0.0533793167027029,1.605922888389668,1.7732901342592344,0.905617669837396,-0.1673672458695665,0.910889551775675,27.51446167743109,20.096907683760605,7.417553993670481,0.1786697555196012,1.5681477579510692,0.1647472664197603,1.3619183994239648,0.4608981126079099,1.727960785679214,-0.4508816521285735,0.624979150493679,0.6581051733146379,1.6380201046185838,-0.8619613558718133,0.5752050162961809,-0.0420337062471724,0.8475882945794044,-0.0943343408553203,0.7286608232993556,0.6581051733146379,-0.8619613558718133,1.727960785679214,0.5752050162961809,1.5200665291864512,0.0012503079511176,0.0018279218826202,0.6840013914114937,-0.0005776139315025,0.0005277876111683,0.0005840459932604,0.9036592677047652,-5.625838209213517e-05,0.0002251367376772,0.0002863852786873,0.7861049201271431,-6.124854101003071e-05,0.0002802972379939,0.0002730327905431,1.0265689031245189,7.264447450789355e-06,2.400869395745238e-05,2.73574070013064e-05,0.8772732453719969,-3.3487130438540225e-06,6.123660290114147e-06,6.72144566763292e-06,0.909709532316184,-5.977853775187732e-07,0.1367221108841934,Train2.csv,Side II,1.3690893194465623,1.7248237089633058,1.6404774323770104,1.5778193848473443,1.682650570670158,1.6477068420625534,0.6593637750726504,0.4585961174855663,0.5589799462791083,0.5750086351705431,0.6213568744476046,0.5981827548090739,-0.8621623925816551,-0.4550153144156201,-0.6585888534986376,0.4640031521069181,1.1498150737927628,22.540125552507163,0.395536028035659,0.906187721337308,-4.300101959580613e-05,0.8381410131220326,-1.983161388872385e-05,1.0754966480467207,1.804413759975694e-05,0.804240110361305,-0.0001626624227643,0.4922581366259741,-0.0004773254470038,-0.05776042921885886,0.9920949206352229,0.7171513780583135,1.5526756476847492,-0.8355242696264357,0.905959257176686,-0.0574092761887813
1200,17.802358370342162,64.08849013323179,0,0,0.4894530802275385,0.5053707440692964,0.968502977836396,-0.0159176638417578,1.557438887881616,1.7087826639753898,0.911431811430016,-0.1513437760937737,0.9358098672615212,20.10546453175045,16.76524938848182,3.340215143268626,-0.043717349701898,0.8842477837082799,-0.1367037223767225,0.7116578832677154,0.1176193786681966,1.2991771140037582,-0.0557266666730109,0.8997866686420126,0.0343876289485621,1.102082318222827,-0.2432282369501003,0.667424222614192,0.2520258297471975,1.6134138138388787,-0.0247016922287776,0.9606890993775066,0.2520258297471975,-0.2432282369501003,1.6134138138388787,0.667424222614192,0.4952540666972979,0.0003636977437752,0.0003846275464412,0.9455596499621725,-2.0929802665951435e-05,9.914576797118898e-05,0.0001125578399677,0.8807645949287047,-1.341207199655466e-05,0.0001169886797156,0.0001392282594971,0.8402049848805693,-2.223957978155671e-05,0.0001953439319479,0.0002046248629973,0.9545975162137172,-9.28093104934322e-06,1.466783447593143e-05,1.5255932334265764e-05,0.9608213998831996,-5.880978583343341e-07,1.5235418475088925e-06,1.7843937643127225e-06,0.8490565882524843,-2.6085191680383e-07,0.0294026047437453,Train3.csv,Normal,1.1992344434536777,1.6179775294086334,1.285155718770525,1.111265293998477,1.4515666240895793,1.3381328473925451,0.2510565248326989,0.1118199539798356,0.1814382394062673,0.6658511161400663,0.7053027783417185,0.6855769472408924,-0.2440834336994841,-0.1386988299441914,-0.1913911318218377,0.2963675549607439,0.9521264132685672,1.0607295223193205,-0.0324570311693506,0.9392813498887016,-1.3148465535660114e-05,0.8191870157876995,-2.103342394104366e-05,0.9266222746648264,-3.5679358683680462e-06,0.8999263837293456,-9.47735278759485e-06,0.623594707669913,-6.633549104214787e-05,-0.009688560537219709,0.29791405604840865,1.080509045276859,0.9650275936599179,0.11548145161694123,0.8819118913939571,-0.014749661876399672
861,12.7731921307205,45.98349167059381,0,0,0.4171415855335428,0.53481945522048,0.7799670966754653,-0.1176778696869372,1.4894452566471257,1.5606311383253648,0.9543864725789788,-0.0711858816782391,0.7602050736629035,24.852020963236093,17.18447740105423,7.667543562181862,-0.0164644962700608,0.9153066183081788,-0.2063792489787957,0.6777102020627932,-0.0363601060038724,0.918596874008019,0.1322817911120465,1.2877914119465237,-0.1460685980789184,0.7312273350996971,-0.0326648849024593,0.923261734549734,0.1070657086696654,1.3464072912658036,-0.5164242679257762,0.442331315393262,0.1322817911120465,-0.5164242679257762,1.3464072912658036,0.442331315393262,0.6487060590378229,0.0004162674199944,0.0005795922057545,0.7181950238655518,-0.0001633247857601,9.051638580500746e-05,0.0001452794217189,0.6230074064173003,-5.476303591396668e-05,5.104520183738628e-05,6.212841415694821e-05,0.821475773560251,-1.1083212319561931e-05,4.846986167470112e-05,6.830095729301704e-05,0.7095473932065048,-1.9831095618315925e-05,4.120354260136339e-06,4.582850957274172e-06,0.8971234421640678,-4.62496697137833e-07,1.3728588153662048e-06,2.7364932968782675e-06,0.4998587897252945,-1.3636344815120627e-06,0.1307974860792116,Train4.csv,Normal,1.4461900917190282,1.344829815448355,1.2783248547462274,0.9214692055008462,1.311577335097291,1.181541291898476,0.1275081502926477,0.1044168157338494,0.1159624830132486,0.4346013768880836,0.6738541991426559,0.5542277880153698,-0.5229645641524439,-0.2079938830413261,-0.365479223596885,0.2824542380525499,0.910228438560271,4.842714295609653,-0.2174496592488237,0.7497758158444798,-2.638717156783038e-05,0.5577764638475315,-1.1196834959449926e-05,0.6316411167306347,-4.68370173756453e-05,0.7306129017025143,-6.576322958874801e-05,0.957530514124674,-8.506384246510183e-06,-0.13913324536156693,0.4931960675779805,0.9040001137362665,0.8372045647929971,0.06679554894326944,0.6400101607602268,-0.07433018102353912
0,0.0,0.0,1,1,0.0767547758486966,0.060022793155793,1.2787602679847303,0.0167319826929035,1.3895557862583816,1.5423674212947749,0.9009239679626068,-0.1528116350363932,0.9945533485058612,23.9813059279171,23.359858860701745,0.6214470672153567,0.0086248206658265,1.1228807229783708,0.0017116442542882,1.027063219110596,0.0427824270290732,1.961255327683588,0.0492317956433687,2.296903267385474,-0.0141078218982931,0.8147368709527649,0.0003328463260541,1.0066923145120037,0.0188337009267718,1.2630628464646343,0.0278748516145277,1.5026352593884311,0.0492317956433687,-0.0141078218982931,2.296903267385474,0.8147368709527649,0.0633396175416618,8.475169624584039e-07,1.1462796366483349e-06,0.7329688559724794,-2.987626741899308e-07,1.0802981628663689e-07,1.8845808982438605e-07,0.5443457426312607,-8.042827353774917e-08,8.601409341159646e-07,1.5084847954978303e-06,0.5664468532488467,-6.483438613818659e-07,2.539145643047017e-07,3.275479290667616e-07,0.7522326236949938,-7.363336476205985e-08,1.8876965448319305e-07,2.4298818541349334e-07,0.7461599606901044,-5.421853093030032e-08,2.862978017224668e-07,3.590630852709186e-07,0.7757421783658037,-7.276528354845187e-08,0.0,Train5.csv,Normal,1.0266032025559355,1.754739889100518,1.0040072556904025,0.9865833545589736,1.37937357239546,1.248443499783298,0.006893202848982,0.0001266819808633,0.0035099424149226,0.7416830909945389,0.8246349176038265,0.7831590042991827,-0.0092487548017216,-0.0059218112757329,-0.0075852830387273,0.2981799719585948,1.013056798105979,83.77255315773675,0.2556261318863679,1.0,0.0,1.0,0.0,1.0,0.0,1.0,0.0,1.0,0.0,0.41829956732258744,1.9188693962174146,1.2574634734550232,1.3703997565908514,-0.11293628313582826,1.0,0.0167319826929035
369,5.474225198880214,19.70721071596877,0,0,0.3204044669406872,0.3651615283094476,0.877432131609567,-0.0447570613687604,1.43398023126482,1.5340653362612693,0.934758245311798,-0.1000851049964492,0.8676691703012809,21.39103956285362,29.393465027882065,-8.002425465028445,-0.1858623073571284,0.5025553750400557,0.0485035028145066,1.2998130527988936,-0.0177227063556623,0.9492766690589588,0.0876115641658823,1.269843354406532,-0.1758505036846723,0.7140118430323055,0.0914097549513422,1.311859281803646,-0.0695228772600373,0.8007744676100518,-0.0885149750017848,0.7010990872162393,0.0914097549513422,-0.1858623073571284,1.311859281803646,0.5025553750400557,0.2772720623084707,0.0001720589355463,0.0003595235295993,0.4785615843341991,-0.000187464594053,7.665783994222921e-05,0.0001027845303366,0.7457385105141111,-2.61266903943916e-05,3.290099841547168e-05,5.165055327605255e-05,0.6368688743936288,-1.8749554860580868e-05,9.124067459193192e-06,1.089832992952671e-05,0.8364311969054155,-1.774262470333518e-06,1.7356084464898816e-06,2.204029268619268e-06,0.7839139577284165,-4.684208221293862e-07,2.255766954892641e-06,8.816297925466761e-07,2.529936722335972,1.3741371623459647e-06,0.0560560654625192,Train6.csv,Normal,0.7277481418160472,1.3289311277364295,1.3143852799434497,1.249017819400846,1.3216582038399398,1.297444742360242,0.0914283211203894,0.0803325997848528,0.0858804604526211,0.4697484438259148,0.6586101661034589,0.5641793049646868,-0.195154362328584,-0.1756010395725631,-0.1853777009505736,0.3093997168127381,0.859182683910515,39.36037188199393,0.466674768664383,0.665584571465122,-2.1448301163759508e-05,0.9065103884216624,-7.533556097519755e-06,0.4147121442287892,-0.0001629204396676,0.477579196200626,-2.0586849991343185e-05,0.3607000418619785,-3.124282906056255e-06,-0.28810530312283444,2.0624728980595606,0.9379109455433124,0.9172150322993026,0.020695913244009878,0.5996005762836926,-0.01856129688961813
1223,18.143570239107053,65.31685286078539,0,0,0.5171481235646403,0.5295984106058541,0.9764910608551838,-0.0124502870412137,1.4277792646641354,1.5211415068244536,0.9386235592627687,-0.0933622421603181,1.0007120800953555,20.773767870562736,21.584469371749787,-0.8107015011870509,-0.0189965585423128,0.9349939855700214,0.0136987832875303,1.0520458631750305,-0.1007597210037172,0.7853768026687884,0.1231499305928435,1.3508287917142616,0.381067380446441,1.7792019233883225,-0.464720543838358,0.5124093797793379,0.1917065805463128,1.4769078975782677,-0.1320419317699286,0.8001088262674587,0.381067380446441,-0.464720543838358,1.7792019233883225,0.5124093797793379,0.8457879242847991,0.0004251774117233,0.0004549667070549,0.93450369025589,-2.978929533162467e-05,6.22121469415527e-05,6.461309073397726e-05,0.96269222401712,-2.4009437924245606e-06,9.563700950367034e-05,6.617918064273637e-05,1.444903964288091,2.945782886093397e-05,0.0002623043985622,0.0002987684818028,0.8779226568777716,-3.6464083240586673e-05,1.2055068602804122e-05,1.1868027233498125e-05,1.01490494724635,1.87041369305998e-07,2.182887399098668e-06,2.2362657357422075e-06,0.971785022744605,-5.33783366435396e-08,0.0294905014200751,Train7.csv,Normal,0.9624405169824316,1.7922693885771883,1.478290284537482,1.335381390009394,1.635279836557335,1.5353136877080211,0.3839079705222181,0.1900468183231934,0.2869773944227057,0.5108073506909567,0.7670501631669392,0.6389287569289479,-0.465942311229246,-0.1361108227596664,-0.3010265669944563,0.3969005353523371,1.2814620378862316,-4.943174992972047,0.1447424412060147,0.9092116812749887,-2.746998986264261e-05,1.4166635097017302,2.2195110912569216e-05,0.9161384889223034,-1.6372453411438696e-06,0.9141815657229302,-6.963548274720229e-06,1.056480339147426,3.8469828271642205e-06,-0.007295731971968829,0.3030431416436187,0.9298087012083548,0.9241388838046133,0.005669817403741506,1.0823278547823214,-0.011406187156586456
872,12.936380415781969,46.57096949681509,0,0,0.3795060800177937,0.3828240211611798,0.9913329601244673,-0.0033179411433861,1.3261353583568336,1.483685652600483,0.8938115341982156,-0.1575502942436493,0.935004720141617,26.39903640182098,25.420071791611093,0.9789646102098856,-0.0721333300805016,0.724832215016808,0.0098532792463991,1.0375807986685797,0.1103132147866408,1.280967050986953,-0.1041488531953065,0.7860791328147095,-0.0063987584961792,0.9846728291627734,-0.1658256873460467,0.6418904115319924,0.1130976378830154,1.2825742453200493,0.0410045796053721,1.133115007097593,0.1130976378830154,-0.1658256873460467,1.2825742453200493,0.6418904115319924,0.2789233252290621,0.0003095406838844,0.0003884140127936,0.7969143865697758,-7.887332890923088e-05,0.0001152495672372,9.875992633240046e-05,1.166848771855723,1.648964090484124e-05,4.593816721365583e-05,3.107807487027656e-05,1.4776780937817895,1.4860092343379273e-05,6.521541332162515e-05,6.159831670405952e-05,1.0585488585070846,3.617096617565635e-06,4.237441717823211e-06,3.638372310013426e-06,1.1614608811148492,5.990694078097855e-07,1.039784296803058e-06,1.2992719074595872e-06,0.7941698671443866,-2.594876106565293e-07,0.1324685341011295,Train8.csv,Normal,1.03851148052807,1.278940973995662,1.2670460283275726,1.11688100193261,1.2729935011616174,1.220956001418615,0.1102771404529928,0.1045794998485131,0.1074283201507529,0.6373180955947267,0.6899721941274016,0.6636451448610642,-0.1674223013449206,-0.1121479619085936,-0.1397851316267571,0.2344017689261531,0.6416228784009353,25.50597397010736,0.1627977362137906,1.204256840376764,1.4705253473386176e-05,1.036037786872727,5.269198733682454e-07,0.9754291174882266,-8.448649952481048e-07,1.038503575264352,1.0053446708583096e-05,0.6214434856656055,-5.651003215511055e-05,-0.003824530498370702,0.4374497661715347,1.0191932213165449,1.0144600215574469,0.004733199759098028,1.0166568265417686,-0.003236416401370981
367,5.444554601596311,19.60039656574672,0,0,0.2818693322311806,0.3318015671556127,0.8495117312205716,-0.0499322349244321,1.367249042794768,1.4352641200221106,0.9526114491370344,-0.0680150772273426,0.7939335555112552,26.99148577085743,31.324973346888825,-4.333487576031395,-0.031877178010881,0.9151996142549946,-0.1400694391954584,0.6642804944811284,0.0238738987175692,1.1410264964755092,0.0363884318463717,1.1393918062371624,-0.1441989317153034,0.6667836633783556,0.0588117649154743,1.2047400224081968,-0.0527351579688495,0.8107290389013012,-0.1018659909025835,0.7073206614136855,0.0588117649154743,-0.1441989317153034,1.2047400224081968,0.6642804944811284,0.2030106966307777,0.0001917997459366,0.0002896564075762,0.662140106412293,-9.785666163964769e-05,3.906774541639125e-05,5.9273412007057065e-05,0.6589996104094117,-2.0205666590665818e-05,1.866277686682392e-05,3.905775718970629e-05,0.4777027966105321,-2.039498032288237e-05,5.619566469040949e-06,6.359187364316078e-06,0.8823050960197929,-7.396208952751296e-07,1.0372893987021258e-06,1.0669021494514376e-06,0.9632160166367112,-2.96127507493118e-08,7.422683513049433e-07,6.628385504716111e-07,1.103189391845439,7.942980083333222e-08,0.0557522385494433,Train9.csv,Normal,0.8616602945943642,1.2043282504945907,1.1014204623714114,1.0493678598858514,1.152874356433001,1.1183721909172846,0.0582640790710843,0.026205221094855,0.0422346500829697,0.6545707199330245,0.6635563467085277,0.6590635333207762,-0.1439126323348978,-0.1427908773023853,-0.1433517548186416,0.2046239458451382,0.5497575305615662,4.227631682357995,-0.1453626864474717,0.5872909720727124,-1.7467731225255026e-05,0.6270873414766526,-3.237733633646847e-05,0.7562206947009099,-4.378698061677919e-05,0.382392951681854,-2.2821826312482896e-05,0.4961558110012802,-2.0813290313116114e-06,-0.3249311122533657,1.8342482720951958,0.9075965742410611,0.906835535070544,0.0007610391705170638,0.5885669959531389,-0.03775978938252308
579,8.589637913690092,30.92269648928433,0,0,0.2464889945717241,0.2317074466226152,1.0637939674646884,0.0147815479491088,1.4315910023380949,1.5075660788947398,0.9496041419899904,-0.0759750765566449,1.1051769942763348,33.09415533186146,47.1037881009479,-14.009632769086444,0.0831117602264134,1.3516757861561617,-0.0147764208160942,0.9198057921969164,0.024440483449075,1.1235937469822517,0.0241424935346608,1.1043138797470775,-0.050669401774624,0.8082150273551126,-0.0265528743404895,0.9102698771221812,0.011322705153399,1.0697089902468044,0.0521741475225675,1.2074031076165157,0.0831117602264134,-0.050669401774624,1.3516757861561617,0.8082150273551126,0.1337811620010374,9.055850307201013e-05,5.948576492964317e-05,1.522099987773924,3.1072738142366955e-05,1.0370626719844672e-05,8.141114692936164e-06,1.272295521596814,2.229512026908508e-06,2.1805776164073983e-05,1.8287671275046287e-05,1.1917241181292793,3.518104889027696e-06,5.863200749766363e-05,6.251458130186529e-05,0.9377433047426816,-3.8825738042016575e-06,1.8435474425616427e-06,1.6494172762894502e-06,1.1109607383887905,1.941301662721925e-07,4.5519809908272106e-07,4.982068684575059e-07,0.8956945042170024,-4.3008769374784816e-08,0.0139615701735269,Train10.csv,Normal,0.7025794879577782,1.359752136659809,1.1892878388472998,1.0638452349707352,1.2745199877535545,1.2042950701592814,0.0824601148586735,0.0469487397763279,0.0647044273175007,0.8084972959597424,0.9065963562111004,0.8575468260854213,-0.0489491012747729,-0.0274575826825434,-0.0382033419786582,0.1641292102976861,0.5512548407000667,-53.36558985652539,-0.2206655384743969,1.18938610801963,3.226018300663136e-06,1.2168843819275927,5.154241956537502e-07,1.817458506252308,1.9185390386378165e-05,1.3406647893389685,1.1845992976436869e-05,1.3364581856629172,1.2898006480394228e-06,0.03864605873397122,0.6444405007034929,1.0624606583285006,1.1316917751117765,-0.06923111678327598,1.45833589250629,0.026864850055684147
0,0.0,0.0,1,1,0.0769605128377525,0.0608429705886312,1.2649037258397056,0.0161175422491213,1.4995054527767913,1.655530682129241,0.9057551514482768,-0.1560252293524497,0.9046153602933856,15.537912992648923,18.982508977019755,-3.444595984370832,0.0080259677584141,1.110969427900887,0.0012344190418495,1.0188535114668935,0.0413554767622131,1.919992150138612,0.0473408936648076,2.099542663968596,-0.0159977931630943,0.7898967669730652,0.0007910187502211,1.0166784627627683,0.0213864471780071,1.314826070747514,0.0236116467517264,1.3956725001968655,0.0473408936648076,-0.0159977931630943,2.099542663968596,0.7898967669730652,0.0633386868279019,8.192423846156649e-07,1.0637724013978031e-06,0.7629571998211175,-2.4453001678213824e-07,7.313595891749618e-08,1.6813958770500737e-07,0.410554216834759,-9.500362878751118e-08,7.895807941559229e-07,1.072270438487072e-06,0.7295596055082999,-2.82689644331149e-07,2.912249593065844e-07,3.131134153955264e-07,0.9013087833264148,-2.1888456088942013e-08,2.1697372167161419e-07,2.5937441758427e-07,0.8054726340289424,-4.240069591265576e-08,3.05190983777046e-07,3.748139739317171e-07,0.7930870614152913,-6.962299015467109e-08,0.0,Train11.csv,Normal,0.8185384241500293,1.2183920038448712,0.9404189378504708,0.9073751318655288,1.079405470847671,1.0220620245202905,0.0048008272266486,-0.0019641880436281,0.0014183195915102,0.7313478266590361,0.7588747677901442,0.7451112972245901,-0.0093988260689375,-0.0093784226305229,-0.0093886243497302,0.147352759244247,0.4870441771858351,50.84556880619482,-0.0224931675752344,1.0,0.0,1.0,0.0,1.0,0.0,1.0,0.0,1.0,0.0,0.4029385562280324,1.924012820943812,1.2423923445690492,1.3499383631687973,-0.1075460185997481,1.0,0.0161175422491213
974,14.449580877261054,52.0184911581398,0,0,0.4307331642843126,0.6418924379945764,0.6710363482699082,-0.2111592737102638,1.4239663681962773,1.6479036295200935,0.8641077876440446,-0.2239372613238164,0.9528236294545872,33.21359644953425,28.689817790374896,4.523778659159355,-1.079072813012397,0.3164909263038137,-0.0521975228082523,0.8737720032661823,0.173935236340417,1.334687580911549,0.2332086760003034,1.5834663986172963,-0.0129198943288704,0.954840490108942,0.0148728896279328,1.0635090740473034,0.0175332161281448,1.0825636402943202,0.0356083259262407,1.244502380949286,0.2332086760003034,-1.079072813012397,1.5834663986172963,0.3164909263038137,1.3122814890127006,0.0003633342164702,0.0011011563987946,0.3299539623330283,-0.0007378221823243,6.573075556882808e-05,5.179742049730138e-05,1.2687517528932355,1.39333350715267e-05,7.887403093968956e-05,6.000039705552294e-05,1.3143394279946785,1.887363388416662e-05,8.632730222376574e-05,9.829574356669848e-05,0.8781511546697616,-1.1968441342932731e-05,5.312238853211759e-06,8.103695712115767e-06,0.6547249295138422,-2.791456858904008e-06,1.1746204454853358e-06,4.672070398746888e-06,0.2508762887887615,-3.497449953261552e-06,0.1479637066680048,Train12.csv,Side II,1.15767889083981,1.5760330031923888,1.3276026863984436,1.186991052785773,1.4518178447954162,1.3635422474588683,0.2292444773257113,0.1700820323897058,0.1996632548577086,0.3135706866169764,0.8700243979584456,0.591797542287711,-1.0828283835058703,-0.0533112232239573,-0.568069803364914,0.3454501884559138,1.2624623165754123,80.33720863661534,1.6520506946422966,1.019076426705566,2.3240355960329166e-06,1.1914890905516644,4.758027074761904e-06,1.674267482418683,1.1514686863638373e-05,0.9404163933626004,-7.127867529098608e-06,0.2565977020299384,-0.0007301893766165,-0.1950898461913605,0.3979539486626868,1.130191698430303,0.841650170160515,0.2885415282697881,1.2687243221109827,-0.35353710558424095
0,0.0,0.0,1,1,0.0766814105218747,0.0596255140467343,1.2860500892498994,0.0170558964751403,1.3164923778397315,1.5000011883671345,0.8776608840531819,-0.1835088105274029,0.9424141476137082,59.50895945968072,59.67906251254684,-0.1701030528661178,0.0091948518955333,1.1327518575348492,0.0027849411586329,1.045356884750833,0.0445369724941777,2.030246915959144,0.0486005372506574,2.27120038609896,-0.0142252366993944,0.8135248506175744,-0.0003241322934637,0.9936157292947008,0.0197360165418955,1.2772832246559664,0.0273266954432264,1.4923551495061862,0.0486005372506574,-0.0142252366993944,2.27120038609896,0.8135248506175744,0.0628257739500519,8.211343713564114e-07,1.464036755058264e-06,0.5570650586144675,-6.429023837018528e-07,7.458491414339808e-08,1.2891826076251e-07,0.5368978400248327,-5.4333346619111924e-08,7.864072429059951e-07,8.957194685124999e-07,0.8682680126083012,-1.0931222560650479e-07,1.76239427235453e-07,2.232039091337345e-07,0.7557310162171668,-4.696448189828149e-08,1.9235652280778265e-07,1.757629781620752e-07,1.0354943956591538,1.6593544645707443e-08,3.045331300711144e-07,3.56018484217982e-07,0.8320157128724404,-5.148535414686765e-08,0.0,Train13.csv,Normal,0.9971497028325164,1.164462018813522,1.014224730358546,0.9422252984940176,1.089343374586034,1.0403040158886951,0.0013906597032218,0.0003237769651864,0.0008572183342041,0.785033803326015,0.8225406513059607,0.8037872273159878,-0.0076547993617114,-0.0063320061366343,-0.0069934027491728,0.1135753952822516,0.3794282154875069,120.9800666584523,0.40816853777737,1.0,0.0,1.0,0.0,1.0,0.0,1.0,0.0,1.0,0.0,0.4263974118785074,1.9170352630468672,1.254418034485618,1.4027852194149422,-0.14836718492932421,1.0,0.0170558964751403
1100,16.31882850614698,58.74778262212912,0,0,0.4388539208069407,0.4783048934522976,0.9175191758215134,-0.0394509726453569,1.4059228041265646,1.4921993124391948,0.9421816395335176,-0.0862765083126302,0.8747123478283424,28.47917733221485,25.3338404722836,3.1453368599312483,0.0384343642448302,1.1596834893504748,-0.3208047732171394,0.6685032927780723,0.0119094780173194,1.023369093046291,0.0640332198969737,1.1134451145072333,0.0244878126240079,1.110199782687503,-0.108444600003774,0.6753215946124277,0.1499111819158807,1.650823117134711,0.1394309367162721,1.6690490728469636,0.1499111819158807,-0.3208047732171394,1.6690490728469636,0.6685032927780723,0.4707159551330201,0.0003756820860592,0.0004664813073774,0.8053356624613145,-9.079922131818928e-05,5.826285569800225e-05,0.0001107203909122,0.5261686084370855,-5.2457535214265176e-05,2.721884095825664e-05,3.386136519250383e-05,0.8035944463283846,-6.642524234247194e-06,0.0001624437786423,0.0001096479935678,1.4813674166114972,5.279578507455174e-05,5.560533572215323e-06,6.243878900524083e-06,0.889133553857166,-6.833453283087596e-07,1.478698882260552e-06,1.4347768726668243e-06,1.0234790646469258,4.392200959372755e-08,0.0245742358310742,Train14.csv,Normal,1.1241555480753431,1.6698656431556202,1.668114068176168,1.1607615014259334,1.6689898556658942,1.4995804042525738,0.1486237143868242,0.1357958275736967,0.1422097709802604,0.6668593662640377,0.6678213884455332,0.6673403773547855,-0.3218563003916451,-0.1103028380674013,-0.2160795692295232,0.3578142057925572,1.0030062768915826,65.05006679891616,0.1601350557508025,1.4246402003258962,5.042341436340668e-05,0.768436963469449,-5.704135988129718e-06,0.7536679264523148,-8.937215259831321e-06,0.5913065096540514,-5.270818157779243e-05,1.2402862822195642,3.02186304272574e-05,-0.028576876978674344,0.31789012198118344,1.3317312615313674,0.9505186250582794,0.381212636473088,0.7044704665252718,-0.02973293275015313
1074,15.933110741456234,57.359198669242446,0,0,0.5179748665511779,0.4388624194844963,1.1802670535265685,0.0791124470666815,1.3465159042048955,1.4451681377509888,0.9317364946773712,-0.0986522335460933,1.2229450521267016,39.83238263204348,40.30954619342127,-0.4771635613777931,-0.2101428981504252,0.5488938187899739,-0.0118204119690918,0.9690473951600064,0.171856084950936,1.401691591225358,-0.1057076758809485,0.8388675440096565,0.1810626133852707,1.406382481672037,-0.0156439431796008,0.9500866384677747,0.3874388133223088,1.7897196530052917,0.0065487040508094,1.039776024534621,0.3874388133223088,-0.2101428981504252,1.7897196530052917,0.5488938187899739,0.597581711472734,0.0004075819662739,0.0004540453929987,0.8976481120114146,-4.646342672482139e-05,0.0001597899090004,8.571086126622884e-05,1.8640726030994392,7.407904773423625e-05,9.422224791355456e-05,6.804483856740145e-05,1.3845047596466922,2.617740934615313e-05,0.0001452940780157,0.0001197542158145,1.2131676981104065,2.553986220118725e-05,7.472227456755568e-06,8.320171370285252e-06,0.8970076514163832,-8.479439135296839e-07,1.5278670860888136e-06,1.3806437986816386e-06,1.0986760862395286,1.4722328740717501e-07,0.1483227749760787,Train15.csv,Normal,0.9881625169142368,1.7954998342491402,1.4168023211347285,1.3922037442002455,1.6061510776919343,1.5348352998613717,0.3871442286390861,0.183697751705763,0.2854209901724246,0.5306788123635898,0.8300362109548624,0.6803575116592261,-0.2165075648610347,-0.1113180829181542,-0.1639128238895945,0.3750677758313486,1.2648210218855502,16.26697660450199,0.3852208104286321,1.238751148927141,3.318338744241371e-05,1.3315547135029102,1.5876287978297067e-05,1.878452034354846,3.6217187109567e-05,1.2636019478971534,3.630701296088515e-05,0.5300156464550223,-0.000131409288259,0.06011442202451712,0.3935886308725271,1.2598607720025623,0.9732109350584461,0.28664983694411617,1.4912028985849697,0.14860893713519793
156,2.314306588144481,8.331503717320132,1,0,0.2499566999950478,0.2468757768208317,1.0124796085265828,0.003080923174216,1.373230148661979,1.4458770076429188,0.9497558450030767,-0.0726468589809399,0.8945025119146639,75.86920392423126,64.27509014185883,11.594113782372432,0.0658208997047798,1.5683036054518142,0.05088116882556,1.200672133977956,-0.0555846579535234,0.8210052907431342,0.0914710670126657,1.388240342949444,-0.069913373104948,0.7757719612702038,0.0522995391242852,1.215592902765743,-0.026983595238052,0.8761573558563891,-0.0908713846020892,0.6103773608574535,0.0914710670126657,-0.0908713846020892,1.5683036054518142,0.6103773608574535,0.1823424516147549,7.619970229510511e-05,9.336831351769518e-05,0.8160321109318951,-1.7168611222590074e-05,5.735463495510556e-05,5.5017763066117134e-05,1.0422854166576356,2.3368718889884223e-06,1.5762386433219234e-05,1.7736598335256376e-05,0.8881919867372443,-1.9742119020371414e-06,2.1776333586789653e-06,2.416391923053852e-06,0.897477995202935,-2.387585643748868e-07,4.048305837243561e-07,4.555392485219194e-07,0.8695949589850641,-5.0708664797563344e-08,3.388863904273137e-07,4.3769141327995174e-07,0.7569642400431751,-9.880502285263805e-08,0.0,Train16.csv,Normal,1.1803826917236475,1.7294280251136356,1.3555249569114511,1.216741830405078,1.5424764910125432,1.4338982708100547,0.0827506249376987,0.0701733782386803,0.0764620015881895,0.5218027061313074,0.774922203649416,0.6483624548903617,-0.1093242682678265,-0.0686039010052113,-0.0889640846365188,0.3692980711968244,1.2076253189823285,4.865987052131317,0.0952518345795869,1.0,0.0,1.0,0.0,1.0,0.0,1.0,0.0,1.0,0.0,0.07702307935539998,6.248917499876193,0.9007092064931951,1.196660343390968,-0.29595113689777286,1.0,0.003080923174216
951,14.108369008496162,50.790128430586186,0,0,0.5306821652077612,0.5650608093996489,0.9391593736256332,-0.0343786441918876,1.6274733709074134,1.839493112449432,0.884740122724842,-0.2120197415420186,0.9321801021397276,14.173385564793206,14.612931727477177,-0.4395461626839694,-0.254098230727578,0.462427115815341,-0.0958418957133943,0.7433123238548024,0.0738374296141011,1.1447263185072003,0.0225880748242492,1.0466918727145926,0.0274605845390062,1.0401238550391056,-0.0873889467089922,0.8723919289889693,-0.0479898815584305,0.9155833263637626,-0.0314026454491144,0.9524765542860272,0.0738374296141011,-0.254098230727578,1.1447263185072003,0.462427115815341,0.3279356603416791,0.0004756362976202,0.0007550487471009,0.6299328356190291,-0.0002794124494807,0.0001233880275023,0.0001088110281854,1.133861989358061,1.4576999316890418e-05,0.0001139889371922,0.0001011203677798,1.127148449024116,1.2868569412442964e-05,8.747528017588083e-05,8.028507788634526e-05,1.0894226953699313,7.190202289535563e-06,7.935239461428574e-06,8.395327023706444e-06,0.9440726623780332,-4.600875622778705e-07,6.821294533387439e-06,3.275996430854578e-06,2.075867907018221,3.5452981025328607e-06,0.144469697167631,Train17.csv,Normal,0.9699207400280478,1.1354819830883471,1.0418168450369143,1.0342521875227844,1.0886494140626308,1.0705170052160151,0.0690146412288376,0.0284924122497498,0.0487535267392937,0.4397637221752623,0.7343336310388078,0.5870486766070351,-0.2624030878036287,-0.0980539018825255,-0.1802284948430771,0.204640295389766,0.6957182609130849,50.08646728858847,0.5897945629409689,1.1208952656304043,1.6022976988599888e-05,1.1296281710398168,6.735265516399661e-06,1.3256073801155377,1.0170266508255208e-05,0.692734096414717,-0.0001208813300498,0.5748951683876221,-0.0001446157305715,-0.033317325505697666,0.5142992358746832,0.9134839365462529,0.7834885860591146,0.12999535048713828,1.0493232158566903,-0.04557258445913237
1028,15.250687003926451,54.90247321413523,0,0,0.3715739493675414,0.3820889676068459,0.9724801581423164,-0.0105150182393044,1.5337297162442227,1.5848379298935098,0.9677517666868064,-0.051108213649287,1.0093628652135371,18.09936116656951,15.914684792921603,2.184676373647905,0.0690761712982711,1.3750505410472562,-0.0206146561811282,0.9056863692106396,-0.0144623460150148,0.9625365628677324,-0.1870731516111048,0.6828081398637369,0.2244560313491495,1.554069240767337,-0.2135816930211906,0.6081897939846176,0.0736778978219357,1.3157203620135935,0.0455202912663196,1.167728644104017,0.2244560313491495,-0.2135816930211906,1.554069240767337,0.6081897939846176,0.4380377243703402,0.0002131331275953,0.0002070080654895,1.0295387848948188,6.125062105836207e-06,7.433628067371952e-05,9.456238784076948e-05,0.7860252064152037,-2.022610716704996e-05,3.2436851164493765e-05,3.163663997257089e-05,1.024969829106906,8.002111919228763e-07,0.0001027334961366,0.00010839257399,0.9477034756213862,-5.659077853374187e-06,5.94248027066592e-06,5.531292674414921e-06,1.0723996402686595,4.111875962509986e-07,1.2967862515178508e-06,1.2645638385515896e-06,1.017435307902282,3.2222412966261174e-08,0.0273977253753779,Train18.csv,Normal,1.1372742464397938,1.5689567656043018,1.4038060493336817,1.308620779934753,1.4863814074689916,1.4271278649575787,0.2274919298924107,0.0697662041233673,0.148629067007889,0.6049064413473377,0.6686521335096021,0.6367792874284699,-0.2148756098964359,-0.1950013559528989,-0.2049384829246674,0.3255884310134772,0.964050324256964,3.0065731003858787,0.0930109828091403,0.9630897393487892,-4.1713449515265965e-06,0.950906480412327,-1.2892897780191807e-06,1.2713830609253356,4.532010210095441e-06,0.7863540290679875,-3.485750515196847e-05,1.299574852918257,2.005661033768544e-05,-0.008720998696088804,0.3081778703742186,1.0305462667007428,1.0810911577085427,-0.05054489100779991,1.0028811901352166,-0.013368616074772561
33,0.4895648551844094,1.7624334786638738,1,0,0.0762336553776938,0.0589772548546465,1.2925939438795064,0.0172564005230472,1.3350375935870975,1.4217898622047254,0.9389837553962148,-0.0867522686176278,0.8776896681674881,21.19943454239272,18.79750953571005,2.401925006682667,0.0075707055416516,1.1027507624820998,-0.0005122018384724,0.9923205963161232,0.0493262093332504,2.4046062896245286,0.0420723708083714,1.9121278252535847,-0.0108467808122023,0.8450301538396358,0.0016586481533545,1.0379789799784138,0.0223273122352886,1.3214547906092475,0.0269979838482377,1.4964356185757548,0.0493262093332504,-0.0108467808122023,2.4046062896245286,0.8450301538396358,0.0601729901454528,6.650791495984296e-07,1.168297895745901e-06,0.5644405816216899,-5.032187461474714e-07,6.215907947926834e-08,1.3432414865806486e-07,0.4306907752945534,-7.216506917879654e-08,5.302666453040324e-07,6.252135084136978e-07,0.8347849003215525,-9.494686310966545e-08,4.473374254926529e-07,5.000368448558676e-07,0.8770688431716472,-5.2699419363214873e-08,2.1872838959290293e-07,2.283550696888463e-07,0.917657803034924,-9.626680095943384e-09,2.518037017451578e-07,3.117525597577624e-07,0.7826004614686922,-5.994885801260458e-08,0.0,Train19.csv,Normal,1.1277788949031724,1.063086514098988,0.935977151772836,0.9275155714901292,0.999531832935912,0.9755264124539844,0.0015565520918528,-0.0015724239849163,-7.935946531761537e-06,0.7302661058346331,0.8167352754302007,0.7735006906324169,-0.0066892238205613,-0.0064815965174441,-0.0065854101690027,0.0943777652902532,0.3328204082643549,112.37894733985296,0.4147951937791951,1.0,0.0,1.0,0.0,1.0,0.0,1.0,0.0,1.0,0.0,0.43141001307617993,1.9058413844423447,1.2852897963878054,1.4998925494742508,-0.21460275308644539,1.0,0.0172564005230472
642,9.524261728133055,34.287342221279005,0,0,0.4197590761873707,0.3731519328972904,1.1249012210098792,0.0466071432900803,1.4406269447586086,1.5497745385990298,0.9295719471331564,-0.1091475938404211,1.1721027021893171,17.717483860632576,18.11570326900678,-0.398219408374203,0.0052063283415791,1.0359114430065397,-0.0016139284450488,0.9917645949328908,-0.0021168825391691,0.9917406484522984,0.0105839552847634,1.0433916043966167,0.1343746682730666,1.5234407871655236,-0.4938748743197687,0.3948765000227517,0.5041004188426927,2.2703805053255985,0.189475661820039,1.9490728764765204,0.5041004188426927,-0.4938748743197687,2.2703805053255985,0.3948765000227517,0.9979752931624616,0.0005093857093633,0.0002978266245792,1.7102856644405189,0.000211559084784,2.006793996488124e-05,2.0890376874206977e-05,0.9601712010105884,-8.224369093257349e-07,5.076356633021551e-05,6.174522930216338e-05,0.8220124336650659,-1.098166297194787e-05,4.067682864694041e-05,4.727081370038122e-05,0.8603242089848473,-6.593985053440817e-06,2.7144615004968726e-06,2.87897204700333e-06,0.9395942419423984,-1.645105465064573e-07,1.0568508336586467e-06,9.420134487196156e-07,1.1101217478387824,1.1483738493903102e-07,0.0256653789034918,Train20.csv,Normal,0.9780179984049708,2.289409673554039,1.9622393601651584,1.5614702062424046,2.1258245168595984,1.9377064133205333,0.505157447269293,0.1869237230094561,0.3460405851393746,0.3919622734144044,0.944368337306313,0.6681653053603587,-0.4957459763472673,-0.0141702390443848,-0.254958107695826,0.5816945158055009,1.8974474001396344,-53.04646607967388,-0.6779211438189172,0.8190227447073984,-1.0986388598699553e-05,0.821356100555494,-2.662739708555077e-06,1.3265299312302636,5.51252953472238e-06,2.3354325226877046,0.0001568377655312,1.1993779683905286,2.641574453881904e-05,0.09911168251371502,0.8926320163498981,1.5381099606082902,1.006472228797243,0.5316377318110472,1.4944395181578207,0.06182577058342926
1087,16.125969623801605,58.05349064568578,0,0,0.3410357625003497,0.3593132442818997,0.949132152616863,-0.0182774817815499,1.3375948669533737,1.4944946679914028,0.8950148077817834,-0.1568998010380291,0.9549953930669164,26.97299596745397,30.2181848673092,-3.245188899855229,-0.1727400457491124,0.613080116416655,-0.0290308901475004,0.9047786462363012,-0.0197594696413437,0.9528035360353636,0.0130098527652532,1.0270364204323164,0.0387479613204701,1.1390409577867262,0.0219105009090539,1.0768957105179948,-0.0135668578051587,0.9567509362556756,0.0252128230298541,1.091159672443311,0.0387479613204701,-0.1727400457491124,1.1390409577867262,0.613080116416655,0.2114880070695825,0.0001424339673157,0.0002166286532586,0.6574725478268864,-7.41946859428835e-05,4.26384200909284e-05,2.7674724993986123e-05,1.540142446789362,1.496369509694227e-05,2.6305365219889965e-05,2.477397626338185e-05,1.0613859915108117,1.531388956508111e-06,0.0002571315216769,0.0001521004234775,1.6904267031699949,0.0001050310981993,4.0971171494446105e-06,4.179842732129984e-06,0.977868958666562,-8.272558268537324e-08,9.703791308242138e-07,1.190174175654988e-06,0.8085319202061944,-2.1979504483077417e-07,0.028970162921241,Train21.csv,Normal,0.8926080794385491,1.1546429944198031,1.0757266424779792,1.0693761807960525,1.115184818448891,1.0999152725646115,0.0419105946300316,0.0213991280720224,0.031654861351027,0.5970897478722995,0.8991972225246857,0.7481434851984926,-0.1780273861514694,-0.0301869530445084,-0.1041071695979889,0.1592526476283246,0.5575532465475036,91.40503398673332,-0.0545342548011174,1.6829018986003448,0.0001071469381177,0.9801773119714644,-3.4327724240169096e-07,1.1733458413239135,2.083652810269892e-06,1.4098525675504363,1.5041939228850864e-05,0.620252855099003,-4.832443207510969e-05,-0.013558126824480479,0.2529782918088104,1.0416021064056604,0.8235540995627733,0.21804800684288717,1.1877919069486047,-0.02144580723825517
338,5.0143309409797086,18.05159138752695,0,0,0.2571108012665513,0.2192832405787032,1.1725054266024362,0.037827560687848,1.4536362738451882,1.6070814103825195,0.9045193699639636,-0.1534451365373315,1.2260869511469676,25.15177345921041,25.33664891816497,-0.1848754589545649,0.1800120193183194,2.0258699766467934,0.0781023142763467,1.6826990253986525,0.0510371443150871,1.3109136909572507,-0.0659271372668662,0.7855317242427214,0.0423767542251783,1.1476278955319417,0.0575889568367958,1.4281045731956652,0.0079060948336966,1.026966955682392,-0.0241833396772958,0.8667060586849205,0.1800120193183194,-0.0659271372668662,2.0258699766467934,0.7855317242427214,0.2459391565851856,0.0001405730830741,8.943869184865885e-05,1.5715499038488276,5.113439122550437e-05,4.794370491001128e-05,3.798263541338353e-05,1.261921011489567,9.961069496627754e-06,2.3565489259190333e-05,2.449062017988211e-05,0.9618323571474476,-9.251309206917772e-07,4.583108763710337e-06,4.149429171383182e-06,1.101860032920398,4.336795923271549e-07,7.620237394247441e-07,7.242671255502221e-07,1.0378017929833403,3.775661387452206e-08,5.197425951520508e-07,5.335705920338298e-07,0.9561639330181128,-1.3827996881778977e-08,0.0513467483098415,Train22.csv,Normal,0.99270323911111,2.130272227657608,1.8447367406510469,1.4461171170315428,1.987504484154328,1.8070420284467328,0.184526637292949,0.0837495794346013,0.1341381083637751,0.7388636536220357,0.7764479753396535,0.7576558144808445,-0.0797007010580186,-0.0392270449361485,-0.0594638729970836,0.4618178997843112,1.3914085740355724,-25.534745494683705,-0.2113787512009066,1.4441798253846765,8.464205760602972e-06,1.009032300146879,4.234859636887702e-07,2.219931791336394,4.273551978684432e-05,1.3209775431326485,7.721979221202757e-06,1.5144382629982784,1.513368906108312e-06,0.29021333014021855,1.972556001332549,1.1072591958543259,1.6731608976675656,-0.5659017018132397,1.5166472115386405,0.08397460455966056
0,0.0,0.0,1,1,0.076526884387882,0.059081081508853,1.295285554709409,0.017445802879029,1.438726203127268,1.4996321037323377,0.959386098732252,-0.0609059006050696,0.9239631057360156,18.09376530749912,18.597160914799066,-0.503395607299943,0.0058422667655761,1.0803287253214602,-0.0004065040017483,0.9939202646498247,0.0466022930930871,2.1363096816144664,0.0401112791437258,1.7673533230141465,-0.0136328868977282,0.800425867897273,0.0073353011926541,1.179120403322658,0.022560860671419,1.3349426268565394,0.027938234451107,1.521539953301639,0.0466022930930871,-0.0136328868977282,2.1363096816144664,0.800425867897273,0.0602351799908154,9.995730908845215e-07,9.349986297699176e-07,1.0577508362397217,6.457446111460398e-08,9.875308819316885e-08,1.5445494359878656e-07,0.6004871974787962,-5.570185540561772e-08,7.314056370877452e-07,1.0036093958122475e-06,0.7215852971663107,-2.722037587245023e-07,2.3037482758350922e-07,2.23226708643244e-07,0.9877720648877434,7.1481189402652385e-09,2.036552134821439e-07,1.8135665651029317e-07,1.064270337892265,2.22985569718507e-08,2.513447827362197e-07,3.12628082581676e-07,0.779054261876257,-6.128329984545628e-08,0.0,Train23.csv,Normal,0.9729315878194792,1.234125743219433,0.97437151029278,0.9364006963873616,1.1042486267561065,1.0482993166331915,0.004449299755444,-0.0007504323828491,0.0018494336862974,0.7863800838060259,0.8005158031545457,0.7934479434802858,-0.0073762848741024,-0.0062545642251638,-0.0068154245496331,0.1362298227937431,0.4477456594134071,-18.760936378450992,-0.1300184677460132,1.0,0.0,1.0,0.0,1.0,0.0,1.0,0.0,1.0,0.0,0.4361450719757249,1.9131721096970495,1.345200994493612,1.4035195571952503,-0.058318562701638266,1.0,0.017445802879029
367,5.444554601596311,19.60039656574672,0,0,0.1716327979139785,0.1705834414909013,1.0061515136075974,0.0010493564230771,1.298137003901835,1.4867904441583772,0.8731136255758833,-0.1886534402565423,0.8579846722181634,41.27190585962983,38.27833633091707,2.9935695287127544,0.0114057082790372,1.1313890187954694,-0.0227932647701231,0.9100919708409506,0.0334144070031563,1.2884023130758706,0.0203853019728453,1.1411801075719246,-0.038930265877897,0.8362854383174976,0.0272442489826648,1.1268613457560337,0.0145425837372521,1.1447987817422451,-0.008514186363163,0.9279319814069245,0.0334144070031563,-0.038930265877897,1.2884023130758706,0.8362854383174976,0.0723446728810533,4.797711496105828e-05,3.9665435292556e-05,1.2092397879768153,8.311679668502274e-06,3.225226724377736e-06,4.3558211338707e-06,0.7387445856074908,-1.130594409492964e-06,1.0395598136395444e-05,9.891792157266589e-06,1.0498703639993563,5.038059791288574e-07,5.819511294131549e-05,3.710448885571177e-05,1.5679890720725764,2.1090624085603714e-05,7.99327150176816e-07,7.345031188278942e-07,1.0736384173047304,6.482403134892182e-08,3.3822729643418296e-07,3.977816736868322e-07,0.8294323120904509,-5.95543772526492e-08,0.0107215844251071,Train24.csv,Normal,1.0782053193757235,1.1336991025339127,1.1266867522020565,1.0634460394994854,1.1301929273679847,1.1079439647451517,0.0268498236597779,0.0151679260086882,0.021008874834233,0.7409915747388012,0.838391660514259,0.7896916176265301,-0.0368703754588395,-0.0285613929818214,-0.0327158842203305,0.1305440705340177,0.3927075277951115,16.38831184629828,-0.4098824512619154,0.9506183862977818,-2.936884812160691e-07,1.9259056750973504,6.04786616703811e-06,1.2205120858591665,6.069064936045133e-06,0.3721916260470448,-3.8023699712432126e-06,0.3771845743709746,-2.764401199048908e-07,0.006828625840935828,1.1168904418107308,1.066530702968401,1.1099611009040968,-0.04343039793569581,1.172869795667854,0.0012807521967395452
0,0.0,0.0,1,1,0.0768171149288322,0.0600419564191882,1.2793903915892229,0.0167751585096439,1.4827830759788034,1.5920686141735394,0.9313562578048624,-0.1092855381947359,0.9572836526893576,26.129016439627826,26.13846783500068,-0.0094513953728601,0.0074362108130372,1.1006919303737617,0.0003010841644901,1.0044187488454543,0.0470788849905823,2.2091782280290446,0.0442569178919386,1.921889267250944,-0.0157687081930549,0.7890294202570582,0.0019806871876133,1.0447642671377322,0.0234941008795003,1.3601916795334303,0.0248406671393031,1.4444057000370178,0.0470788849905823,-0.0157687081930549,2.2091782280290446,0.7890294202570582,0.0628475931836373,9.68109696636178e-07,1.3401703136391284e-06,0.7170278348268684,-3.720606170029504e-07,7.396159868189733e-08,1.1238851277719413e-07,0.6043181423124485,-3.84269140952968e-08,6.704818435861607e-07,9.612615099901123e-07,0.6903206157041953,-2.907796664039516e-07,3.8324640014696483e-07,4.1903059463396244e-07,0.8932845464644324,-3.5784194486997504e-08,2.116547671997275e-07,2.4170362607631976e-07,0.8408888282584815,-3.0048858876592254e-08,2.922040626062393e-07,3.5668123296058e-07,0.796888513347103,-6.447717035434068e-08,0.0,Train25.csv,Normal,0.9996384101230068,1.0928596451763757,0.9818530666488694,0.9642911394171328,1.0373563559126224,1.0130012837474591,0.002856667795085,-0.0004784519090445,0.0011891079430202,0.7465719738273772,0.7479510525519467,0.7472615131896619,-0.008994728554792,-0.008020489009621,-0.0085076087822065,0.1191589939822678,0.3462876713489985,64.15451821807994,0.1871487176983679,1.0,0.0,1.0,0.0,1.0,0.0,1.0,0.0,1.0,0.0,0.41937896274109737,1.9204278732208047,1.2831205489027269,1.4380963024160867,-0.1549757535133598,1.0,0.0167751585096439
873,12.95121571442392,46.62437657192611,0,0,0.9185332703166984,1.0245839415392066,0.8964939075385762,-0.1060506712225082,1.545161267437679,1.6836344546400344,0.9177534078147056,-0.1384731872023556,0.902534571970576,16.814489991163736,16.48178272962295,0.3327072615407864,0.0982179220393552,1.1445570917321786,0.0139019717353892,1.021929756286562,-0.2701934678785287,0.7410929847993046,0.5529919381514513,1.5910082471162423,-0.7586546040812847,0.5134342917275835,0.6858042042364547,2.1411547160493583,-0.4415613023784591,0.5452636561056452,-0.7767507968113947,0.4265794373571481,0.6858042042364547,-0.7767507968113947,2.1411547160493583,0.4265794373571481,1.4625550010478494,0.0014345394428186,0.0017606509854762,0.8147732326962355,-0.0003261115426576,0.0007852235318425,0.0007752684436418,1.012827763085985,9.955088200709074e-06,0.0003769557400867,0.000366736341731,1.027837764672719,1.0219398355688772e-05,0.0001965279109285,0.0001760618026954,1.116180489550264,2.0466108233150893e-05,1.4626765418658744e-05,1.508687042561174e-05,0.9688607642710196,-4.601050069529966e-07,3.947834431735526e-06,4.778031152990141e-06,0.8245214589445791,-8.301967212546151e-07,0.1326204475576675,Train26.csv,Side II,1.0201863631378267,2.144069109714914,1.5894541568914802,1.1443126262601673,1.866761633303197,1.625945297622187,0.6862700226967539,0.5511190815478689,0.6186945521223114,0.4228574353927392,0.5127353472201402,0.4677963913064397,-0.7813730229695728,-0.7590276829072989,-0.7702003529384358,0.5621251031288538,1.7212116743221748,13.393327149705954,0.1440605253989684,1.1055164045807644,4.635232675808044e-05,0.7947332419299222,-4.380326279002976e-05,1.1306327621922554,5.078319426639468e-05,0.8203814912650581,-0.0003023886779521,0.8903345189376786,-2.732333454857249e-05,-0.12196279114788788,1.0563524032297245,1.0376659365040506,0.9691932776060149,0.06847265889803567,0.9152491651290786,-0.11990436333664718
0,0.0,0.0,1,1,0.0772000242943166,0.0601072153355933,1.28437178497743,0.0170928089587232,1.4773915717377477,1.573599570100667,0.9388611883356218,-0.0962079983629193,0.9282700165252726,18.537500130333115,18.494496263622327,0.0430038667107872,0.00533871144849,1.0760393106871429,0.0051082797871497,1.082351177314441,0.0424064940928376,1.921297317310872,0.0429687364817066,1.8876332161225209,-0.0149261039559954,0.8025281456436291,0.0059145436502014,1.126738437216242,0.0204742233191937,1.293003383097035,0.0280047351916113,1.5209387250294173,0.0429687364817066,-0.0149261039559954,1.921297317310872,0.8025281456436291,0.057894840437702,9.44781710945639e-07,1.204202632508388e-06,0.7781087650863022,-2.59420921562749e-07,1.0254749218255021e-07,1.1786622010105009e-07,0.8019904874133998,-1.5318727918499852e-08,6.980520698913695e-07,7.195143992910592e-07,0.956872229759598,-2.146232939968972e-08,3.740778997630948e-07,4.043619583674309e-07,0.902780509188021,-3.028405860433607e-08,2.374500809761107e-07,2.315447343029427e-07,0.9830480538578148,5.905346673168063e-09,3.089695514857928e-07,3.617469058000716e-07,0.8311287778463958,-5.2777354314278834e-08,0.0,Train27.csv,Normal,1.0023252245465113,1.1419383085695924,1.1112848775037183,1.0420385738550073,1.1266115930366554,1.0984205866427728,0.0036863150536021,0.0032885149815831,0.0034874150175926,0.6053760955003932,0.7447431879529092,0.6750596417266512,-0.0104331283230738,-0.0087033446047411,-0.0095682364639075,0.178690034085405,0.5365622130691993,10.096573910109669,0.1257926906593116,1.0,0.0,1.0,0.0,1.0,0.0,1.0,0.0,1.0,0.0,0.4273202239680799,1.9300006073579148,1.313560181780898,1.359895935104152,-0.046335753323254014,1.0,0.0170928089587232
954,14.152874904422015,50.95034965591926,0,0,0.5765056734264454,0.6706905396857578,0.8595702946710054,-0.0941848662593123,1.411945679615748,1.658215915868737,0.8514848142445814,-0.2462702362529889,0.758149039939502,22.985226610753507,17.558100589457403,5.427126021296104,-0.1885652587962458,0.6978876645647479,-0.2221303862717918,0.5230809620302883,0.0041250034145484,1.0074342136092902,-0.1527648545063006,0.8236211090325,-0.1023041035996159,0.8152705011458968,0.0308184228451503,1.0622988603677006,0.071903836959182,1.1116838820566113,-0.2118277492168686,0.7847163918644549,0.071903836959182,-0.2221303862717918,1.1116838820566113,0.5230809620302883,0.2940342232309738,0.0005952509161483,0.0010888540077233,0.5466714960970573,-0.0004936030915749,0.0001628091163009,0.0002670915803429,0.609540071203892,-0.000104282464042,0.0001354200860594,0.0001340740055593,1.0099645031819695,1.346080500047814e-06,0.0001085025675563,0.0001131610191941,0.9587487002318912,-4.658451637841948e-06,9.74202932903e-06,1.0694993303212897e-05,0.9100453454843472,-9.52963974182894e-07,8.35861721089294e-06,3.5446748931257272e-06,2.3514435109262464,4.813942317767213e-06,0.144925437537245,Train28.csv,Normal,1.3090952794440542,1.1088958967621656,1.061658260930761,0.9975288510051292,1.0852770788464632,1.0560276695660185,0.0697712109228717,0.0304239658426324,0.050097588382752,0.5111483805744674,0.6912323557288866,0.601190368151677,-0.2260047656398223,-0.214630855852256,-0.2203178107460392,0.1872317270069664,0.5977475161876982,54.95964342081928,0.5781195037162297,1.0193101980420411,3.349811451260336e-06,0.8824995184138283,-1.0710098112797655e-05,0.5104684601171532,-3.161682729627107e-05,0.542057168556124,-0.0002632164818498,0.4544907273361316,-0.0003210229252159,-0.09070407453924927,0.5551997433515728,0.9862330447629223,0.7428009467347755,0.2434320980281468,0.6450083823623686,-0.04807840364573117
379,5.622578185299733,20.24128146707904,0,0,0.2860205156558879,0.2967278223938256,0.9639153609165764,-0.0107073067379377,1.3230154640316976,1.4264139275686871,0.927511593364524,-0.1033984635369895,0.9699728226321664,32.41811412152981,34.14271003940543,-1.724595917875618,0.0162811147146749,1.0474494995116046,-0.0494113749472691,0.7865920001012705,0.0417301814798977,1.173955443141723,0.063314331362366,1.2634660348297593,-0.06616301354207,0.7790725518873772,0.1082382528466824,1.423052662751502,-0.0862277343136673,0.7878161224603087,-0.135738985230105,0.5651652633257268,0.1082382528466824,-0.135738985230105,1.423052662751502,0.5651652633257268,0.2439772380767874,0.0002366578645657,0.0001985919602785,1.191618976136343,3.806590428723854e-05,4.936774281606769e-05,4.857594575214852e-05,1.0160910125719762,7.917970639191729e-07,1.8883887094256507e-05,2.617602404281421e-05,0.7211437316097056,-7.292136948557699e-06,6.452908759434312e-06,6.8382684843643816e-06,0.9422686587372072,-3.8535972493006987e-07,1.1579592216135517e-06,1.2699782766881864e-06,0.9046709953622444,-1.1201905507463477e-07,6.343110480474902e-07,6.371752357540989e-07,0.9801225587817508,-2.864187706608656e-09,0.0274167620651055,Train29.csv,Normal,0.9494886045841096,1.4283152651876836,1.2276727451353069,1.1319849776530737,1.3279940051614951,1.262657662658688,0.1084383584470912,0.0540685918742154,0.0812534751606533,0.5134527835456847,0.7652876512763643,0.6393702174110245,-0.1502571459065358,-0.0930522407012284,-0.1216546933038821,0.2817698756462545,0.9148624816419988,-12.29224024450518,-0.2898013043083125,1.2525117355731992,7.664073924709836e-06,0.8296119621578535,-7.57050178737284e-06,1.2381931129520756,3.64108071247812e-05,0.9794699022662092,-4.303589295895355e-07,1.7460827578069242,1.0189054863364126e-06,-0.0653347516963864,1.74526422263019,0.9253446828458459,1.002665647584866,-0.07732096473902017,1.015758325792046,-0.013257713461179814
928,13.767157139731273,49.56176570303258,0,0,0.3813738160679187,0.6190454337652751,0.6160675599972999,-0.2376716176973563,1.452908249970082,1.550229754473252,0.9372212321466822,-0.0973215045031699,0.9466876074270676,21.667239873433537,20.5293724185124,1.1378674549211354,-1.041230853595046,0.3463735444857739,0.2162611811849628,1.672610885730978,0.0463975270367088,1.1183888401367477,0.0863607800848164,1.2600039864785717,-0.022869928392604,0.9077049561256652,0.027118600906263,1.12619557748158,0.0754569051954145,1.555147160813423,0.0345576430349461,1.1854605407016914,0.2162611811849628,-1.041230853595046,1.672610885730978,0.3463735444857739,1.257492034780009,0.0002786571568416,0.0008300922596286,0.3356901557722591,-0.000551435102787,5.367270662739023e-05,5.0349938016489286e-05,1.0657818246284625,3.322768610900938e-06,5.292157749176177e-05,3.847439696028149e-05,1.3751437380292184,1.4447180531480287e-05,7.132821671873797e-05,5.345267516912796e-05,1.3341684921881063,1.7875541549610014e-05,5.801173511949495e-06,5.366334034096322e-06,1.0790202906216153,4.348394778531728e-07,1.163080375624373e-06,3.0982727558247124e-06,0.3741886465545315,-1.9351923802003394e-06,0.1409756876672571,Train30.csv,Side II,1.0554263141205815,1.686165461184545,1.5826485996249808,1.2417900985375865,1.6344070304047629,1.5035347197823707,0.2176518151367654,0.0798107005781267,0.1487312578574461,0.3437074887875345,0.915034852194324,0.6293711704909292,-1.0447423165787018,-0.0202752754197793,-0.5325087959992406,0.3858131451558547,1.3424579723970105,99.9819596344517,1.5195567673519927,1.4955531410061151,3.1815156572737786e-05,1.0659219831767794,1.6980703028180678e-06,0.9292982353139324,-1.5626096350604404e-06,0.908679133019886,-1.1441414882436146e-05,0.2360305699422104,-0.0005058823554508,-0.24189327265530391,0.388147989093007,1.2889344263322313,1.0457910901178333,0.243143336214398,0.9679664505035327,-0.2208678149103608
671,9.954485388749658,35.83614739949877,0,0,0.4707271611340916,0.4928074614443247,0.9551948548070508,-0.0220803003102331,1.3746766685923373,1.5147325077680975,0.9075375701433231,-0.1400558391757602,0.9187520032014332,24.144994004646453,19.46130524007439,4.683688764572061,0.0299617511708688,1.1004411248609272,-0.1026143882785463,0.7144091586450155,-0.0123799541422649,0.9715052571224893,0.2318770074377566,1.5435130230298852,-0.345658580456903,0.515862562289766,0.0457421887217456,1.1064799598532244,0.025780695477349,1.0440357887167515,-0.0609563246840074,0.8917306652045346,0.2318770074377566,-0.345658580456903,1.5435130230298852,0.515862562289766,0.5775355878946598,0.000537512939009,0.000532710056377,1.0089970005346014,4.802882632017427e-06,5.645676109551824e-05,6.563524135566402e-05,0.8600282355523251,-9.178480260145772e-06,5.219192320663823e-05,5.104914508606632e-05,1.0221856068812447,1.1427781205719062e-06,3.326194461017658e-05,2.6097374215158807e-05,1.2740440434972429,7.164570395017776e-06,6.129817602517261e-06,8.090214507567266e-06,0.7567475647454461,-1.9603969050500046e-06,2.4070400881985608e-06,4.724919483874178e-06,0.5083592437836106,-2.317879395675617e-06,0.101933929336993,Train31.csv,Normal,1.2406667330062129,1.5354893230237403,1.1063610537274078,1.0989146040365003,1.3209251883755742,1.2469216602625497,0.2276794064395882,0.0455220175399776,0.1366007119897829,0.5129093929109937,0.7043954212035616,0.6086524070572776,-0.346293767420621,-0.1048151371509769,-0.225554452285799,0.2841982418259438,1.0225799301127467,-8.607264495660587,0.0390364413748534,1.018557140553726,9.44014588155875e-07,0.9130648698605468,-2.7194885782715925e-06,1.1758213170382803,1.4418720090401585e-05,0.9100325882424772,-2.452493967739042e-05,1.089260171625801,1.5955710760827803e-05,-0.0429835574374147,0.9163610858399953,1.0140821379248368,0.9287851802094772,0.08529695771535961,0.999639591713768,-0.025962487791379035
143,2.1214477057991075,7.637211740876787,1,0,0.2549034280222677,0.229105296596396,1.1126037707686929,0.0257981314258716,1.3815643341859158,1.5560327287335716,0.8878761351193339,-0.1744683945476557,1.1027953045741394,17.536321203457696,30.27014672536348,-12.733825521905782,0.1080045282999344,1.797518854211207,0.1320559802759132,1.615351024275486,-0.0430539136905953,0.8630637200963764,0.0664916765985305,1.3081147344069968,-0.0581807196336018,0.7714051774496811,0.0290016635615075,1.1076033080049903,-0.0252239520297404,0.8877655082524107,-0.0089530888488776,0.9398648116473448,0.1320559802759132,-0.0581807196336018,1.797518854211207,0.7714051774496811,0.190236699909515,0.0001319461528094,0.0001023023667916,1.289640313747512,2.964378601779607e-05,5.110602931215823e-05,3.992713409648371e-05,1.2796619103587077,1.117889521567452e-05,1.793631517416229e-05,1.333602238344778e-05,1.3439446345008053,4.600292790714511e-06,1.859060910995415e-06,1.89867149438623e-06,0.9740077936215163,-3.961058339081546e-08,3.824407138870482e-07,4.119524657694749e-07,0.906359708526948,-2.9511751882426652e-08,3.756444631859934e-07,4.076174600573275e-07,0.899494152218702,-3.197299687133406e-08,0.0,Train32.csv,Normal,0.5793272611715048,1.9480261463835804,1.6513599609551584,1.2654974007566526,1.7996930536693694,1.621627836031797,0.1347478135423484,0.1128607422901683,0.1238042779162583,0.7683555066566999,0.8220842802966724,0.7952198934766861,-0.0570054776271791,-0.0538359177715708,-0.055420697699375,0.4124010500225165,1.1796706397268806,-3.1382985682703577,-0.0524621638739821,1.0,0.0,1.0,0.0,1.0,0.0,1.0,0.0,1.0,0.0,0.6449532856467899,6.372585700556691,0.9784112093015819,1.42531119952769,-0.44689999022610805,1.0,0.0257981314258716
1136,16.852899257257246,60.67043732612608,0,0,0.3407992920773875,0.3857123864408161,0.8835580479708017,-0.0449130943634286,1.502549749911833,1.6527699947688717,0.9091100065807124,-0.1502202448570386,0.8622682371052439,17.320391120737636,19.91641485832979,-2.596023737592155,-0.0078451498605353,0.96853635304228,-0.2130108045650814,0.6258762258839566,-0.0355423604770088,0.926459585544737,0.0030095386881249,1.0058185868560423,0.0397866373631523,1.1458685248731606,-0.104104968100551,0.6921262163773061,0.0161383181910474,1.0715268478893971,-0.002593207627648,0.9896767720820548,0.0397866373631523,-0.2130108045650814,1.1458685248731606,0.6258762258839566,0.2527974419282337,0.0001923090006259,0.000221360673927,0.8687194072022587,-2.905167330118514e-05,2.178603119240815e-05,2.837080452458952e-05,0.7676326149786357,-6.5847733321813695e-06,2.271685697561798e-05,2.759862606076017e-05,0.8228173660515903,-4.881769085142193e-06,0.0001316237043236,0.0001674093496471,0.7861917072375425,-3.578564532345603e-05,4.209102387948391e-06,5.5301792704466654e-06,0.7597411893151683,-1.3210768824982745e-06,1.0286001112154929e-06,1.2776907930781405e-06,0.7987943353673375,-2.490906818626477e-07,0.0287622813499647,Train33.csv,Normal,0.8696540635071708,1.1630283056400266,1.0406585240215065,0.994553124008184,1.1018434148307663,1.0660799845565725,0.0431724930241853,0.008821217076675,0.0259968550504301,0.6202117560457683,0.6850748084515413,0.6526432822486548,-0.2151341598048603,-0.1058663453312444,-0.1605002525680523,0.1682682218330375,0.5428165495942583,-11.044991138356522,0.0117030086694693,0.7867701614834537,-3.630436957336686e-05,0.824204374750056,-3.791414132392023e-06,0.7438785891456142,-2.6598935140807016e-06,0.8677325539781531,-4.944963811144161e-06,0.7561531743215514,-2.7066673588053432e-05,-0.030504136476804156,0.2314645264164175,0.9177766121162527,0.8402907214903245,0.07748589062592826,0.8119385059579413,-0.03340988926923111
372,5.51873109480607,19.86743194130185,0,0,0.2965383785806839,0.2976710601185968,0.9961948215610552,-0.0011326815379129,1.5174392283147098,1.643887572964453,0.9230796826010956,-0.1264483446497433,1.0706718867991554,18.186449825599706,21.11485159498729,-2.9284017693875874,0.0736673124704949,1.4585153210277386,-0.036596519952495,0.781130714479928,0.0073744548507783,1.030254452031402,0.0003400485689264,1.00103964468742,-0.1315440006772992,0.6715433410971349,0.1339715352144732,1.4009299720874937,0.0274502637759798,1.0860624979766902,-0.1158877479325028,0.6581464047172455,0.1339715352144732,-0.1315440006772992,1.4585153210277386,0.6581464047172455,0.2655155358917725,0.0001869703727376,0.0001604194701292,1.1654365783729286,2.655090260837199e-05,4.8561567185535495e-05,4.933548040240416e-05,0.9841137788004904,-7.739132168686628e-07,2.4910281714955624e-05,4.873695917238716e-05,0.5110120126029547,-2.382667745743153e-05,6.410400488352152e-06,7.387642989517927e-06,0.8665463442119813,-9.77242501165775e-07,1.1332099534411477e-06,1.0512919682578602e-06,1.067764561811716,8.19179851832873e-08,6.567686236205512e-07,6.641441790105957e-07,0.9742257577369492,-7.375555390044563e-09,0.0565118058321332,Train34.csv,Normal,0.8613108046330812,1.5099417054108504,1.4044148501437883,1.0718668912805196,1.4571782777773192,1.328741148945053,0.1342694674179131,0.0750858460112835,0.1046776567145983,0.6224657985122276,0.6679968265439618,0.6452313125280946,-0.1311501777281754,-0.1268221275287381,-0.1289861526284567,0.306787665868424,0.8874759068986228,-28.251557293930887,-0.4863064511788337,0.8066044553832636,-7.070548445551745e-06,0.9597240452403144,-2.139294077592648e-06,1.3433408254866006,3.528799298552657e-05,1.0164937716067153,3.190452852340264e-07,0.4423422337973032,-1.558895067415474e-06,-0.007174049395021174,1.878181028161955,1.048379624927143,1.0899668291796896,-0.04158720425254647,1.1065195474445435,-0.0015215773521533474
371,5.503895796164118,19.814024866190824,0,0,0.2942897071806,0.3354565114334958,0.877281222386201,-0.0411668042528957,1.3330786570912094,1.4407707361798614,0.9252538341896568,-0.1076920790886519,0.8631444910723342,36.74762065184952,32.829432377529194,3.918188274320329,-0.1006521239486656,0.7503326501403448,0.0443126868744538,1.215272570107875,-0.0218879969864096,0.9228690264472658,0.1537238863636653,1.6578477601959989,-0.1984474674132465,0.5991740259281276,-0.0164806635531017,0.9526470841085476,-0.031178179869708,0.8960171277104221,-0.0989891380164406,0.693137452430498,0.1537238863636653,-0.1984474674132465,1.6578477601959989,0.5991740259281276,0.3521713537769118,0.000157982993785,0.0002318150647993,0.6814750334341956,-7.383207101432186e-05,5.061296180105521e-05,6.575316689086795e-05,0.7696247640422479,-1.514020508981274e-05,1.930945136721043e-05,4.638953269230001e-05,0.4161561603488913,-2.708008132508958e-05,6.001755881995984e-06,7.335869601139668e-06,0.8170245604502492,-1.334113719143684e-06,1.0120577053303426e-06,1.132316605621443e-06,0.8859695292442704,-1.2025890029110037e-07,6.941255190197281e-07,7.010827735640538e-07,0.9761529104982626,-6.957254544325655e-09,0.0563598923755952,Train35.csv,Normal,1.119349863198023,1.6358275155889168,1.2267889686161886,0.9505559440791816,1.4313082421025527,1.2710574760947624,0.1467501404029857,0.044853477108275,0.0958018087556303,0.5951140319988952,0.6566765326244601,0.6258952823116777,-0.1987201170384656,-0.1096084772980621,-0.1541642971682638,0.3192650808890989,1.0407134835900216,2.788742674391955,-0.0418655142803343,0.7362866997018632,-1.063257435335548e-05,0.7841381914411075,-1.57259118034843e-05,0.7028901803291346,-4.522923074570272e-05,0.4242616717289018,-1.9307319965468857e-05,0.4350952771630083,-2.066098020003243e-06,-0.2621451068444351,1.8740003780266565,0.8472672214164892,0.9628247488984951,-0.11555752748200587,0.6370966811663813,-0.028935742464892045
212,3.145083312093782,11.322299923537615,1,0,0.2463232400883465,0.2254920316081124,1.0923810806433565,0.020831208480234,1.3847936703407069,1.4797619310929266,0.9358219264092724,-0.0949682607522197,1.0239035028857422,35.25747291623742,20.22539822110084,15.032074695136584,0.1658817613186507,1.974877157490876,0.0770119652828233,1.4075369260502797,-0.0546676760759679,0.7973045887520208,0.0860592324172975,1.477520930512086,-0.095537256417262,0.7150138272231268,0.0511262368749513,1.2516851896216987,-0.0541865447140024,0.7838481523437051,0.0116731462543535,1.081727417073494,0.1658817613186507,-0.095537256417262,1.974877157490876,0.7150138272231268,0.2614190177359128,0.0001077024635513,7.725126848875042e-05,1.394003304087409,3.0451195062552072e-05,5.761308166880492e-05,5.234362925727328e-05,1.1004601301981556,5.269452411531645e-06,1.9372671502769707e-05,1.864718702612537e-05,1.0383490006099232,7.254844766443364e-07,2.897058608627337e-06,3.2761067394068984e-06,0.8816081881595303,-3.7904813077956083e-07,3.838085959277312e-07,4.048256405977138e-07,0.925228718684576,-2.1017044669982613e-08,3.4226704501331905e-07,3.655830096462356e-07,0.9112953361114574,-2.3315964632916568e-08,0.0,Train36.csv,Normal,1.7432276246616292,2.080446713578434,1.4366379839616792,1.4271750876372955,1.7585423487700569,1.6480865950591364,0.1702909733265694,0.0787784609741302,0.1245347171503498,0.7115983236017532,0.7264683812085005,0.7190333524051269,-0.0947944320488592,-0.0694932547945919,-0.0821438434217256,0.4469700270717343,1.3688483899766806,-14.905702983520428,-0.2373922954568543,1.3966529034708388,1.276944963542389e-05,1.4338166439952662,2.239004852417888e-05,0.8237150039562979,-2.407136011349426e-06,0.8521536342774473,-2.177738886637469e-07,0.0,0.0,0.40624232030032853,4.803702324439543,1.0390869196796324,1.3932395574310588,-0.35415263775142636,1.0365617607430038,0.017158978975710414
751,11.141309280105803,40.10871340838089,0,0,0.3871067357382315,0.2850761415360818,1.3579064178198563,0.1020305942021496,1.4066048588319904,1.5193715695004473,0.9257806831522192,-0.1127667106684569,1.3524200105901758,38.63964873625149,37.174993035163766,1.4646557010877217,-0.0024379564930181,0.9838684378972417,0.0956033754783705,1.5102931626519998,0.0084771145690306,1.0326825329800284,0.0429015663718846,1.1889828705015186,0.220288575466761,1.5437388710457438,-0.050368349073856,0.8768603413798426,0.320915201589686,2.212840192018126,0.0308138839834743,1.114885591283291,0.320915201589686,-0.050368349073856,2.212840192018126,0.8768603413798426,0.3712835506635421,0.0003788543307182,0.0001381003776868,2.7431271788805605,0.0002407539530313,5.739422507561087e-05,3.6017904466389775e-05,1.5930492190894314,2.1376320609221097e-05,8.276857932484125e-05,4.189723540679067e-05,1.9750426989853256,4.087134391805058e-05,7.832913156678338e-05,7.454996650712337e-05,1.050552129195229,3.7791650596600095e-06,2.341327688532362e-06,2.365961841121759e-06,0.9854231023453452,-2.4634152589397242e-08,9.77232075385212e-07,1.3476559116493171e-06,0.7197936288569937,-3.704238362641053e-07,0.0232830626101765,Train37.csv,Normal,1.039398949969091,2.2437929781707378,1.5597497249983188,1.5432891824907558,1.9017713515845285,1.7822772952199373,0.3210587041941156,0.2236215313080276,0.2723401177510716,0.8747338244939348,0.935421702096902,0.9050777632954184,-0.051062110387772,-0.009018299573277,-0.0300402049805245,0.431710790807909,1.3690591536768029,-99.8490340998751,-0.8503676417923689,1.9149685197016448,4.177524565663806e-05,1.2618125628294978,5.466519045761481e-06,1.8327479727444729,2.204040223225462e-05,3.225722160930093,0.0002239909872728,1.4905731135971774,1.191465672073988e-05,0.15855975365630628,0.6015798411968641,1.4015287082270866,1.1756147111764232,0.2259139970506634,2.106760898834688,0.18699636468190364
0,0.0,0.0,1,1,0.0766249928344128,0.0583235271370184,1.313791937111069,0.0183014656973944,1.281957707106016,1.3666333282835588,0.9380407101118342,-0.0846756211775427,1.0282554951411538,24.79595763738804,31.4450538395916,-6.649096202203555,0.0089259761696909,1.1320913913908977,0.0027502867709526,1.0458386652750788,0.0467605707811431,2.192648038545927,0.0407546286829589,1.835397470557628,-0.0121802714517308,0.8306971235459645,0.0078760660149916,1.1703101540680858,0.0223661639131793,1.317829087007424,0.0281778176488074,1.5266136658100429,0.0467605707811431,-0.0121802714517308,2.192648038545927,0.8306971235459645,0.0589408422328739,1.0217038126468451e-06,1.0539277829372563e-06,0.9603131237217618,-3.2223970290411183e-08,9.957091818299209e-08,1.2918114417955258e-07,0.715405227985044,-2.961022599656046e-08,7.852927557625908e-07,8.985950922022579e-07,0.8642934157383503,-1.1330233643966713e-07,3.0952370926885545e-07,3.465439023328961e-07,0.8681222908136034,-3.702019306404068e-08,1.7490226400174117e-07,1.9629041622137425e-07,0.847844835477234,-2.138815221963308e-08,2.3227826147457642e-07,2.994644060465306e-07,0.750581510946533,-6.718614457195423e-08,0.0,Train38.csv,Normal,0.7885487414329896,1.1994244179183295,0.9928246985847884,0.9724015725922216,1.096124558251559,1.05488356303178,0.0057741416666857,-0.0001477227190658,0.0028132094738099,0.7558009096741619,0.8977583456491246,0.8267796276616433,-0.0078145238247509,-0.0025175508453575,-0.0051660373350542,0.1160896853322703,0.4436235082441676,-50.86095293197479,-0.1958106813572628,1.0,0.0,1.0,0.0,1.0,0.0,1.0,0.0,1.0,0.0,0.45753664243485986,1.9156248208603197,1.338250968961851,1.4568593650706347,-0.11860839610878382,1.0,0.0183014656973944
427,6.334672520113419,22.80482107240831,0,0,0.1409531364389112,0.1370627826063936,1.0283836609377246,0.0038903538325175,1.4340932202381629,1.540489784695733,0.9309332818536554,-0.1063965644575704,1.0064543776318426,18.59685947585097,20.098095501624208,-1.5012360257732382,-0.0306279392703649,0.8352774398982256,0.0075139779527823,1.060288010639026,0.0235534529038515,1.185254074410767,0.0267923705916773,1.187272629641889,-0.0205184228440045,0.8764969260338846,0.0161308548431042,1.1308223225882184,0.0041844129298333,1.0322538412110964,0.0223845969739461,1.3577686733986565,0.0267923705916773,-0.0306279392703649,1.3577686733986565,0.8352774398982256,0.0574203098620423,1.5402833185939732e-05,2.323251217751756e-05,0.662700876234836,-7.829678991577826e-06,3.672847881467517e-06,1.2256752283921691e-05,0.2994148570426095,-8.583904402454175e-06,4.696741944432095e-06,4.610850433948297e-06,1.016423710649936,8.589151048379833e-08,6.473425907871099e-05,5.40777736949603e-05,1.1968371899312005,1.065648538375069e-05,4.913433835120121e-07,4.6221501162469773e-07,1.040507759000506,2.9128371887314413e-08,2.9556256687928026e-07,3.526095905603572e-07,0.8150985924628577,-5.70470236810769e-08,0.0081083808153664,Train39.csv,Normal,0.925304562568878,1.1308486038922214,1.062401175164461,1.060832601790538,1.0966248895283413,1.0846941269490735,0.0154139069240897,0.0086091735901152,0.0120115402571025,0.7828332375840659,0.8020247937289194,0.7924290156564926,-0.0378947154325938,-0.0173134002481148,-0.0276040578403543,0.1223932537734962,0.3480153663081555,104.8051534602979,-0.3105745799477688,0.2695340243442911,-8.712262964867908e-06,1.0291705419896735,8.963795019927698e-08,0.7061463865595956,-4.794569401070429e-06,0.4563322510325038,-2.637330289513089e-06,0.5216766359665775,-2.654255902105579e-07,0.01870147121868705,0.677581304369468,1.173614945732657,1.0269398416493394,0.14667510408331763,0.7305497265272577,0.0027471593012705067
723,10.725920918131152,38.61331530527215,0,0,0.4049851431989638,0.2867919812113554,1.4121215222516594,0.1181931619876083,1.4763556460401157,1.5803565708611138,0.934191475467942,-0.1040009248209981,1.1341715932349663,26.36902559573614,20.309635725137163,6.059389870598977,-0.0102542761801038,0.9445989457990938,-0.031028360833388,0.8751568263257336,-0.0004318474805036,0.9985491937921064,0.0233624525389525,1.0881371355060407,-0.0157040570706299,0.9333096925476718,-0.0060888823675149,0.978114072759652,0.2064080086862985,1.6377781822279815,0.4051988362397812,1.995997917687342,0.4051988362397812,-0.031028360833388,1.995997917687342,0.8751568263257336,0.4362271970731692,0.0002480479020786,0.0001031600943473,2.404261657875093,0.0001448878077312,2.107704775350492e-05,1.3172494008554016e-05,1.5988664769980694,7.904553744950902e-06,7.255270476057059e-05,6.576753675200768e-05,1.1030012424166389,6.78516800856291e-06,6.82092387229849e-05,6.680269534461449e-05,1.0209023655035492,1.4065433783704088e-06,3.1724157050049594e-06,2.625059361509627e-06,1.2039257070806484,5.473563434953323e-07,1.1785670733413733e-06,8.987229616454759e-07,1.2969487105369004,2.7984411169589737e-07,0.0238768325993835,Train40.csv,Normal,1.298350494298417,1.999501517132574,1.6470275459240566,1.0480600496562895,1.823264531528316,1.5648630375709736,0.4039461754638193,0.2055199733599432,0.3047330744118812,0.8644428363750799,0.9148369879593148,0.8896399121671973,-0.0328148179971702,-0.0147551076127697,-0.02378496280497,0.3905984547564865,1.1350586807574945,-108.2203927890215,-0.7468425663792955,1.1110182902448498,7.257624254238662e-06,1.562765750717481,6.108317513450226e-06,1.2322376985527936,1.720788999168353e-06,1.321190214587812,1.0313891737438476e-05,2.715708190150506,0.0001033168794334,0.1981792485335699,0.6790549469760822,1.5372967242249918,0.939434988638978,0.5978617355860137,1.3720645546193622,0.14564206991228798
1109,16.452346193924548,59.228446298128375,0,0,0.5437910269497681,0.4342095554621651,1.2523699849195318,0.109581471487603,1.4638275923027873,1.5950092358900063,0.9177549259195544,-0.1311816435872193,1.1935065961228193,19.32573798292647,21.013186467428625,-1.6874484845021556,-0.0987877933709821,0.7312598471591035,-0.0004724946050086,0.998551071817695,0.0444607387765118,1.1089556361772672,0.0334831236353512,1.0687395684802357,0.2270839651849167,1.4695832165466736,-0.06398830450627,0.8917969339137417,-0.0107160883398516,0.9706867490498324,0.5139368310737558,2.345821831611042,0.5139368310737558,-0.0987877933709821,2.345821831611042,0.7312598471591035,0.612724624444738,0.000594932613118,0.0002816785491072,2.112022710911124,0.0003132540640108,0.0001763104084339,5.5753924536312e-05,3.161728839926309,0.0001205564838976,0.0001112142339918,9.719896510751864e-05,1.1440738399886727,1.4015268884365112e-05,0.0001770090305164,0.0001985607322265,0.8914155098871949,-2.155170171014623e-05,9.419018648133668e-06,8.672695456264157e-06,1.0848035262296674,7.463231918695114e-07,1.6843012603606269e-06,1.6170068609830176e-06,1.0352146021947275,6.729439937760928e-08,0.1684720233006338,Train41.csv,Normal,0.9196957350416732,2.35451542673516,1.4791373892809068,1.0931013181454767,1.9168264080080333,1.6422513780538477,0.5133710259038213,0.2296099702682881,0.3714904980860547,0.7146919295306324,0.8907453921772588,0.8027186608539456,-0.1032046113041589,-0.0644910043761475,-0.0838478078401532,0.4840370244282206,1.6398234972045274,-94.82422310058004,-0.1871889855593487,0.9207387379096076,-1.7069155102749067e-05,1.111658423406065,8.37854915448181e-06,1.940851214355232,2.675455071902089e-05,3.8606265431519935,0.0002203148595856,2.022060272910497,0.0001209697258879,0.07809378207511716,0.38753538692737516,1.4027685048582057,0.9462555183846885,0.45651298647351723,2.304378726971097,0.2126813320075475
620,9.197885158010116,33.11238656883642,0,0,0.2613203081393114,0.2421422260405895,1.0792016808480578,0.0191780820987218,1.4511857691532244,1.5672633392932849,0.925936135626216,-0.1160775701400604,0.9815551490540906,24.307427304184632,24.45572907336941,-0.1483017691847798,-0.0045099175755335,0.9775585317372896,0.0126245126567494,1.069973967396218,0.247305230159775,1.829758853376576,-0.244408128672614,0.4943711382813363,0.0375701417905692,1.294193066594321,-0.081281042702461,0.5452347114684882,0.1229688074292974,2.0460295896455176,0.0382746346918377,1.3558196877650113,0.247305230159775,-0.244408128672614,2.0460295896455176,0.4943711382813363,0.4917133588323891,0.0001507273527811,0.0001272551067374,1.1843572574229912,2.347224604375172e-05,1.0642250416086527e-05,9.110967688072804e-06,1.1667896192640894,1.5312827280137246e-06,2.1400084282454342e-05,1.7294035013935528e-05,1.2367106438018718,4.106049268518814e-06,1.0231107233115466e-05,8.643707075609355e-06,1.1822802810083606,1.5874001575061114e-06,1.0956173025264556e-06,1.0594587753316609e-06,1.0244595937666532,3.6158527194794686e-08,6.373578430490122e-07,6.413955397023501e-07,0.9784498115234986,-4.037696653337935e-09,0.0269103839264175,Train42.csv,Normal,0.9939359084867508,2.232956335675999,1.817471844091489,1.430288616967513,2.025214089883744,1.826905598911667,0.2425654695449311,0.1239877094229755,0.1832765894839533,0.4625589208307814,0.5023348440961437,0.4824468824634625,-0.2589641098738671,-0.0871807573955344,-0.1730724336347007,0.5710792366893304,1.7703974148452175,-3.297413863025639,0.2103152303950008,1.271894623295136,4.62962708352241e-06,1.0839040551660326,5.621359150798236e-07,1.2579266343987074,2.8996015663623947e-06,1.1146895173911355,6.908650517365861e-06,0.9559959917435495,-2.0415568069328936e-06,0.0437284632283724,0.5958434960531549,1.3156946629596724,1.2924304508366946,0.0232642121229778,1.1521734023186252,0.024124620268667213
874,12.966051013065872,46.67778364703714,0,0,0.6994449876155132,0.7095992381675797,0.985690147532867,-0.0101542505520665,1.3889156298972962,1.647910315584236,0.8428344724430815,-0.2589946856869398,1.1292232147269774,21.11128414197248,25.16334243062049,-4.052058288648013,-0.0225959151479892,0.8344488828712409,-0.073810776852366,0.8659907682517474,0.0860035482476848,1.2001603118344546,-0.0167127412085585,0.9634580006591712,0.0182197669494061,1.0154108701254765,-0.0281591579735398,0.9415104743512508,0.0449033684904773,1.0402326317942567,-0.1936269449045541,0.707181360188093,0.0860035482476848,-0.1936269449045541,1.2001603118344546,0.707181360188093,0.279630493152239,0.0012195527098155,0.0015739077440459,0.7748516175188297,-0.0003543550342303,0.0002158346108011,0.0001797676712203,1.200564059685172,3.6066939580709314e-05,0.0001026684357985,9.157197029937186e-05,1.1210551101156585,1.1096465499199398e-05,0.0001278999466747,0.0001054735797403,1.212510487315409,2.242636693439707e-05,1.1310577485436285e-05,1.073160671285601e-05,1.052968870280766,5.789707725802745e-07,2.8247482115944104e-06,3.3749969645180185e-06,0.8344906188111219,-5.502487529236082e-07,0.1327723610142055,Train43.csv,Side II,0.8389697907497821,1.1886749529495273,1.0390274403108273,1.0162292980078182,1.1138511966301774,1.0813105637560578,0.0809648253759789,0.0434974516870843,0.0622311385315316,0.7000829726979443,0.7180463065370392,0.7090646396174918,-0.1979594512293066,-0.0743554537759406,-0.1361574525026236,0.1535805530129284,0.488591980251583,29.601665158059618,0.6282164289251089,1.2148625504428334,3.151616047045912e-05,1.0529258155963093,2.819715251176281e-06,1.1704161202358323,1.3007187097127985e-05,1.5945032627171742,0.0001918303335109,0.8079080754788727,-0.0001418922280968,-0.011651113433402775,0.8025518820268691,0.8963081554445335,0.9668666543191476,-0.07055849887461418,1.2726150661831053,-0.01188469853505223
866,12.84736862393026,46.25052704614894,0,0,0.4941684975132496,0.4939022153445502,1.0005391191920905,0.0002662821686994,1.4542170471372744,1.5279320723422247,0.9517550314854638,-0.0737150252049503,1.091889215764271,23.30260920607986,22.59174632208373,0.7108628839961355,0.0880747591959679,1.1420682516229186,0.1088402757003283,1.4355793412903204,-0.0925143847535414,0.9158395664056356,0.0595553697334377,1.221771475905124,-0.0698380751241254,0.7922161199524652,0.0110434954580792,1.0475846289677446,0.0321472567244187,1.1908351530925825,0.0090464548392483,1.053083968941856,0.1088402757003283,-0.0925143847535414,1.4355793412903204,0.7922161199524652,0.2013546604538698,0.0004657443850038,0.000479795558914,0.9706940162552776,-1.4051173910162157e-05,0.0001124548780306,0.0001033566189152,1.0879225731739417,9.09825911532162e-06,8.766671108129016e-05,7.725358272937928e-05,1.1346446538513302,1.0413128351910883e-05,8.678922484227209e-05,0.0001040064735287,0.8343796121702166,-1.721724868652593e-05,5.761638351965598e-06,5.672736196862914e-06,1.0138845359646012,8.89021551026837e-08,1.913186821405457e-06,1.732573181668512e-06,1.0979090241556355,1.806136397369454e-07,0.1315570533619016,Train44.csv,Normal,1.03146560091225,1.451234253580655,1.1920421686919638,1.1568038922585846,1.3216382111363094,1.2666934381770678,0.1101339449202628,0.0869409434078807,0.0985374441640718,0.7917415048749109,0.9133287739442076,0.8525351394095593,-0.0952528039171696,-0.0685723484106764,-0.081912576163923,0.1868568677205632,0.6594927487057441,-3.7190628809232464,-0.0341223215403596,0.9267539969103348,-1.0227494569694843e-05,1.091115415993926,2.9695288819801808e-06,1.129934092074676,9.975037923694131e-06,0.9442448018837648,-9.491313330305394e-06,1.1574336992373144,3.061888854569644e-05,0.0003112065448263146,0.5775395003888452,1.0971679170007278,1.1644957197729582,-0.06732780277223038,1.0550981033174558,0.0003008813005250323
1176,17.446311202935316,62.80672033056714,0,0,0.4344080118286703,0.4638410821897192,0.936544905450054,-0.0294330703610488,1.5091210018673702,1.6349482462796798,0.9230389989842068,-0.1258272444123096,0.9563572349256196,18.19810877877749,19.95718198941457,-1.7590732106370837,0.000542241193154,1.0025451160070915,-0.2115613422969364,0.5903755593443297,0.1045417355445056,1.1566638639295848,-0.1561008439471212,0.8109895466694904,0.0764532381032811,1.2601761407452523,-0.0458935563307822,0.8580351590263625,0.0460702580619584,1.1880752260775924,-0.0082881064774532,0.9527880014453944,0.1045417355445056,-0.2115613422969364,1.2601761407452523,0.5903755593443297,0.316103077841442,0.0005481310360638,0.000585517822938,0.9361314946801068,-3.738678687426587e-05,3.411016820353745e-05,3.133952837046923e-05,1.0880600116354129,2.770639833068224e-06,3.147927290484266e-05,3.197019963457727e-05,0.9843363476320204,-4.909267297346085e-07,0.0001066909133444,0.0001470354380787,0.7255642523729392,-4.03445247342926e-05,7.701398240960956e-06,9.384820711483454e-06,0.8197493573823503,-1.6834224705224976e-06,1.4332031708939352e-06,1.867635715384556e-06,0.7633020394482661,-4.3443254449062004e-07,0.0279140978800339,Train45.csv,Normal,0.9118576349762864,1.2791894854965655,1.172370030493402,1.151208180979689,1.2257797579949838,1.2009225656565523,0.1008003016039336,0.0799995584590816,0.0903999300315076,0.5825748332936265,0.8047728020125863,0.6936738176531063,-0.2142412410524888,-0.1610747809316688,-0.1876580109920788,0.2150257723835243,0.6966146522029393,-22.12221855953942,0.1078318688069481,0.7239593495512247,-4.128938511429999e-05,1.0246882144683345,6.500859667239828e-07,0.90498485760698,-1.4487097033161554e-06,1.2709335067262677,1.0129868825815075e-05,0.9243529873076524,-2.17990967827072e-05,-0.018653629464051,0.27531229292309384,0.9996327955164498,0.9165281797603354,0.08310461575611439,1.0668688596005274,-0.02663648298962997
865,12.832533325288308,46.19711997103791,0,0,0.5066126701926501,0.5055293521856682,1.002142918073637,0.0010833180069819,1.4265818737086504,1.554917520221475,0.9174646539006188,-0.1283356465128242,1.0762320080058634,17.187758808495232,20.49006393642704,-3.3023051279318096,0.2177636932923284,1.4276740766869556,0.0166176624032745,1.040878518424632,-0.1071847845448688,0.9026447518274726,0.0616645766966669,1.2195218656805635,-0.1300172815934872,0.6946169142313704,-9.673987541317096e-05,0.9996097334934482,0.0042308518269786,1.0178346856226772,0.0104056469633063,1.0601471380634286,0.2177636932923284,-0.1300172815934872,1.4276740766869556,0.6946169142313704,0.3477809748858156,0.0006638687732755,0.000465832984714,1.4250912755142051,0.0001980357885614,7.715155055815069e-05,6.794814658763668e-05,1.1352803811189656,9.203403970514007e-06,8.9422136703156e-05,4.982908749151926e-05,1.7942169731412576,3.959304921163674e-05,9.78953400870688e-05,9.545165466585204e-05,1.0254938533145637,2.443685421216763e-06,6.015278650325671e-06,5.557534980050498e-06,1.080420450321286,4.577436702751723e-07,2.2887079502671216e-06,1.6274621777320715e-06,1.397716528290774,6.612457725350499e-07,0.1314051399053636,Train46.csv,Normal,0.8388338295787675,1.4302436598052786,1.1924938323908236,1.040883237336616,1.3113687460980512,1.2212069098442395,0.2176252614144499,0.0536206147131902,0.1356229380638201,0.691161513793479,0.9003260285056227,0.7957437711495509,-0.1298668841065403,-0.1097165510998074,-0.1197917176031738,0.2006691589133284,0.7390821460117996,-18.71545614913765,-0.2442976023554353,1.386676859049961,3.780613860441841e-05,0.9998663480120896,5.642825564863634e-09,1.238433851005413,1.0413153903132368e-05,1.1768779394623228,2.971012384403072e-05,1.6905358191085071,0.0001237994754451,0.0012690132821664612,0.5934528949439233,1.0258638523931847,1.1237324489796867,-0.09786859658650204,1.1383927128266085,0.0013416176912501034
1313,19.478747116882715,70.12348962077778,0,0,0.7293193847378037,0.7232289947519016,1.008421094765124,0.006090389985902,1.5028076816385612,1.7756343228148024,0.8463497544881631,-0.2728266411762412,0.943031367097676,18.390135748773364,25.149803873580936,-6.759668124807572,-0.0871392771636283,0.8684970381930716,-0.312584647344642,0.6174509883198097,0.1211249429261071,1.200183781350216,-0.3122106642310519,0.6697392998667867,0.1920877490694835,1.34298532892646,-0.3230650833392813,0.6944110510739839,0.574046484869956,2.326945197483525,0.3428536181370368,1.7676365334677393,0.574046484869956,-0.3230650833392813,2.326945197483525,0.6174509883198097,0.8971115682092373,0.0006152062027849,0.0005339760771148,1.1521015793313996,8.123012567014319e-05,0.0001613642242553,0.0001595147755426,1.0115308027008545,1.8494487126808376e-06,0.0003337054063927,0.0003420245738338,0.9756481710380792,-8.31916744106439e-06,0.0004296001068683,0.0004735408224589,0.907189020679278,-4.3940715590544735e-05,3.400614710365724e-05,3.6284060256126606e-05,0.93696177456246,-2.277913152469369e-06,6.107579591970923e-06,9.508981463457568e-06,0.6416211246357942,-3.401401871486645e-06,0.0498655924915638,Train47.csv,Normal,0.731223823211575,2.340870540626917,1.7681667463135855,1.348526731673305,2.054518643470251,1.8191880062046024,0.5746551490102226,0.3415816684977372,0.4581184087539799,0.6149591624085031,0.6643243844798956,0.6396417734441994,-0.3234840813166663,-0.3170745928990065,-0.3202793371078364,0.5747327702454545,1.7259113782184137,-27.05295654126479,-0.1546676227263042,0.9010180498586392,-4.92640498713477e-05,0.9820603015492892,-5.4073611354432975e-06,1.1553250730187146,1.572401881440354e-05,0.9431091137106796,-5.300584876912588e-06,1.1389085838961113,5.392820027021986e-05,0.003096407217161821,0.37079231572125665,1.5963309273417494,0.8953772692876991,0.7009536580540503,1.0268314960928946,0.007036380255174676
4,0.0593411945678072,0.2136283004441059,1,0,0.1169718765338535,0.1794072822063688,0.6519906470652431,-0.0624354056725152,1.372852538404662,1.4833687011156658,0.9254964919491372,-0.1105161627110038,0.8313252897890551,40.11052989787112,44.43733466772193,-4.32680476985081,0.0054299765716128,1.0740414555849511,-0.2687533587958388,0.3877470051624367,0.0258441346586001,1.2472824943218614,0.0374997071537258,1.5168224487618631,-0.016820611734472,0.7699330238022888,0.0089784984248608,1.0689636897014063,0.0177050393538023,1.2275156587316969,-0.0057770269386435,0.9526644574045828,0.0374997071537258,-0.2687533587958388,1.5168224487618631,0.3877470051624367,0.3062530659495647,1.5602295240421114e-05,1.7024722483017624e-05,0.915911324999598,-1.42242724259651e-06,2.3826297770332293e-06,2.552912418919584e-06,0.9296571195505954,-1.7028264188635466e-07,1.170434307441572e-05,6.993219593932363e-05,0.1673430883492633,-5.822785286490791e-05,2.549452367647243e-07,3.192699493398591e-07,0.7742742308426697,-6.432471257513487e-08,2.679986896968369e-07,3.00435609271157e-07,0.8632988023701473,-3.243691957432014e-08,2.486633883803662e-07,3.129066372160679e-07,0.7700782818346871,-6.42432488357017e-08,0.0,Train48.csv,Normal,0.9026313164092624,1.09227554769326,1.0607518610909488,1.001837938161886,1.0765137043921045,1.051621782315365,0.0076028445168254,0.0057690657892055,0.0066859551530155,0.3664646178669874,0.6659545750259248,0.5162095964464561,-0.2757828806616064,-0.0268148493114082,-0.1512988649865073,0.2235256779796894,0.7258109298262725,-80.74118362961832,1.4133392784166716,1.0,0.0,1.0,0.0,1.0,0.0,1.0,0.0,1.0,0.0,-1.5608851418128797,2.9242969133463372,1.0830479352792288,0.9030236516897497,0.18002428358947908,1.0,-0.0624354056725152
0,0.0,0.0,1,1,0.0766726046374524,0.0599231394257611,1.2795156024374543,0.0167494652116912,1.4738066446248994,1.5944462763179752,0.9243375943559274,-0.1206396316930757,0.8991322954769917,18.75417832484919,18.191775323199582,0.5624030016496029,0.0078540826656478,1.1077131117617809,0.0008061994972994,1.0119681921490875,0.0467788363029579,2.187434101882209,0.0451707119277316,1.9691824406321785,-0.0151801497393361,0.7962313636167628,0.0014877913414008,1.0332896565598055,0.0222621948196071,1.3370353567073243,0.0240887995332012,1.423354531475966,0.0467788363029579,-0.0151801497393361,2.187434101882209,0.7962313636167628,0.061958986042294,9.085233297859352e-07,1.1162363242114102e-06,0.806689777495929,-2.077129944254749e-07,7.151182129209171e-08,1.1938080314474782e-07,0.5527235845961335,-4.786898185265612e-08,6.543083289505681e-07,9.60074234161831e-07,0.6744930500250914,-3.057659052112629e-07,3.04323771998735e-07,2.7334778855368296e-07,1.074029105898873,3.0975983445052045e-08,1.961414101594085e-07,2.351405036632248e-07,0.8001183289925377,-3.899909350381629e-08,2.751684842522509e-07,3.547303817788814e-07,0.7544435506309765,-7.956189752663051e-08,0.0,Train49.csv,Normal,1.0309152340191463,1.1295631244054178,0.9359030468079648,0.9207092477712452,1.0327330856066914,0.9953918063282092,0.0036747402071208,-0.0017231900504543,0.0009757750783332,0.7018338101838988,0.73433095199212,0.7180823810880094,-0.0101655673771894,-0.0079360411077156,-0.0090508042424525,0.1323702392069181,0.427729314221519,24.52690013229688,0.0058884664524692,1.0,0.0,1.0,0.0,1.0,0.0,1.0,0.0,1.0,0.0,0.4187366302922799,1.9168151159363096,1.2645598482476987,1.435705135264359,-0.17114528701666032,1.0,0.0167494652116912
127,1.8840829275278788,6.782698539100363,1,0,0.0897366673414042,0.0799262042052346,1.1227438736304742,0.0098104631361695,1.366151352176767,1.528426746769494,0.8938284717445574,-0.1622753945927268,0.8598014748516254,20.20439354330665,18.863458488868787,1.3409350544378675,0.0130647698555204,1.2131196521380667,-0.0075220065568448,0.9249594522741112,0.0267638805618221,1.4589946414829578,0.033454079460621,1.5376714251339334,0.0003505504841085,1.003507645255181,-0.0147057435438983,0.8615897318425026,0.0209584010322617,1.2801769768869675,0.0231582134231778,1.4121712334462573,0.033454079460621,-0.0147057435438983,1.5376714251339334,0.8615897318425026,0.0481598230045193,5.403197361093427e-06,5.335561041441992e-06,1.0107820898881528,6.76363196514354e-08,1.6659973591443895e-06,2.858121697938575e-06,0.580867039338604,-1.1921243387941853e-06,1.2306701591580936e-06,1.2157208063439563e-06,1.0040379120502163,1.4949352814137093e-08,2.858728334847292e-06,3.2969325575235388e-06,0.8644652665635573,-4.382042226762467e-07,2.983055995001859e-07,3.254038842920057e-07,0.8893922028657198,-2.7098284791819733e-08,3.1437914637466026e-07,4.035156111332471e-07,0.7602594386052283,-8.913646475858677e-08,0.0,Train50.csv,Normal,1.0710863834708932,1.1425817974371644,1.002658604558921,0.9972921586048782,1.0726202009980428,1.0475108535336546,0.0105974328700326,5.5912743029410544e-05,0.005326672806531,0.7056911168926532,0.821595493059012,0.7636433049758327,-0.0179465484667771,-0.0157778007585554,-0.0168621746126662,0.1262754914140051,0.4368906805445112,-7.032303648275445,-0.1741190224893678,1.0,0.0,1.0,0.0,1.0,0.0,1.0,0.0,1.0,0.0,0.24526157840423743,2.243416683535105,1.1846459807252425,1.1990245819650454,-0.014378601239802835,1.0,0.0098104631361695
87,1.2906709818498068,4.646415534659305,1,0,0.0786668879018332,0.0626550219658063,1.2555557859225936,0.0160118659360268,1.4461311195170217,1.5951196435159996,0.9065972676904996,-0.1489885239989778,0.9675881550383766,21.62669572308877,21.72894668033379,-0.102250957245026,0.0096235891187453,1.1370305062970023,0.0017527643334222,1.0262480322597336,0.0411640144042974,1.8814170155708752,0.0389449380129637,1.7099802401314907,-0.0166348875865572,0.7916167841640854,0.0027321938064773,1.0521117577986183,0.0212971551163008,1.3160086562547273,0.0275313636382424,1.4897177182633323,0.0411640144042974,-0.0166348875865572,1.8814170155708752,0.7916167841640854,0.0577989019908546,1.1550778847571329e-06,1.3221200908351131e-06,0.8670974131416398,-1.6704220607798045e-07,1.0710753065370689e-07,1.8968219152003426e-07,0.536389999720935,-8.257466086632737e-08,8.741348782414962e-07,1.2094317275842605e-06,0.716837899546201,-3.3529684934276405e-07,1.8064613703774968e-06,2.155753767705465e-06,0.8341028409205425,-3.49292397327968e-07,2.7076033683785865e-07,2.767637198579162e-07,0.9441931391182022,-6.003383020057545e-09,3.084022840347493e-07,3.6135374493715627e-07,0.8304811469908291,-5.295146090240694e-08,0.0,Train51.csv,Normal,0.995294251088088,1.1448086864688405,0.988363568477138,0.9544536428853672,1.066586127472989,1.0292086326104484,0.0038838177765154,-0.0003813917636051,0.0017512130064551,0.7488621548112334,0.7556585468376616,0.7522603508244475,-0.0110928711336818,-0.0069065010306135,-0.0089996860821476,0.1216188746529127,0.3959465316576068,22.32493690722424,0.1777033860888979,1.0,0.0,1.0,0.0,1.0,0.0,1.0,0.0,1.0,0.0,0.40029664840067,1.9666721975458294,1.2859460441055592,1.3482318513758704,-0.06228580727031119,1.0,0.0160118659360268
87,1.2906709818498068,4.646415534659305,1,0,0.1839742661288718,0.1797634656109979,1.0234240604414322,0.0042108005178739,1.402896314994365,1.5091725591965384,0.929579786717994,-0.1062762442021734,0.9224306849115188,31.008020294236623,30.562586434086747,0.4454338601498762,0.0182308554419199,1.2315526583902168,0.0760077882095327,1.5093786242533556,-0.0446565741230277,0.8056317097800424,0.0451806856355255,1.2672140762589297,-0.0486903388922398,0.7358814720344385,0.069567544636597,1.3591874851536634,-0.0244711361794299,0.858914375248063,-0.073570447694527,0.6610007230334969,0.0760077882095327,-0.073570447694527,1.5093786242533556,0.6610007230334969,0.1495782359040598,5.558491919070169e-05,6.141584746271394e-05,0.9049109045576008,-5.83092827201226e-06,2.6691273751512174e-05,2.679171882737228e-05,0.9958791793701188,-1.0044507586010444e-07,7.927574683717013e-06,5.949177409791529e-06,1.330313588363926,1.9783972739254844e-06,6.661739351997163e-07,8.671334974848312e-07,0.7594897893079688,-2.009595622851149e-07,2.258128724222347e-07,2.831690141322589e-07,0.7702480874065448,-5.7356141710024133e-08,2.980771925164336e-07,3.419088065732352e-07,0.8470296478766899,-4.3831614056801633e-08,0.0,Train52.csv,Normal,1.0145744814812967,1.5755671160697975,1.3988658057675207,1.3667727015235585,1.4872164609186591,1.4470685411202922,0.0793357958019721,0.0697615435099641,0.0745486696559681,0.568166069195184,0.7264244447388973,0.6472952569670407,-0.091625473890048,-0.0622769184111461,-0.076951196150597,0.3619103443325596,1.0074010468746135,4.380169613467032,0.1510958424626816,1.0,0.0,1.0,0.0,1.0,0.0,1.0,0.0,1.0,0.0,0.10527001294684747,4.599356653221794,0.9597008611450745,1.1821876641412048,-0.22248680299613033,1.0,0.0042108005178739
952,14.123204307138112,50.84353550569721,0,0,0.6314195597890004,0.8759893713581307,0.7208073216710114,-0.2445698115691302,1.5935279160275375,1.7782173269628685,0.8961378808448838,-0.1846894109353309,0.9392410602861572,15.31280247793905,13.804375924487442,1.508426553451608,0.0154398055064494,1.0371010513422732,-0.0320234843384731,0.9406009355433634,0.0313381473866875,1.0495036002756586,0.1107674769601082,1.216961178384712,0.0497368471480259,1.074331550926143,-0.015998178429197,0.9759330793765564,-0.5098665265336451,0.5548945320222458,-0.9172392771429896,0.4530016286894334,0.1107674769601082,-0.9172392771429896,1.216961178384712,0.4530016286894334,1.028006754103098,0.0007301890577856,0.0016830021097798,0.433858469313767,-0.0009528130519942,0.0001930057775119,0.0007442618803656,0.2593216035746835,-0.0005512561028536,0.0001677904907078,0.0002325017107313,0.7216431816708231,-6.471122002344866e-05,9.668532059584672e-05,0.00013206259486,0.7320619444050122,-3.537727426418021e-05,1.077314896523284e-05,1.3200255290990053e-05,0.8155140629704999,-2.427106325757212e-06,2.32645132226428e-06,4.622128279166419e-06,0.5022424212057746,-2.295676956902139e-06,0.144621610624169,Train53.csv,Side II,1.1092716215937808,1.2087653662093083,1.0764273420824295,1.0417413086208094,1.142596354145869,1.1089780056375158,0.106291820595555,0.0509004270564942,0.0785961238260246,0.4507402518658983,0.5506743229862627,0.5007072874260805,-0.9206796742885844,-0.5139007914340745,-0.7172902328613295,0.2487617031501647,0.75802511434341,38.275350763272,0.5311683240529224,0.8423121261690949,-3.685663015983519e-05,0.4942317059259233,-8.995343268598083e-05,0.2222672311344791,-0.0001715215714527,0.2569357313189773,-0.0011646788491296,0.7035555460713419,-0.0001356586420267,-0.2365219074288305,0.6106418356010103,0.6612764133627452,1.009068529053765,-0.34779211569101987,0.3244782227931266,-0.05435985483655187
700,10.38470904936626,37.38495257771854,0,0,0.3487348894604462,0.386471008529805,0.9023571567852284,-0.0377361190693588,1.3847528932548374,1.4986498833221849,0.9240002614520846,-0.1138969900673474,1.1075595618164518,32.512541568747245,26.108393868063995,6.40414770068325,-0.2409719302567957,0.6841901621982269,0.0490356325044641,1.1135278674646976,0.0104479971318326,1.0315183213415358,0.0645522454300928,1.303275227268941,0.0061086462827917,1.0161605618992529,-0.0043347148675139,0.98309758809685,-0.0003423616545413,0.9983464233118752,0.0068771813554502,1.0493811638809512,0.0645522454300928,-0.2409719302567957,1.303275227268941,0.6841901621982269,0.3055241756868885,0.0002553104403203,0.0002959241007234,0.8627273426627499,-4.0613660403012006e-05,3.386591954930307e-05,5.5601038506444186e-05,0.6089783693821632,-2.1735118957141115e-05,3.869284806804324e-05,3.955568023382147e-05,0.9779396648656096,-8.628321657782277e-07,6.022074236740982e-05,6.641576959693423e-05,0.9065870479608144,-6.195027229524412e-06,4.087646239054415e-06,3.764292631485545e-06,1.083023135237274,3.233536075688704e-07,8.840105016691904e-07,1.052052269855607e-06,0.8323606349331352,-1.6804176818641662e-07,0.1063394195765948,Train54.csv,Normal,1.2452907567042626,1.2608855873872007,1.1133047815528658,1.0220542489982567,1.1870951844700333,1.1320815393127743,0.05469004316956,0.0485961682378363,0.0516431057036981,0.6796697657829033,0.9496867636786556,0.8146782647307793,-0.2437265930870397,-0.0099973293049678,-0.1268619611960038,0.1537269959924745,0.5812158216042974,15.108731451113528,-0.065275366346106,0.9011812982774736,-4.652939613454841e-06,0.7470622563002806,-3.46671971251469e-06,0.94044143296912,-4.949005265718481e-06,0.9637442190351718,-5.7986757681838166e-06,0.5208461622547436,-3.538615508277168e-05,-0.0674999691083897,0.6237947845758107,1.010275058429892,0.9430787836681533,0.06719627476173873,0.8837493027681909,-0.03548860989228113
0,0.0,0.0,1,1,0.0764875716806778,0.0601576167112384,1.2714526131129549,0.0163299549694393,1.436221235042881,1.5657217103794314,0.9172902287482044,-0.1295004753365505,0.9072847419603476,22.308259954623395,21.306225227791824,1.002034726831571,0.0059734338204517,1.0808881096730345,-0.0006379693506058,0.9906894153583646,0.0470730235564098,2.180083699625284,0.0407362552555823,1.779094434790456,-0.0156875860625763,0.778789113211398,0.0052082399130906,1.1233321935514131,0.0206910882997573,1.3063893172014869,0.0250491348643558,1.4495638721737365,0.0470730235564098,-0.0156875860625763,2.180083699625284,0.778789113211398,0.0627606096189861,9.303260548879168e-07,1.1843989808177338e-06,0.7789072745616193,-2.5407292592981704e-07,1.0136501582430825e-07,1.6177852369484214e-07,0.5900913201721262,-6.041350787053386e-08,7.162627813979093e-07,1.2455191672005443e-06,0.5704913155527322,-5.29256385802635e-07,2.523280082040085e-07,2.55599306167293e-07,0.9500326331616042,-3.271297963284509e-09,1.8668044211969498e-07,2.0067845994589658e-07,0.8860917350906949,-1.39980178262016e-08,2.969628418435771e-07,3.6679216675503033e-07,0.7881343298642566,-6.982932491145326e-08,0.0,Train55.csv,Normal,1.0470301381708014,1.016848927252373,1.0153804181920607,0.9433807477581776,1.016114672722217,0.9918700310675372,0.0004784449352087,0.0003331278289117,0.0004057863820602,0.607589814987985,0.7512334924037338,0.6794116536958594,-0.0106560694154985,-0.0076484217228928,-0.0091522455691957,0.1338431419427659,0.409259112264388,81.58244011969884,0.2952137071544305,1.0,0.0,1.0,0.0,1.0,0.0,1.0,0.0,1.0,0.0,0.40824887423598244,1.9121892920169445,1.2930951276422122,1.4172204082188944,-0.12412528057668215,1.0,0.0163299549694393
935,13.871004230224932,49.93561522880976,0,0,0.3468177097549772,0.3218224628404335,1.0776677796734753,0.0249952469145437,1.3134529980243868,1.4506516385675692,0.9054227452340762,-0.1371986405431824,1.2588100060011556,20.120572273523173,16.661835874495548,3.458736399027625,0.0376680758888016,1.2573333653950265,0.0129355678809391,1.0412881236334024,0.0898310065097007,1.2331570365247948,-0.0509547620709526,0.892353801796179,-0.0549529428339573,0.8575488505641674,0.1033568977610575,1.431214965636498,0.0711543623564157,1.2440721302380544,0.0305701807377545,1.1437700734189329,0.1033568977610575,-0.0549529428339573,1.431214965636498,0.8575488505641674,0.1583098405950148,0.0002208854678719,0.0001685515821774,1.310414063623353,5.23338856944823e-05,3.992552697281429e-05,3.262054109404841e-05,1.2235631293315097,7.304985878765882e-06,3.397095874824991e-05,2.3654122691361737e-05,1.4355469328533583,1.031683605688817e-05,0.0001113736503044,9.904290761454124e-05,1.1243854722348918,1.233074268987382e-05,5.460287288726764e-06,5.4160511880515785e-06,1.0063095793770938,4.423610067518565e-08,1.1129496567088585e-06,2.196491262034417e-06,0.5043979443103268,-1.0835416053255583e-06,0.0258252878278277,Train56.csv,Normal,1.2075843510285749,1.4365982001498212,1.2661531534207664,1.237181759521054,1.3513756767852938,1.313311037697214,0.1035786004895356,0.0845591211469907,0.0940688608182632,0.8595670987434079,0.8772856942846986,0.8684263965140533,-0.0579121282567328,-0.0533338775730799,-0.0556230029149064,0.1862155434354235,0.5770311014064133,-29.734018173862523,-0.1123954299479299,1.1833328902039442,1.976025214257585e-05,1.0263277453479804,5.096747563355511e-07,1.715290857978773,7.868985959053498e-06,1.2969564487053562,1.3785085944370284e-05,1.3196347807932771,3.643406879812137e-05,0.025059743996823872,0.34771262911459644,1.2730190564311619,1.1772595085177413,0.09575954791342056,1.3461916840107033,0.04287411852543894
378,5.607742886657781,20.187874391968013,0,0,0.2750976048592386,0.2879783793273829,0.9552716976498504,-0.0128807744681442,1.426117039194141,1.5448008542940876,0.9231720878443574,-0.1186838150999469,0.9780673830833678,29.454710851517703,30.435292947836945,-0.9805820963192388,-0.1287735577411063,0.6294147018450176,-0.0460096235702642,0.7180251257128781,0.1997430510511053,1.8742157165208104,0.0123448976425303,1.0699127551402428,-0.0594612204625839,0.7419515806668825,0.1280004827982113,1.5195339523873654,-0.1143672931585459,0.6990818908262368,-0.1264386656965623,0.6972810515428397,0.1997430510511053,-0.1287735577411063,1.8742157165208104,0.6294147018450176,0.3285166087922117,0.0001657464710621,0.0002224781020562,0.7449677961665309,-5.673163099414354e-05,4.031603418876952e-05,5.770099899159786e-05,0.6985849299652416,-1.7384964802828343e-05,2.0916757645356312e-05,2.636395920012752e-05,0.7930837189304206,-5.447201554771202e-06,5.525597918152573e-06,6.234985447032567e-06,0.8848055716091658,-7.093875288799944e-07,1.3239699468102812e-06,1.2236557118213384e-06,1.0732086222464818,1.0031423498894284e-07,5.783029893691813e-07,6.300536130288964e-07,0.9035227324669016,-5.175062365971511e-08,0.0574232865713612,Train57.csv,Normal,0.9677814139105654,1.853192278268905,1.5268536671722923,0.973504656423677,1.6900229727205986,1.451183533954958,0.1934405039563311,0.1283764922305043,0.1609084980934177,0.6034308256031405,0.6575112698611955,0.630471047732168,-0.1354264090006467,-0.1346974516206544,-0.1350619303106506,0.4402552017212944,1.2497614526657643,6.089608786418893,0.1691422674517637,0.7030164436903014,-1.138062307999546e-05,1.1396656978945718,8.197579537192415e-06,0.5160923281190466,-8.035783791885113e-05,1.4749436479748357,8.513185043244478e-06,1.0938539847273812,1.9724337825704282e-07,-0.07901340851896155,1.687507182824121,0.9719656315854807,1.0738851813595687,-0.10191954977408801,1.043567224662818,-0.006647668883240914
634,9.40557933899744,33.86008562039079,0,0,0.2356540854659667,0.3077407369309514,0.7657552268138254,-0.0720866514649846,1.4180158846682072,1.5656466122570825,0.9057062203627748,-0.1476307275888753,0.9732824383216492,18.389213973060173,21.24876887353434,-2.8595549004741656,0.0198560251426848,1.1250917591991956,0.0241279916075304,1.1547654600985569,0.0377781147663706,1.1505240620097956,-0.2486698011946699,0.5586387878567927,0.0979620525837608,1.5195908306957255,-0.3085674844604079,0.4008157713478036,0.0497169385014395,1.4367970480538903,0.096336096698774,1.8141202724442709,0.0979620525837608,-0.3085674844604079,1.8141202724442709,0.4008157713478036,0.4065295370441687,0.0001110213752486,0.0002663587492569,0.4167957973988571,-0.0001553373740082,8.318751037092618e-06,1.241974335505892e-05,0.6692616894384128,-4.100992317966302e-06,3.266220258720795e-05,2.231648922523708e-05,1.4629350032466248,1.0345713361970869e-05,1.5881975116221702e-05,1.2324069249269058e-05,1.2876508794664745,3.557905866952644e-06,1.2632467136147591e-06,1.2677074075313874e-06,0.988682311903813,-4.4606939166280875e-09,6.42953742179788e-07,8.114087816975178e-07,0.7827451526036331,-1.6845503951772985e-07,0.027518037757014,Train58.csv,Normal,0.8654249135021637,1.838809742214205,1.588808912458753,1.4502266403999045,1.7138093273364792,1.6259484316909545,0.104067172985495,0.0912408787786293,0.0976540258820622,0.3934411348362255,0.5385655432543134,0.4660033390452694,-0.3116373052256705,-0.25941304772128,-0.2855251764734753,0.4617909300767175,1.44536860737798,81.52531171730405,0.9590222199931112,1.4557943122802517,1.0104006737905273e-05,0.6251282158654485,-2.827183954275828e-06,0.6373799615401695,-6.304350942000376e-06,0.5202119130764178,-6.254715425953128e-05,0.284360128040824,-6.193994282905024e-05,-0.15718777159028213,0.5138529784329623,1.217244363948655,1.143460427102516,0.07378393684613904,0.5942400301606786,-0.045946587138311484
349,5.177519226041179,18.639069213748243,0,0,0.2751927104255676,0.2485286734284471,1.1072875236342576,0.0266640369971204,1.4103458427669275,1.4980477683700026,0.9414558488257952,-0.0877019256030751,0.9711221087104808,29.095105073882102,33.408243854450866,-4.313138780568764,0.0970705400862272,1.3077822394213066,-0.0265478503814659,0.8882907438024353,0.0560346966915605,1.1906966946185216,-0.053268020025792,0.8338319223374434,0.0990321409698258,1.4148112522917,0.0021874860457241,1.016253056987483,0.002202215369444,1.01131762996033,-0.029459023293878,0.8449640634546596,0.0990321409698258,-0.053268020025792,1.4148112522917,0.8338319223374434,0.1523001609956178,0.0001561994311554,0.0001577826376319,0.9899031634147568,-1.583206476524424e-06,3.599182111021886e-05,2.9008438526419324e-05,1.2403086774448853,6.983382583799538e-06,3.072033878714093e-05,2.4419157445252217e-05,1.25752756131634,6.301181341888713e-06,7.394629005667923e-06,6.119911597609022e-06,1.206319028899569,1.2747174080589013e-06,7.395095005538694e-07,8.449934445178639e-07,0.8649300240785862,-1.0548394396399452e-07,4.657722398424348e-07,5.05586644007601e-07,0.903383059386558,-3.9814404165166215e-08,0.0530177963317594,Train59.csv,Normal,0.8708959738180583,1.4537747235664915,1.314803936300307,1.163553900397451,1.3842893299333991,1.3107108534214165,0.1041656518312659,0.097170143657146,0.100667897744206,0.7614982430574767,0.7948731652411394,0.7781857041493081,-0.0653079723203522,-0.0439723239518692,-0.0546401481361107,0.2329314871133488,0.6922764805090148,11.453359189189712,0.2282550132265877,1.1807161181534982,3.159412902822676e-06,1.1312574892618852,4.682595501180838e-06,1.630364839935038,3.390091160581297e-05,0.4973009280631444,-3.680961101505572e-05,1.00577530623788,4.856162275271813e-08,0.19187459222734976,1.9802886225573182,0.9575115834674909,1.1289232259474211,-0.17141164247993024,1.0863077524200226,0.04347210841083213
644,9.55393232541696,34.39415637150106,0,0,0.3149326153201033,0.5078621551188589,0.6201143478494744,-0.1929295397987556,1.4244844810228634,1.6011275610918734,0.8896758176810672,-0.1766430800690099,0.7069632478870567,29.803747984513507,28.69740888585262,1.106339098660886,-0.3527873588572519,0.5215119266423069,-0.50420867029731,0.5443470501860558,-0.0034271770579976,0.9855007048569772,0.0606369170831841,1.3143590234117584,-0.0364452409512723,0.878212626471075,-0.0339862612098975,0.867617573762288,-0.010972610800664,0.9380906335514856,0.0099547079174829,1.0803400285555085,0.0606369170831841,-0.50420867029731,1.3143590234117584,0.5215119266423069,0.5648455873804942,0.0001622452905834,0.0006226296591913,0.2605765440547075,-0.0004603843686078,2.972188839156553e-05,0.0001321449885692,0.2249017514461264,-0.0001024231001776,3.1688114762893645e-05,5.6520487667364655e-05,0.5605491137694069,-2.483237290447101e-05,7.814246796056468e-05,6.582270226180358e-05,1.186985575190391,1.2319765698761098e-05,3.277679425618314e-06,3.68683143221313e-06,0.8866185774816656,-4.091520065948162e-07,9.471920723708782e-07,1.923181065007601e-06,0.4899655234142043,-9.75988992636723e-07,0.0978322660104672,Train60.csv,Normal,1.038551880857117,1.2621921749562448,0.9624375421836324,0.9367109922279327,1.1123148585699387,1.0537802364559368,0.0496420639340363,-0.0043915255012084,0.0226252692164139,0.5138983474346913,0.5426768740585932,0.5282876107466423,-0.5054299220085731,-0.3573367723447253,-0.4313833471766491,0.2232212705942896,0.7482938275215535,130.26959342089,0.7099873153936267,0.572272473361829,-1.850231965628907e-05,0.1347271350292031,-6.112056720331456e-05,0.3655099986557774,-8.246656252492701e-05,0.2554618666285668,-0.0003243997787223,0.1598682216301326,-4.463678178769254e-05,-0.4077269459709289,0.6655617048848178,0.962016078623094,0.68378656056178,0.278229518061314,0.2518996667711824,-0.0705176758325029
517,7.669849397889081,27.61145783240069,0,0,0.2336625924701091,0.2527658721851051,0.9244229895670562,-0.0191032797149959,1.378271279720335,1.4278192397073557,0.9652981496102004,-0.0495479599870207,1.0140449388422137,20.781899303771866,20.63347937728248,0.1484199264893888,-0.129590209693043,0.7777573292275998,0.011300473283888,1.0618131428698083,0.0771324062915144,1.4447961816166388,0.0329651616014214,1.1787069417427027,-0.0016576730233796,0.9891035555479708,0.0018173435825152,1.0123139064885789,0.0201784965153975,1.131857541050195,0.019279706594012,1.2660264635129157,0.0771324062915144,-0.129590209693043,1.4447961816166388,0.7777573292275998,0.2067226159845575,8.48306217200067e-05,0.0001462752514935,0.5798986627421512,-6.144462977353947e-05,1.9312709504599834e-05,1.33839437016456e-05,1.4418986621712504,5.928765802954234e-06,1.124610068930104e-05,9.92611482659431e-06,1.1318408538517002,1.319985862706731e-06,7.200491109731585e-05,5.875796605628684e-05,1.225240823008081,1.3246945041029009e-05,7.998937233974042e-07,8.963697414132136e-07,0.8825247433240746,-9.647601801580944e-08,3.98071848419762e-07,4.559178341520903e-07,0.854382080360158,-5.784598573232834e-08,0.0095779582605251,Train61.csv,Normal,1.0071931598982218,1.3839250847040188,1.105364040810916,1.072662695933505,1.2446445627574674,1.1873172738161466,0.065691846982475,0.0190296020737435,0.0423607245281092,0.7723103553760964,0.8744352950861357,0.8233728252311161,-0.1319669402571884,-0.0070699982718953,-0.0695184692645418,0.1676103036069995,0.6116147293279224,105.96613432825944,0.7426197012379259,1.3220707368836937,3.263673366657971e-06,1.1961471691803982,1.5298089799848416e-06,0.9811077753245456,-8.164707927288647e-07,0.4180775902792236,-5.979137892795214e-05,0.9170826488057516,-9.488475087815157e-08,-0.06264252703930985,0.7662147801455247,1.13673263701723,1.094788884571349,0.041943752445881,0.8651108449280559,-0.01874237626258215
895,13.277592284546865,47.79933222436871,0,0,0.6149891796156018,0.5028740014107626,1.2229488214956892,0.1121151782048393,1.4309128180486212,1.5916870575158295,0.8989912949923434,-0.1607742394672084,0.9579871805433136,30.106566923681623,27.420623437797868,2.6859434858837545,0.0012415456695382,1.0092354574743916,-0.0523405327124831,0.8739891324884135,-0.0083674195146564,0.969576248359008,-0.1638232386695004,0.7179939125496905,0.273389116359463,1.344744015054639,-0.0764630912751509,0.8130341780157437,0.4635089760691727,1.695290396272294,-0.0982067273410332,0.7677495867451537,0.4635089760691727,-0.1638232386695004,1.695290396272294,0.7179939125496905,0.6273322147386732,0.0007658938923352,0.00058153787939,1.3169919786115414,0.0001843560129452,0.0001129437430729,0.0001220030616482,0.9256692812001936,-9.059318575278526e-06,5.909266258349695e-05,6.520292311240098e-05,0.9061495753172244,-6.110260528904027e-06,0.0001157080841295,0.0001079280294348,1.071986256701426,7.780054694741476e-06,7.458380552533252e-06,7.410459045339431e-06,1.0051103990955437,4.792150719382166e-08,2.5764966357501463e-06,1.9449718997338404e-06,1.317920035628606,6.31524736016306e-07,0.1359625436015034,Train62.csv,Side I,1.097953406529838,1.6972024130225836,1.347936762698456,0.954813100069161,1.5225695878605197,1.3333174252634,0.4629795213285318,0.2749078873785571,0.3689437043535444,0.7045891907032924,0.7509977716011094,0.7277934811522009,-0.1712719141706115,-0.1047866879802569,-0.1380293010754342,0.3192473217393557,0.9926132223192912,-17.070460073920827,-0.5207690998062651,1.00177552533617,2.6361875336269533e-07,0.983419722289419,-6.382382424566631e-07,1.012413423502727,6.438063206194993e-07,1.827717974808904,0.0001739359982392,1.1772677273732792,5.859385268942955e-05,0.12267632614728322,0.6729206016845741,1.0920247203443971,0.9509336127739377,0.1410911075704594,1.27451704020035,0.11350691139297966
724,10.740756216773104,38.66672238038318,0,0,0.3389709709490715,0.2889345665656338,1.1731755159876878,0.0500364043834377,1.3081758486619943,1.5123721547764482,0.8649827596207863,-0.2041963061144536,1.2052622925976095,22.83430796395869,21.603149318464425,1.2311586454942611,-0.0213147896435909,0.8739175208201899,0.0381398869468322,1.1634730981582415,0.0192135694765151,1.0786026959049004,0.0021307712303685,1.0094379024714215,0.1608178774500338,1.3926652917365654,-0.078731743857474,0.8076773897586368,0.1524838360058818,1.544530051624231,0.0380315147102889,1.154755119686256,0.1608178774500338,-0.078731743857474,1.544530051624231,0.8076773897586368,0.2395496213075079,0.0001980864488017,0.0001064194528446,1.861199541173016,9.166699595711492e-05,4.915838916190676e-05,2.990974502731972e-05,1.6430082915820383,1.924864413458704e-05,5.043391167907536e-05,4.160885495759775e-05,1.2118044028471855,8.825056721477617e-06,7.101185071140588e-05,6.443574267624188e-05,1.1018858308166355,6.576108035163998e-06,3.40773772483805e-06,2.407966799514021e-06,1.4093401636130654,9.997709253240295e-07,7.867392237089665e-07,1.126090546665086e-06,0.6924969369900879,-3.393513229561195e-07,0.1099853425335066,Train63.csv,Normal,1.056989775739414,1.5508245784717942,1.4050154811030084,1.1692471840991494,1.4779200297874011,1.3750290812246506,0.163681353684009,0.1507467300475545,0.1572140418657817,0.8048042677119273,0.815333525764985,0.8100688967384562,-0.0796358611622861,-0.0293340227745684,-0.0544849419684272,0.2489938333615346,0.746020310759867,-67.75897526748514,-0.3317001956165679,1.187584232494327,7.93376441070654e-06,1.5407574683272889,8.306106951205197e-06,2.009250222257973,2.3480469294876352e-05,1.7177815126384903,5.438624463327806e-05,2.297690289952112,2.5876825095814986e-05,0.08366645766289948,0.5667973296508471,1.1689875203563747,1.0386644382944439,0.13032308206193077,1.7559297344079174,0.10053565662841202
181,2.685189054193276,9.666680595095794,1,0,0.1000617428063842,0.0905765754505636,1.1047197496862762,0.0094851673558206,1.3641302694940558,1.5102123059902082,0.9032705236545696,-0.1460820364961523,1.0370553225366683,26.78445830995207,33.33206510275002,-6.5476067927979535,0.0147415615454912,1.2102458532760976,0.0094268167822761,1.073927474266465,0.039081839982591,1.7753960283174668,0.024966201584207,1.3351025510561656,-0.0107827031226344,0.903350146684976,-0.0022652213461478,0.9776667223400014,0.0096348098212239,1.1137258665073348,0.0053990623676408,1.067205809994374,0.039081839982591,-0.0107827031226344,1.7753960283174668,0.903350146684976,0.0498645431052254,8.979650502139505e-06,9.263135577062609e-06,0.968351042375672,-2.834850749231039e-07,3.1262863236127983e-06,3.3750432535782905e-06,0.9235587522576076,-2.487569299654922e-07,1.823931039493649e-06,2.263728223515745e-06,0.802176364188945,-4.39797184022096e-07,4.278667231261266e-06,4.695380874605391e-06,0.9093136868798296,-4.1671364334412514e-07,3.331255815262123e-07,3.197110555096731e-07,1.0103561162402062,1.3414526016539236e-08,3.067436442342632e-07,3.35037975016335e-07,0.8890141562526302,-2.82943307820718e-08,0.0,Train64.csv,Normal,0.8035643222029649,1.1776812780197197,1.0802366432852677,1.0341022091333645,1.1289589606524937,1.0973400434794505,0.009275115589904,0.0069839425704552,0.0081295290801796,0.6717598340788804,0.698196826306374,0.6849783301926272,-0.0226329691586539,-0.0183422450002293,-0.0204876070794416,0.1700137631791822,0.5059214439408393,-1.3028387450099217,-0.1112195702158516,1.0,0.0,1.0,0.0,1.0,0.0,1.0,0.0,1.0,0.0,0.23712918389551493,2.5015435701596047,1.0528661329472369,1.3531897852866763,-0.3003236523394395,1.0,0.0094851673558206
867,12.862203922572212,46.30393412125997,0,0,0.3425423421843027,0.3614814252673271,0.9476070103876334,-0.0189390830830244,1.4691308823135427,1.617081291977345,0.9085077420146468,-0.1479504096638022,0.9420617828793048,21.99486685959902,24.40803790969436,-2.413171050095336,-0.1602780209817277,0.7791130369374893,0.174875327350198,1.712280044867952,0.038514094462167,1.0940561965913962,-0.0779541536584179,0.7686735177752926,-0.0517754041057222,0.8213057845635303,0.0116131312892186,1.0522147628371243,0.0489423308832908,1.3506412848105678,0.0098993387902062,1.0633382772286348,0.174875327350198,-0.1602780209817277,1.712280044867952,0.7686735177752926,0.3351533483319258,0.0002457308537986,0.0002427250197589,1.0123419935147548,3.005834039668888e-06,3.2738438599376663e-05,3.603110661229656e-05,0.9083638566249492,-3.2926680129198907e-06,4.0983257547129365e-05,5.934476994197114e-05,0.6904795956112223,-1.8361512394841776e-05,6.148383751438802e-05,6.881534583491408e-05,0.8933313268321884,-7.331508320526054e-06,2.964812691145468e-06,3.7551855071628494e-06,0.787428052483799,-7.903728160173821e-07,8.457905858571823e-07,8.720034491065682e-07,0.9589424924743004,-2.6212863249385906e-08,0.1317089668184396,Train65.csv,Normal,0.9011321160662326,1.736593525616877,1.3342548075007448,1.0801625349399542,1.5354241665588109,1.3836702893525252,0.1766276419856458,0.0422410880358558,0.1094343650107508,0.7308865244720759,0.7752567288126267,0.7530716266423514,-0.1625286776471185,-0.0901486248217375,-0.126338651234428,0.3130510659054379,1.005707001144801,-20.8034371066866,-0.2088149381962258,0.697643206218598,-3.208158055619107e-05,0.8423120099357597,-2.354652034693111e-06,0.9265181203934688,-1.87631662564186e-06,0.5718171872487153,-6.550916334231306e-05,1.7158365647085052,4.940869821216502e-05,-0.02208325944635434,0.3994095902455838,1.1553981082921088,1.1951497594656126,-0.03975165117350388,0.7802157725259814,-0.01754740366005951
871,12.921545117140017,46.51756242170406,0,0,0.3581859741036158,0.505948435370387,0.7079495497637125,-0.1477624612667712,1.485504044907898,1.6526546845172163,0.8988593018469915,-0.1671506396093183,0.7235071475353024,19.99802428974733,23.18490702721784,-3.186882737470505,-0.036682969774845,0.8279388978232117,-0.080278983716596,0.7639102702591896,-0.000959023784652,0.9977292257433432,-0.1078579881901256,0.7859205066843041,-0.1639941333865965,0.7213837492763774,-0.1325976321294498,0.7486109205793307,0.0534666417314688,1.1551136341164383,-0.529170855101321,0.3724787895695774,0.0534666417314688,-0.529170855101321,1.1551136341164383,0.3724787895695774,0.5826374968327899,0.0002313904660115,0.0005674385145699,0.4077734985117991,-0.0003360480485584,5.63259333629159e-05,0.0001105029584707,0.5096771830410927,-5.417702510784741e-05,3.69015551685034e-05,3.614695225461712e-05,1.0205936304764514,7.54602913886283e-07,4.1095326179644565e-05,4.92488841602361e-05,0.8342723729990312,-8.153557980591535e-06,3.948345726311855e-06,4.553172516855376e-06,0.8652633034862295,-6.048267905435212e-07,1.0129601571051588e-06,2.107474815828449e-06,0.4783812064885619,-1.0945146587232898e-06,0.1323166206445915,Train66.csv,Normal,0.862544941743578,1.1461443970350975,0.9808456520150264,0.7888093818601036,1.063495024525062,0.9719331436367424,0.049557381324022,-0.0080715802573171,0.0207429005333524,0.3615185788216431,0.7202794863311344,0.5408990325763887,-0.537624684096662,-0.1636294648449723,-0.3506270744708171,0.2106474496235858,0.7846258182134547,57.88359315416062,0.6272638110834885,0.965443797683618,-2.147387509817154e-06,0.6419615036158863,-7.94190415451524e-06,0.4543662152382885,-2.407944305104664e-05,0.4993300774005331,-0.000152594480707,0.3265618425920309,-0.0001669703704758,-0.17071442790890334,0.4138230585080467,0.7587344480884487,0.8631927979419148,-0.10445834985346614,0.5318859320849026,-0.06713827028007703
632,9.375908741713538,33.753271470168734,0,0,0.2710617011787755,0.2640867915844869,1.026411390317275,0.0069749095942885,1.4799573322917967,1.5898948577450256,0.9308523238337418,-0.1099375254532288,1.0378681579230205,32.50497507981847,14.0336096159994,18.47136546381908,0.0111115760149998,1.062324494945311,0.0411229410232345,1.2459151189511233,0.0155823523797918,1.0692923596419488,-0.2746503929129694,0.5245453695240584,0.3059114576676992,2.4770949058514176,-0.0543342616139064,0.7283892921917828,0.0558212933630277,1.4711680125803133,0.0796604253507793,1.6113340020140985,0.3059114576676992,-0.2746503929129694,2.4770949058514176,0.5245453695240584,0.5805618505806687,0.0001128162506496,0.0001282357182478,0.8796882437169318,-1.541946759817895e-05,9.898948559671523e-06,1.1641664374924232e-05,0.8495737811479739,-1.7427158152527086e-06,3.307238016055477e-05,2.3800394842090304e-05,1.3889891528422615,9.271985318464464e-06,1.3817471559333474e-05,1.4544039259090772e-05,0.9493908401204,-7.265676997572998e-07,1.1071768415014606e-06,1.3915321030949118e-06,0.7899760833566026,-2.843552615934512e-07,6.41439289514228e-07,6.862533249606442e-07,0.9212728564714364,-4.481403544641618e-08,0.0274312300669288,Train67.csv,Normal,2.316223405530537,2.5975849836368115,1.606282572105424,1.4902714573786813,2.1019337778711176,1.8980463377069725,0.31381258029028,0.0738074232555563,0.1938100017729182,0.5044571033610222,0.7103278674552022,0.6073924854081122,-0.2856184439168601,-0.0569693613089149,-0.1712939026128875,0.6059851689781205,2.093127880275789,17.379259524634108,-0.0918491548948869,1.3927152897587314,9.293666938590505e-06,0.7699574327485698,-1.8624887288159008e-06,0.7852791774171474,-2.30615204232797e-06,1.2160185525406677,1.1893822194827286e-05,0.8872742261005645,-3.911281943227205e-06,0.015305476215586278,0.5948074830597584,1.2702971022620648,1.125843991179461,0.14445311108260372,0.9237517209021283,0.0054772512687618425
668,9.909979492823805,35.67592617416569,0,0,0.5328723358230983,0.4960941310941179,1.0741355151823957,0.0367782047289804,1.552468081647843,1.607680004525349,0.9656573868066608,-0.0552119228775063,1.0073452964862482,18.13363848610634,18.13092921004652,0.0027092760598215,0.0291188206063356,1.0896266524322171,0.202746905440008,1.6275957301087718,-0.1692415634833578,0.7526286891819832,0.0709623978270244,1.154891263331756,0.1358086664187461,1.2906570012714216,0.1677655674293334,1.3597692778011656,0.066568154338311,1.1106038592945684,-0.1969827181365706,0.6297044779984122,0.202746905440008,-0.1969827181365706,1.6275957301087718,0.6297044779984122,0.3997296235765786,0.0007232710372885,0.0005681895085383,1.2729173933098583,0.0001550815287502,7.053667158205034e-05,9.86743834373028e-05,0.7147703529694184,-2.8137711855252457e-05,5.704985011628911e-05,5.671451342041581e-05,1.0057353809888514,3.353366958732993e-07,3.572060769149641e-05,3.4455453821403235e-05,1.0364177380804926,1.265153870093176e-06,8.813873138321661e-06,1.0785121969145374e-05,0.8164681384345152,-1.971248830823713e-06,5.877586224449516e-06,7.06407974000429e-06,0.8308623086634801,-1.1864935155547745e-06,0.101478188967379,Train68.csv,Normal,1.0001494278658825,1.6441774310422377,1.3610303903465732,1.2983866931173211,1.5026039106944054,1.4345315048353775,0.2047560864183173,0.167839641626676,0.1862978640224967,0.6146002939085958,0.7438875407681823,0.6792439173383891,-0.2042421313765995,-0.1750743474663806,-0.1896582394214901,0.3088553554070551,1.029577137133642,-26.80870845890857,-0.5036337942121487,0.9915928808228722,-4.61043846770149e-07,0.9123365968112828,-4.155679822417086e-06,0.7928491378082022,-1.893914673757557e-05,1.443639056682774,0.0001520800387823,1.107235455620048,1.6343621679064418e-05,0.07224037996504011,1.0466769733973982,1.0333592050313822,1.1566170239076572,-0.12325781887627496,1.0496082637674196,0.029159567909505656
7,0.1038470904936626,0.3738495257771854,1,0,0.0765095738261086,0.0595662201585751,1.2844454588183194,0.0169433536675335,1.2869554186625534,1.4390096811157218,0.8943340872601945,-0.1520542624531684,0.969157739732042,25.070418646531984,22.896467637930584,2.1739510086014,0.0081836638790206,1.119105043805217,0.0018364334702616,1.0302470669028572,0.0474985546209062,2.224304825661797,0.0407373414144694,1.8525511573956035,-0.0127833832693158,0.8265233446301873,0.0025872001255057,1.0503675967133654,0.0199665606135385,1.2745713534744532,0.0274651532202168,1.5160232256040544,0.0474985546209062,-0.0127833832693158,2.224304825661797,0.8265233446301873,0.060281937890222,7.996917282265317e-07,1.0115120374104776e-06,0.7828510080544346,-2.1182030918394597e-07,1.193718757708923e-07,1.522169287276925e-07,0.7358780412571945,-3.2845052956800216e-08,7.978529448811312e-07,1.0875652967664372e-06,0.7269298211520576,-2.89712351885306e-07,2.287043560832899e-07,4.016654480922842e-07,0.5555587847926955,-1.7296109200899432e-07,1.790875900213554e-07,2.3173269613988417e-07,0.7408496776858113,-5.2645106118528814e-08,2.652314297034841e-07,3.1957194653488094e-07,0.8047755049910256,-5.4340516831396846e-08,0.0,Train69.csv,Normal,1.094947003705084,1.0214385363447824,0.9320005264782852,0.9313437061373578,0.9767195314115338,0.9615942563201418,0.0005684990836073,-0.0013826828790612,-0.0004070918977269,0.6834976780421129,0.784084311337852,0.7337909946899824,-0.0094684019658126,-0.0052757228459059,-0.0073720624058593,0.0963794185940568,0.3379408583026695,43.05540505688373,0.0949486144712299,1.0,0.0,1.0,0.0,1.0,0.0,1.0,0.0,1.0,0.0,0.4235838416883374,1.9127393456527144,1.2803207252639577,1.4578856454566236,-0.1775649201926659,1.0,0.0169433536675335
329,4.880813253202143,17.570927711527712,0,0,0.2506441993729017,0.2261908685453661,1.108109226087254,0.0244533308275356,1.3538581741861428,1.4093523055272,0.960624365724834,-0.0554941313410572,0.9703078566282172,65.48601385559667,58.67391893661088,6.812094918985792,0.2105660310445889,2.3230196557295457,0.0504675414363197,1.257156297571819,0.0278397642927531,1.1103966066643385,-0.05103547267139,0.8125124457508109,0.0168781835069059,1.0915238804873173,-0.0289591558395785,0.8906595645015977,-0.0101500552472393,0.9631338508600804,-0.0608810904773493,0.6348867538593914,0.2105660310445889,-0.0608810904773493,2.3230196557295457,0.6348867538593914,0.2714471215219383,0.0001416771520078,9.049311707444152e-05,1.5654394742148965,5.118403493338143e-05,5.4580357805849805e-05,4.324729745627102e-05,1.2617606973950537,1.1333060349578784e-05,1.885074520549604e-05,2.428172583824164e-05,0.7760150650070301,-5.4309806327456e-06,7.012199224720779e-06,6.958327853487509e-06,1.0062958247883405,5.3871371233270375e-08,8.290265466121362e-07,7.721633647705306e-07,1.059914825920483,5.6863181841605576e-08,4.14629199806101e-07,4.415040057228196e-07,0.9183289506863064,-2.6874805916718548e-08,0.0,Train70.csv,Normal,1.1161009019217607,2.4827830444531047,1.2720151604174663,1.1272013284033164,1.8773991024352856,1.6273331777579625,0.2163888426847859,0.0511415613039098,0.1337652019943478,0.4457257711994316,0.7548407857072924,0.600283278453362,-0.0889152740426033,-0.0661187263933514,-0.0775170002179773,0.5657032265914366,2.037057273253673,-30.66875913926671,-0.5531024472029609,1.005747357454809,1.4144375183731245e-07,1.406528083793643,1.7335858707613008e-05,2.7766554770765506,5.115914306573653e-05,0.9562909121463864,-1.1902486131650148e-06,0.4778795913358794,-4.2667576948920456e-06,0.1980106949799525,2.0295898526280136,0.8295600564070232,1.5635241866552345,-0.7339641302482113,1.7131581576721933,0.06789847497504159
363,5.385213407028504,19.386768265302614,0,0,0.2783287331495181,0.3103769485241168,0.8967441864016189,-0.0320482153745986,1.5890057861764977,1.6822487481145878,0.9445724233777448,-0.0932429619380901,0.8377834399621642,16.952987965622807,17.06297768388208,-0.1099897182592748,-0.1038540102138116,0.72537967295719,0.0272977190466232,1.1575431317385132,-0.1074812968769239,0.6726758463083747,0.124622154097767,1.5674644140755405,-0.1252917067605686,0.6972606819526663,0.0709658064259388,1.3066961842342135,-0.0615312931255461,0.785282536380098,-0.0328078443928247,0.910588606996962,0.124622154097767,-0.1252917067605686,1.5674644140755405,0.6726758463083747,0.2499138608583356,0.0001240184621326,0.0001640934409258,0.7557334656299748,-4.007497879314923e-05,5.288955891171109e-05,6.350833520207029e-05,0.8326660127891267,-1.0618776290359196e-05,2.0982594511981555e-05,3.0917452528515205e-05,0.6784456137354197,-9.93485801653365e-06,7.464322278477106e-06,7.878674206890937e-06,0.946207446614648,-4.143519284138306e-07,2.4968742973881952e-06,3.2125291885530343e-06,0.7748182099505918,-7.156548911648391e-07,3.591725097937205e-06,1.1410021071969145e-06,3.120520002073923,2.4507229907402906e-06,0.0551445847232913,Train71.csv,Normal,0.993553896029606,1.5390675536273186,1.3095911122094888,1.1670627892012382,1.4243293329184037,1.3385738183460152,0.116690953458876,0.0707891261249242,0.0937400397919001,0.6269484867729012,0.6947366551052351,0.6608425709390682,-0.1246944900423885,-0.1220431140165776,-0.1233688020294831,0.3154695796010298,0.9121190668544176,39.6545197442737,0.0742193464049485,0.8587338799539994,-5.097214887560554e-06,0.7927226287712269,-1.516425649861741e-05,0.8433121298667952,-1.325172358540813e-05,0.5227362285025465,-1.4952986944798444e-05,0.2728044209311256,-3.152354092282504e-06,-0.21317340441839183,1.851344385309131,1.0008557758704244,0.8518662170013593,0.14898955886906506,0.7195903290468563,-0.027026648765982517
1224,18.158405537749005,65.37025993589641,0,0,0.7380685361076215,0.9480761449918024,0.7784907701997875,-0.210007608884181,1.4921050126933595,2.1160086116750247,0.7051507245335393,-0.6239035989816653,0.8721485922617701,25.24954409308266,21.193909479598503,4.055634613484155,-0.6305682373135209,0.4308341690111035,-0.8055902677816654,0.4213759230551477,0.2334036340220691,1.3990475800472797,-0.4832023849322713,0.6063109463846353,0.0673909921397475,1.0858107127817451,-0.030387914558466,0.9479341927532032,0.2383617184147245,1.2687519159342022,-0.1447250829390715,0.7799190106263979,0.2383617184147245,-0.8055902677816654,1.3990475800472797,0.4213759230551477,1.04395198619639,0.0007075246383013,0.0021476413988677,0.3294410995538309,-0.0014401167605664,0.0003107093615523,0.0002592037555192,1.1986607768172115,5.150560603315473e-05,0.000342371851354,0.0003429780728644,0.9982033733557883,-6.062215103550352e-07,0.0004391319638995,0.0003555023974459,1.2352085807819249,8.362956645363763e-05,2.549667605624173e-05,3.730580014701264e-05,0.6832675691206611,-1.1809124090770904e-05,3.845824209150782e-06,8.669270277372146e-06,0.4431045567479661,-4.8234460682213645e-06,0.185942070802503,Train72.csv,Side II,1.1913584940746569,1.3936988601864593,1.2677483324589656,1.087523172631629,1.3307235963227124,1.2496567884256846,0.2369391718832436,0.2300980301683475,0.2335186010257955,0.4196843830181019,0.4265580882626921,0.423121235640397,-0.8073835410896745,-0.6344261169873606,-0.7209048290385176,0.347436767320338,0.9740144771683574,106.14485995900108,1.2769456319150685,1.231839373101273,9.147844508030685e-05,0.9696376868340204,-8.717483658003775e-06,1.1551583525666775,2.5360311435708536e-05,0.969113175992032,-5.960154862117437e-06,0.2561649580292791,-0.0010434738785053,-0.12286116102903362,0.43179367522436535,0.9988683731046012,0.7504192240378437,0.24844914906675752,1.0313030717975764,-0.24259204350511768
627,9.30173224850378,33.4862360946136,0,0,0.2526651208334108,0.3128015538447893,0.8077489054971031,-0.0601364330113785,1.297762838693593,1.4137484372291182,0.9179588074789038,-0.1159855985355249,0.9650202388182304,51.14259140862447,22.15035627419072,28.99223513443376,-0.0018116390876008,0.9908654826589348,0.0261867729030228,1.152579529947089,0.1281104072709939,1.488094013405134,-0.4087659123169704,0.4581860166671586,0.0572428360717209,1.394368840026987,-0.040058631336845,0.7596869914250435,0.1368525059640072,2.2469817525962728,0.0851696655923083,1.69545129957786,0.1368525059640072,-0.4087659123169704,2.2469817525962728,0.4581860166671586,0.5456184182809778,0.0001164882119826,0.000248299068494,0.4691258869001843,-0.0001318108565113,1.0164150137876332e-05,1.3421399267688748e-05,0.7567454391984108,-3.2572491298124144e-06,2.908913586087037e-05,2.2522405440590334e-05,1.2909911432921677,6.566730420280037e-06,1.2409656740322245e-05,1.0993806577569525e-05,1.1277603484614536,1.415850162752718e-06,1.128792833373809e-06,1.230979077053477e-06,0.9095986018184627,-1.0218624367966797e-07,6.248787680469754e-07,6.164482625746486e-07,0.9974946142859064,8.430505472326756e-09,0.0272142108417157,Train73.csv,Normal,2.3088834668147635,2.5340790086818905,1.690203106974112,1.5069084312984238,2.1121410578280013,1.9103968489848089,0.1398087230806468,0.1210122059383426,0.1304104645094947,0.4436091945991973,0.7351494736927637,0.5893793341459805,-0.4192648970256796,-0.043099382445606,-0.2311821397356428,0.6046072288363251,2.0904698140826934,65.44022262010863,0.9717908242082336,1.305674917809248,6.76195035556414e-06,0.658582640765897,-3.1676984858204205e-06,1.1154228611187045,1.4158948957410446e-06,0.6336951693985285,-3.723097723259551e-05,0.3019905701145241,-6.47002805159817e-05,-0.13407413485152067,0.5633167081340655,1.5673733478663918,1.210513008670386,0.3568603391960059,0.80256689042771,-0.06707755216702511
837,12.41714496331366,44.70172186792917,0,0,0.5566018777043649,0.5866502511691054,0.948779732229457,-0.0300483734647405,1.5371400184497246,1.665945939354101,0.9226830072402316,-0.1288059209043763,0.8727319709031717,26.726296537446228,23.41417448214544,3.312122055300786,-0.0264786428973906,0.8924857274523639,-0.0240267347412365,0.9472272416371452,-0.0345565115302747,0.9523384131084994,-0.0174273760019931,0.969931338303449,0.1550960696507046,1.4056800160643457,0.3571874478532103,1.6645767896001695,-0.4745817501570433,0.5483153111036616,-0.1171953720354112,0.597405060228323,0.3571874478532103,-0.4745817501570433,1.6645767896001695,0.5483153111036616,0.8317691980102536,0.0007367855722404,0.0008355743074414,0.8817609015378286,-9.87887352010146e-05,0.0001231566731211,0.0001276556295106,0.964681516812435,-4.498956389501553e-06,5.835917676857893e-05,6.592589998271559e-05,0.8850895609808493,-7.566723214136664e-06,0.0001167005742453,0.0001326999650605,0.8793655713202064,-1.599939081519197e-05,7.973325715091105e-06,8.754138119836118e-06,0.9097672362151452,-7.808124047450128e-07,1.8439170921848272e-06,2.2275327186240902e-06,0.8240849739702103,-3.83615626439263e-07,0.1271515631222998,Train74.csv,Normal,1.1414579893223171,1.6665658874063565,1.4195521965163458,0.9603256351872465,1.543059041961351,1.3488145730366494,0.3574311867791195,0.1580457175890282,0.2577384521840739,0.5390172399905395,0.542940080459884,0.5409786602252118,-0.4793612300461666,-0.1324662952946166,-0.3059137626703916,0.3647320446582494,1.1275486474158167,-2.888561483286708,-0.1008124761328366,0.8694056829696342,-1.5083519583269656e-05,0.9184947741491116,-2.241089600471256e-06,0.9840329941343277,-1.6813790649388886e-06,0.6914608977986947,-0.0001034389786918,1.0558831179469186,2.119118952613616e-05,-0.03759347506822841,0.6963637761279026,0.936765720310718,0.9306837940660029,0.006081926244715152,0.8646628886940446,-0.029568590909375074
0,0.0,0.0,1,1,0.0770077630018005,0.0604747604246507,1.2733866116573245,0.0165330025771498,1.4703467153790206,1.6217222931300623,0.9066575162351324,-0.1513755777510417,0.8532109863747054,18.84911787452793,22.33580968248201,-3.486691807954081,0.0062513871700689,1.0837892515161205,0.0022899384875761,1.0366217929228454,0.0431370284672403,1.9702340711032664,0.0442429684960303,1.9439047923995536,-0.0151773133621972,0.7988257292956832,0.0025723170592198,1.0501867744005235,0.0215536218877527,1.3277469040396,0.0266308988282393,1.4891558105825693,0.0442429684960303,-0.0151773133621972,1.9702340711032664,0.7988257292956832,0.0594202818582276,7.4795617355182e-07,7.483935944549637e-07,0.9862374616828814,-4.3742090314372567e-10,9.115952532395477e-08,1.7728734989279217e-07,0.4867361590419036,-8.612782456883744e-08,6.187755560602067e-07,9.704540666424549e-07,0.6311112137860688,-3.51678510582248e-07,3.595354610009589e-07,4.2496155939577604e-07,0.8265913463718613,-6.54260983948172e-08,2.165678794909517e-07,2.3886832017366824e-07,0.8702107176189549,-2.2300440682716565e-08,2.9038186765179215e-07,3.382956823594648e-07,0.8337222720782922,-4.7913814707672656e-08,0.0,Train75.csv,Normal,0.8438967798365657,1.0165047201639328,0.9231002770684192,0.8970955197552171,0.969802498616176,0.9455668389958564,0.0004858000887073,-0.0027522697070183,-0.0011332348091555,0.6428812296979228,0.7967029936813708,0.7197921116896469,-0.0088295792653086,-0.0076006759238013,-0.0082151275945549,0.1022705079697274,0.3736234904660099,32.04977743553752,-0.0980712540111987,1.0,0.0,1.0,0.0,1.0,0.0,1.0,0.0,1.0,0.0,0.41332506442874495,1.925194075045012,1.2890298296742309,1.3635483718474106,-0.07451854217317977,1.0,0.0165330025771498
380,5.6374134839416845,20.294688542190062,0,0,0.2711292137494675,0.3217464071808563,0.842679822591664,-0.0506171934313888,1.4930312137808854,1.6277284649434285,0.917248322901506,-0.1346972511625428,0.8642388694494902,20.42652920981802,20.50965097853368,-0.0831217687156602,-0.1133964962129568,0.7252416558852165,0.0521886679852749,1.2523767453104269,0.0384848416825246,1.1615095660717465,-0.1126672023955133,0.6879429671243719,-0.0346511773058504,0.7631158552298553,0.1147227171518922,1.5391441108028758,-0.0926179139393966,0.7485116886825482,-0.1628812103758778,0.6570985872743484,0.1147227171518922,-0.1628812103758778,1.5391441108028758,0.6570985872743484,0.27760392752777,0.000159356354254,0.0002127397204493,0.7490320265402657,-5.338336619529834e-05,5.367734267447555e-05,6.444756744455411e-05,0.832754706740188,-1.0770224770078569e-05,2.3820142545542e-05,4.614313093622262e-05,0.5161110863412108,-2.232298839068061e-05,7.131372733621287e-06,7.423784393179696e-06,0.9593192856338604,-2.92411659558409e-07,8.553711557152595e-07,1.0741193945795203e-06,0.7890008794160704,-2.1874823886426105e-07,5.680086024954634e-07,7.757508551549134e-07,0.7228863942928558,-2.0774225265945e-07,0.0577271134844372,Train76.csv,Normal,0.9959471870700222,1.549229774940876,1.2676760076894538,1.117030964979275,1.4084528913151648,1.3113122492032014,0.1151642326189209,0.0532052501500686,0.0841847413844948,0.6393154748384893,0.6484364546666943,0.6438759647525918,-0.1705229015090882,-0.1262926450867548,-0.1484077732979215,0.3199845018338842,0.9099143001023868,-3.0705735429435776,0.0174738071739888,0.6896640664590101,-1.4679034166191889e-05,0.909151584095478,-6.244763729294287e-06,0.6741464809996552,-4.988006977821565e-05,1.2326706042797344,2.9493230320038104e-06,0.84294367543251,-3.178622296652229e-07,-0.3072368391771151,1.645703307392507,0.9815847955865907,1.04637598908913,-0.06479119350253926,0.9386562231249559,-0.034123402829849624
299,4.435754293943589,15.96871545819692,0,0,0.1440271449691759,0.1292585305983377,1.1142563137605783,0.0147686143708381,1.3637178838396744,1.5082418628471068,0.904177180325451,-0.1445239790074324,1.1851622778768724,30.73035969326958,34.27805119580915,-3.547691502539568,0.0262265626449313,1.3189204333415232,0.0266659853177594,1.148912940396602,0.037929332337203,1.511076849712392,0.0488852381240941,1.4225451385705454,-0.0277891930996093,0.8577259424612788,-0.0082546321124217,0.9452062110522668,0.0234201011933533,1.2532161602501966,0.0211973765740072,1.2621082693288783,0.0488852381240941,-0.0277891930996093,1.511076849712392,0.8577259424612788,0.0766744312237035,3.773898079440886e-05,2.4336147176732785e-05,1.550100741626806,1.3402833617676076e-05,2.9593521605137387e-06,3.014852431693025e-06,0.9783459614449272,-5.5500271179286777e-08,3.877815026897649e-06,3.3685524520841715e-06,1.1477741079631576,5.092625748134772e-07,2.0321284980068183e-05,2.047681112545229e-05,0.9919203557659364,-1.5552614538410817e-07,8.248572470598061e-07,5.69153793635639e-07,1.4242456082032429,2.557034534241671e-07,3.046409729486269e-07,3.8172183410512853e-07,0.7776971984330818,-7.708086115650163e-08,0.0,Train77.csv,Normal,0.8965025318610196,1.395715079947519,1.2836128322858589,1.159512683144328,1.3396639561166888,1.2796135317925683,0.0311633475190797,0.0270218505834848,0.0290925990512823,0.8647259185496441,0.9329006672391597,0.8988132928944019,-0.0248269074953719,-0.0098454635435008,-0.0173361855194364,0.1631238910768252,0.530989161397875,-74.36035209612629,-0.3684510721270966,0.9030238779056474,-1.680174143255834e-07,1.079371634325138,1.5708029497093874e-06,3.2708089335919674,1.1380600776263132e-05,1.948662711876532,3.563548369344516e-07,1.9190147540069324,1.604105211735521e-07,0.14479040886177857,1.412031534147114,1.1535102135437805,1.3263034078168392,-0.17279319427305873,2.099614426597879,0.04830531582091197
0,0.0,0.0,1,1,0.0760720742380018,0.0586750698045198,1.2964971584434364,0.0173970044334819,1.3514593245562216,1.4305226965705669,0.9447311240491344,-0.0790633720143452,0.8839390115217692,35.14467725049692,36.30429603401261,-1.1596187835156897,0.0059076566623347,1.0850758592256282,0.0005630217633842,1.0083092774663085,0.0479851065426587,2.274554962461388,0.0405687175467038,1.7838876650697604,-0.0125298439080824,0.8140544612914182,0.0021767172929891,1.0489263265304556,0.0229105083179479,1.3369675796619849,0.0277490154982931,1.5161086976429703,0.0479851065426587,-0.0125298439080824,2.274554962461388,0.8140544612914182,0.0605149504507411,8.128460953908026e-07,1.2109558836250803e-06,0.6657456721347057,-3.981097882342778e-07,7.331457245097937e-08,1.5424057377714717e-07,0.4463852674458967,-8.09260013261678e-08,7.166620252731308e-07,9.041663895046512e-07,0.7839514048000169,-1.8750436423152053e-07,2.735291764553528e-07,2.8828107158874656e-07,0.9170182170743963,-1.4751895133393809e-08,1.8140851118933058e-07,1.845401917695828e-07,0.9324988812810172,-3.1316805802522526e-09,2.389682774675155e-07,2.9033001823495026e-07,0.7956856223428488,-5.136174076743474e-08,0.0,Train78.csv,Normal,0.9680583589305832,1.0539014806143665,0.9652107056629752,0.958651530948474,1.009556093138671,0.9925879057419386,0.0008676889273271,-0.0010280187541468,-8.01649134098293e-05,0.5682460107981134,0.7626870586474839,0.6654665347227986,-0.0118206658917755,-0.0061890861492238,-0.0090048760204997,0.1393677620793686,0.4856554698162528,79.95394459041529,0.3047360543635813,1.0,0.0,1.0,0.0,1.0,0.0,1.0,0.0,1.0,0.0,0.43492511083704744,1.9018018559500447,1.3006675346118035,1.4559800330511081,-0.1553124984393046,1.0,0.0173970044334819
630,9.346238144429634,33.646457319946684,0,0,0.3083532307488427,0.2671075166507642,1.1544161058104745,0.0412457140980784,1.2686239927314582,1.364989840351035,0.9294017771672116,-0.0963658476195767,1.028456537741978,23.56305655609988,21.82835582316573,1.7347007329341435,-0.1713578317283205,0.5826429735848416,-0.1456305375998253,0.6230703645063952,0.3709188756068929,2.1205708781609776,-0.0617956124926482,0.7492769900478925,0.0606880812309119,1.5062053198842085,-0.0879267021237352,0.5531457429419179,0.0969220994071671,1.8334579135492204,0.0431075679475199,1.340855037015587,0.3709188756068929,-0.1713578317283205,2.1205708781609776,0.5531457429419179,0.5422767073352135,0.0001910070893785,0.0001566997950373,1.2188586510059882,3.430729434128962e-05,1.132242610344998e-05,1.203420054750797e-05,0.9400728640135996,-7.117744440579893e-07,2.84815509874682e-05,2.3667323073994663e-05,1.202904183824316,4.814227913473533e-06,1.3032622406752195e-05,1.1568854139632585e-05,1.1255537248840188,1.4637682671196108e-06,1.0944699777264738e-06,1.232749683642244e-06,0.8806841732751902,-1.3827970591577029e-07,5.890048795855934e-07,6.686964626973757e-07,0.8678472807191056,-7.969158311178232e-08,0.0265848550907584,Train79.csv,Normal,1.0794700588625397,2.114899619017081,1.9763952217300944,1.7170837576178275,2.045647420373588,1.936126199455001,0.3675573768701913,0.0963844252634884,0.2319709010668398,0.520584865477071,0.5613154116896539,0.5409501385833624,-0.1777666155093337,-0.149071249824427,-0.1634189326668804,0.6332446842259161,1.5943147535400106,-11.01503295626415,-0.2045487345058982,1.1944902780943154,4.618934482312304e-06,0.9352621362488344,-5.322050942903559e-07,0.9337803136124304,-7.258130172526953e-07,0.9038501629209644,-8.145951374890703e-06,1.6344776172326967,2.9511237415420584e-05,0.09108359188099559,0.6809415338992165,1.2424862311689084,1.1087614054174049,0.13372482575150357,0.9242975375940764,0.038514435845672296
672,9.96932068739161,35.889554474609795,0,0,0.1772404123346766,0.173196443154408,1.0233489722602076,0.0040439691802686,1.3738274976817313,1.455692296373006,0.943762285248832,-0.0818647986912748,1.023211438212123,31.370076331864027,31.08832365263301,0.2817526792310119,0.0172415582431321,1.109066276238887,0.0015209378579146,1.0109377855846793,0.0312342385794659,1.1595146984066094,0.0118782047732249,1.0491516429936023,-0.0423198115690844,0.809076055464661,-0.013894469812562,0.9040137285032378,0.0176986816312575,1.1223351552159369,0.0077617123945189,1.0873750524430923,0.0312342385794659,-0.0423198115690844,1.1595146984066094,0.809076055464661,0.0735540501485503,3.4038926031858124e-05,4.086904381636233e-05,0.8326742226351594,-6.830117784504203e-06,4.514163217839592e-06,4.507458330239398e-06,0.9992705826686328,6.704887600193908e-09,1.235525564769045e-05,1.5224386614854394e-05,0.8110110344477783,-2.869130967163944e-06,3.851555352569242e-05,3.854180732287015e-05,0.9990596083635168,-2.6253797177734693e-08,8.374084422422514e-07,1.0213392592382914e-06,0.8119621499337958,-1.8393081699604005e-07,3.390148152329374e-07,3.819378288719804e-07,0.8649708965542864,-4.292301363904304e-08,0.0176010075273544,Train80.csv,Normal,1.009062974005564,1.1027259638315152,1.0922309747346697,1.0494328114422191,1.0974784692830923,1.0814632500028012,0.0178776512745855,0.0148348603401204,0.0163562558073529,0.7502236530027342,0.8083617942827772,0.7792927236427557,-0.0406248997748684,-0.0189772011816836,-0.029801050478276,0.1231946578348587,0.352502310828781,26.0042039471042,0.0602480502412232,0.8110110344477786,-2.86913096716394e-06,1.1085043353356514,2.667328587680737e-07,0.9707503737234888,-2.0766904093394289e-07,0.7606959669512974,-5.910538350660792e-06,0.9725636868173626,-2.319972036235821e-07,0.007848952693017101,0.3440064821694119,1.0379079787207557,1.0931729200767253,-0.0552649413559696,0.9466502253368124,0.003925684593072015
312,4.628613176288962,16.663007434640264,0,0,0.26115808375356,0.2412118313267012,1.0826918045032594,0.0199462524268588,1.4230640247187505,1.5996281272827693,0.8896217761810931,-0.1765641025640187,1.0918665844612891,22.85759171187982,38.31709978534181,-15.45950807346199,0.1255928481362174,1.5538009035800546,0.0434098773784499,1.1466361743224054,0.0185100966478203,1.0716537383079785,-0.0403775241736471,0.8544558662633405,0.0147172042027995,1.0675215924877204,0.0279453665783689,1.1322110014286362,-0.0349310262489381,0.8519760705803551,-0.0397463400612788,0.7870179184208461,0.1255928481362174,-0.0403775241736471,1.5538009035800546,0.7870179184208461,0.1659703723098645,0.0001131797370356,9.785834326903503e-05,1.1564488909814885,1.5321393766636144e-05,4.87541704215233e-05,4.6584753214094414e-05,1.0463446430868892,2.169417207428889e-06,2.1036037167402826e-05,1.795551484889162e-05,1.17091201361817,3.080522318511204e-06,8.220651166307628e-06,7.506804397897818e-06,1.0936364352658492,7.138467684098099e-07,8.377337432099656e-07,8.059051964268335e-07,1.0267537783540637,3.18285467831321e-08,4.465454948005006e-07,5.547887875912334e-07,0.7906415718785275,-1.0824329279073285e-07,0.0,Train81.csv,Normal,0.5965376250803462,1.5854175684860277,1.1492730614686004,1.1315962474676278,1.367345314977314,1.2887622924740854,0.1272922548154168,0.0433872447196929,0.0853397497675548,0.6876699197467886,0.7971729606717092,0.7424214402092488,-0.0565087741692466,-0.0540300191379478,-0.0552693966535972,0.2643834117201459,0.8977476487392391,-2.139309202755328,-0.0970929535589908,0.9821950437434896,-5.881974235036672e-07,1.5745203400903147,2.241850842128973e-05,1.0553247880001209,2.962688908516892e-06,0.6629424090678117,-3.656510374788137e-06,0.4623642795738423,-2.288244893082321e-06,0.17959512481243928,2.351455182846318,0.9237349968099458,1.2573636054034794,-0.3336286085935336,1.0975958457194157,0.02104977461377166
1156,17.14960523009628,61.73857882834661,0,0,0.3677162994106327,0.4253512500241908,0.864500317666203,-0.0576349506135581,1.3438705366709585,1.490394791759584,0.9016876166532274,-0.1465242550886254,0.7996269368778971,21.307523721436628,26.838999268400244,-5.531475546963616,0.0017593073715252,1.0075626676966776,-0.3205312043144955,0.5559580095908094,-0.0455425978489931,0.9166629531368148,0.0428611699151082,1.0792315407040365,0.0546339902079357,1.213320628319768,-0.0505382485540356,0.8559301774361956,0.0152784854933987,1.0666032771399638,-0.0337318244764097,0.8306014656679885,0.0546339902079357,-0.3205312043144955,1.213320628319768,0.5559580095908094,0.3751651945224312,0.0002649539129911,0.0004143889660764,0.6393691458734089,-0.0001494350530853,1.9701108684809646e-05,2.8032213804343823e-05,0.702551832115262,-8.33110511953418e-06,2.6931377674779742e-05,2.633438861590865e-05,1.0222813695709236,5.969890588710949e-07,0.000167296551289,0.0001963011306857,0.8522010479215328,-2.900457939669784e-05,5.85619815735984e-06,9.350271045712374e-06,0.625644078975936,-3.4940728883525343e-06,1.1320749285825086e-06,1.44909567724882e-06,0.7758743626169045,-3.1702074866631124e-07,0.0283245092364746,Train82.csv,Normal,0.7939015721269723,1.237840602734265,1.0701023642339982,1.0379623307895096,1.1539714834841317,1.1153017659192577,0.0588746481028309,0.0378251195729427,0.0483498838378868,0.5513673672404048,0.7532391567008507,0.6523032619706277,-0.3228241828724825,-0.0515416856807213,-0.1871829342766019,0.1972862132475379,0.6864732354938602,34.759171546700145,0.2561585218265287,0.8554345513332107,-2.872728342011665e-05,1.0643678090970674,1.304772457527999e-06,0.7610811459349548,-2.451112806292059e-06,0.7734175475250745,-8.326086150366586e-06,0.6589168867486568,-6.524561715676828e-05,-0.03780181720644038,0.2411790794677893,0.9177116400813826,0.8267278768081007,0.09098376327328195,0.8662888341856988,-0.043864874258871325
921,13.663310049237609,49.18791617725539,0,0,0.5648394800159304,0.4220807674168705,1.3382260226886935,0.1427587125990598,1.513845985766377,1.587269531491767,0.9537422260012726,-0.07342354572539,1.4006020931468968,24.74793555734953,24.39401363138813,0.3539219259613944,0.0356634242804868,1.2567049659267142,-0.0498623360259304,0.8642070814781723,0.0428090894020317,1.115003874518778,-0.0124710782830327,0.96735326186571,0.2460715162790625,1.329517149062134,-0.0237843411623789,0.9307125921563826,0.4512264205312495,1.8727651458466348,0.0857834104327113,1.4098460835143931,0.4512264205312495,-0.0498623360259304,1.8727651458466348,0.8642070814781723,0.50108875655718,0.0005794816140662,0.0002879884726403,2.0120996085626763,0.0002914931414259,0.0001441652877819,6.44296262886163e-05,2.237214833249326,7.973566149331928e-05,9.682047449951216e-05,3.2017401337455865e-05,3.023051214157708,6.48030731620563e-05,0.0001358566162521,0.00011268955512,1.2054760651661471,2.316706113204752e-05,9.629844202526183e-06,6.419910393433467e-06,1.497663826289188,3.2099338090927168e-06,3.0220299012030643e-06,1.6454035085345595e-06,1.8255548484842263,1.3766263926685048e-06,0.1399122934714912,Train83.csv,Side I,1.0145085561221836,1.8774342950220264,1.3935835570666983,1.3327440428754844,1.6355089260443625,1.534587298321403,0.4507609836682101,0.2475162350004035,0.3491386093343068,0.8598655241883325,0.9286605812622264,0.8942630527252795,-0.0509154271381818,-0.0243656519423466,-0.0376405395402642,0.3124010447865109,1.017568770833694,-29.68816568753843,-0.2392246682741445,1.6167797723419877,7.81871195374646e-05,1.6502783929245604,1.5515802555705523e-05,3.0175667089175486,5.397442226624269e-05,3.080459941811532,0.0002540592397192,1.5797136775307234,7.850651108211613e-05,0.14751146729653702,0.5836442411621442,1.4044412738391368,1.0786386406412214,0.32580263319791536,2.582768347884547,0.4307839385468511
702,10.414379646650165,37.49176672794059,0,0,0.348364561859967,0.3490336968995942,0.9980828641291666,-0.0006691350396271,1.4302530132720106,1.5549963127435384,0.9197790324986502,-0.1247432994715278,0.9525166157957332,39.33622282512057,35.90311783629436,3.4331049888262086,-0.068331785886389,0.7161871669580224,0.0009441594278654,1.0034571919316644,0.020688634066004,1.0718717806764575,-0.0056711232958407,0.972603938015525,-0.0115622100410047,0.962962438522771,-0.264068839854108,0.5945051965159645,0.1386225838569458,1.4472793139524427,0.2232231766251879,1.7104065963916797,0.2232231766251879,-0.264068839854108,1.7104065963916797,0.5945051965159645,0.487292016479296,0.0002066141414667,0.0002056034637583,1.004866790773391,1.0106777083043164e-06,3.40588375848823e-05,4.3181153227116513e-05,0.7885605046428649,-9.122315642234213e-06,3.7293873121792304e-05,4.3778703181105405e-05,0.8516779537304136,-6.484830059313101e-06,0.0001012529425919,7.843325066208386e-05,1.2907795347250015,2.2819691929837428e-05,2.8869187301961896e-06,3.047952333562005e-06,0.9440692382648784,-1.6103360336581558e-07,1.3884129119869849e-06,9.409192958894748e-07,1.4600743911588054,4.474936160975101e-07,0.1066432464896708,Train84.csv,Normal,1.0956213606161933,1.7097361811664944,1.4477984838605134,1.041681961936599,1.578767332513504,1.3997388756545357,0.2210149854657204,0.136313520297395,0.1786642528815577,0.5924749857958794,0.6731764852091355,0.6328257355025075,-0.2649810304723869,-0.0763691889153087,-0.1706751096938478,0.3493129775836878,1.1172611953706149,31.007278461281658,0.0506261400160816,0.8577088234720587,-6.259361349558845e-06,1.155937250387399,1.8909296515361728e-06,0.9646593514723756,-1.974758619380028e-06,1.0007789720315658,1.2472243957756257e-07,0.7687442180100941,-7.159126306805259e-06,-0.001190095926869828,0.619586812202187,1.2507303689533622,0.9305053798553814,0.3202249890979808,1.0404585246304467,-0.0006454873733741206
368,5.459389900238262,19.653803640857745,0,0,0.3226926892696566,0.328005952895684,0.9838012895280284,-0.0053132636260274,1.458830633674317,1.5820691439717367,0.9221029498059342,-0.1232385102974196,0.9605279988235724,23.472166679142248,25.62778205545189,-2.155615376309644,-0.0528509927946367,0.7277012802235702,-0.0104168614998781,0.9456864488444848,0.0259191960682659,1.08663698525394,0.091814777730321,1.2826327856217283,-0.0940792253239461,0.7960968867438507,0.0566694705203998,1.1451979902621183,-0.0037057593898711,0.9892241457052288,-0.1035593336523758,0.6844993941874343,0.091814777730321,-0.1035593336523758,1.2826327856217283,0.6844993941874343,0.1953741113826968,0.0002428353134645,0.0002830613991503,0.8578588801039717,-4.022608568576857e-05,8.220997226773278e-05,7.222304737733894e-05,1.1381213343841814,9.98692489039384e-06,3.094523071029324e-05,4.204640633416597e-05,0.7358030180803589,-1.1101175623872723e-05,9.999219487320358e-06,9.722824335424929e-06,1.027370796257549,2.7639515189542934e-07,9.499657413804338e-07,1.1747017020497475e-06,0.8018607044598838,-2.2473596066931373e-07,7.242877951843627e-07,6.787844454608672e-07,1.05154493536761,4.5503349723495524e-08,0.0559041520059812,Train85.csv,Normal,0.9158875559030302,1.263428828356247,1.145997908294553,1.0568763919685813,1.2047133683254,1.1554343762064605,0.0850164429971088,0.0567253035796656,0.0708708732883872,0.6486138243928549,0.6596857084044381,0.6541497663986464,-0.1142403131525666,-0.0930945934404659,-0.1036674532965162,0.2078945064050886,0.6148150039633921,0.9384307884366194,0.020271964280238,0.909480316555648,-4.15721362059419e-06,0.9067707786164269,-8.986241392548147e-06,0.9002420545351191,-1.762724266925127e-05,0.9260125442248086,-2.7907574103733983e-06,1.6640291559097626,1.1217513276230475e-06,-0.034388097374913676,2.088506876718729,0.9396405100515938,0.9200082381073317,0.019632271944262092,0.9110084591254516,-0.004783223362981624
0,0.0,0.0,1,1,0.0767811288436753,0.0602522457209306,1.2743278724584386,0.0165288831227446,1.463934030495471,1.5967843219757878,0.9168013495498584,-0.1328502914803164,0.8501047984434096,16.32825988408775,19.459596314107785,-3.131336430020035,0.0067053611329492,1.0904508631536156,5.6181003214902936e-05,1.000822778472156,0.0458912421513819,2.151040942735305,0.0435991988991103,1.893197353840115,-0.0166182749105163,0.7781277598797558,0.0038922521428481,1.0931099788036691,0.0236308531769829,1.3600218848970933,0.0243151075261623,1.4266274965831691,0.0458912421513819,-0.0166182749105163,2.151040942735305,0.7781277598797558,0.0625095170618983,8.868048031822168e-07,1.1697014052135846e-06,0.7517197142116323,-2.828966020313678e-07,7.454549006449964e-08,1.8394289761280975e-07,0.3843682392191709,-1.0939740754831013e-07,9.177897365027644e-07,1.1421894797307382e-06,0.7965614620238055,-2.243997432279737e-07,2.2688567160433083e-07,2.8165252322794173e-07,0.7779314545035075,-5.4766851623611006e-08,1.958067365565851e-07,2.18348044773485e-07,0.8574925033880627,-2.2541308216899908e-08,3.146244028832252e-07,3.825120476956243e-07,0.8015662314834282,-6.788764481239909e-08,0.0,Train86.csv,Normal,0.8390852313754968,1.050209050340356,1.0324726339138652,0.8744466586574406,1.0413408421271106,0.9857094476372206,0.0016190288974817,0.0006987554556781,0.0011588921765799,0.7039355653779021,0.732975062330045,0.7184553138539735,-0.010689367617887,-0.0092802754743858,-0.0099848215461364,0.1161206322409281,0.3462734849624539,38.821403408435,0.0151266332838009,1.0,0.0,1.0,0.0,1.0,0.0,1.0,0.0,1.0,0.0,0.41322207806861494,1.919528221091882,1.2932531200946438,1.4141048614536922,-0.12085174135904841,1.0,0.0165288831227446
265,3.9313541401172274,14.15287490442202,1,0,0.0975178572421083,0.0789892700604669,1.2345707818511276,0.0185285871816413,1.4746447355249634,1.6072120781627235,0.9175172003656944,-0.13256734263776,1.117781132749269,23.38482590124553,22.805961346982887,0.5788645542626476,0.0312579972579426,1.3864974105717909,0.0025741957257716,1.0354594905949068,0.0391488306971218,1.6516831679714612,0.0358193050297259,1.4139115707106704,-0.0064003336407954,0.9422648197693164,0.0085174264581188,1.1289539529387689,0.0123844346474763,1.1429773636653546,0.0288465441413996,1.5402175668909712,0.0391488306971218,-0.0064003336407954,1.6516831679714612,0.9422648197693164,0.0455491643379172,4.520471408259465e-06,2.2989802712273547e-06,1.9577782732013456,2.22149113703211e-06,4.099370023917572e-07,2.87247757656136e-07,1.3791088135506913,1.2268924473562117e-07,1.1207136091981435e-06,1.969361398367573e-06,0.5661995884745571,-8.486477891694293e-07,1.790582033838904e-05,1.49904497228259e-05,1.1936855673828295,2.9153706155631413e-06,2.7185352939927744e-07,3.2918514475373535e-07,0.8014900817565466,-5.7331615354457924e-08,3.480933169588679e-07,4.136320430757799e-07,0.8216878837387673,-6.553872611691196e-08,0.0,Train87.csv,Normal,1.0253821593048262,1.716594872483163,1.1202643818616411,1.1062324668310848,1.4184296271724022,1.3143639070586297,0.035349157591766,0.0082763510311001,0.0218127543114331,0.7959401193841964,1.0006173440661663,0.8982787317251815,-0.012346670324021,5.5445485819483054e-05,-0.0061456124191007,0.2487262966934148,0.9206547530989666,-53.80020892121741,-0.3302112790951561,1.1806223567480558,4.96922511515712e-08,1.859257281459111,1.4932044932612229e-06,2.5515400636462235,6.937745945438263e-07,1.3837940354907192,3.5745636683732014e-08,0.9458476807000942,6.990326528053478e-09,0.23125598323531796,1.2171239899969246,1.270716294498365,1.3578800230460528,-0.08716372854768784,1.931530460198685,0.04727643251671964
371,5.503895796164118,19.814024866190824,0,0,0.2730389312821977,0.2294222430919455,1.190115290048921,0.0436166881902521,1.3855678038324488,1.452814690723027,0.953712681419653,-0.0672468868905782,1.0766247823448003,23.72287616872928,24.89124462996448,-1.1683684612351932,0.0261201441238,1.2521791840337626,0.2072035728831799,1.69196335401876,0.0051016614127126,1.0403416757039374,-0.0130934691024489,0.9449203181631322,0.089494390130443,1.3400384471436708,0.0059707524556033,1.0263127185756773,-0.0338269578600981,0.836962576773074,-0.0751841835881055,0.7411637557546521,0.2072035728831799,-0.0751841835881055,1.69196335401876,0.7411637557546521,0.2823877564712854,0.000159950550796,9.096762211611268e-05,1.75813070374501,6.898292867993608e-05,3.178960772540117e-05,2.650303587941128e-05,1.199018017777716,5.2865718459898924e-06,3.715710750349968e-05,2.723988519805409e-05,1.3635693227123415,9.917222305445587e-06,6.024835336903698e-06,6.17379462186746e-06,0.9742942166284692,-1.4895928496376158e-07,9.256410597770324e-07,1.125808627237744e-06,0.8149621666707768,-2.001675674607115e-07,4.637414552960689e-07,4.552694293713088e-07,0.9967159370919672,8.472025924760141e-09,0.0563598923755952,Train88.csv,Normal,0.9530610667270808,1.710581895862963,1.3683477794571086,1.3086748988383945,1.5394648376600355,1.462534858052822,0.2089807859383997,0.093892183073392,0.1514364845058959,0.6986404208841411,0.7585170171827207,0.728578719033431,-0.0864042122810901,-0.0478490057585553,-0.0671266090198227,0.3324255896833966,1.0119414749788218,-28.50770059652106,-0.4551122080871685,1.0296379561609204,5.445170215361967e-07,1.2095323480742426,4.621960938641422e-06,2.4718537300406784,5.886506110222466e-05,1.2825665063721166,9.796061167359229e-06,0.9632383158634285,-1.4581499477908517e-07,0.27774566409365575,1.7386780711458165,0.8681463503678012,1.3281614045854868,-0.4600150542176856,1.6546508614956792,0.10781407339509586
1303,19.3303941304632,69.58941886966751,0,0,0.8434631568710105,0.8181495280806349,1.0309400881038946,0.0253136287903755,1.5133561583404007,1.666987156120131,0.9078391178395796,-0.1536309977797303,1.0123761006221548,19.95951521571041,20.453317901910754,-0.4938026862003362,-0.2366502371891535,0.6680800211854353,-0.4815324720123544,0.5282122090848885,0.2673401547027547,1.3381473016062706,-0.3073921414603213,0.6615324663552807,0.3885216534865753,1.5339979925491047,-0.3385890000845735,0.6849494739440283,0.3564310405352293,1.843440193130344,0.4383847046119939,1.6249447918555244,0.4383847046119939,-0.4815324720123544,1.843440193130344,0.5282122090848885,0.9199171766243484,0.0013162269120971,0.0011472373516783,1.1472913057254448,0.0001689895604187,0.0002161524545575,0.0002652962908297,0.8147279654830853,-4.914383627216304e-05,0.0004074330470235,0.0004110093235113,0.9912746766813924,-3.57627648783223e-06,0.0005521443140971,0.0004557624222253,1.211447396051997,9.638189187185516e-05,4.409001170573591e-05,3.816509150609206e-05,1.154941873517184,5.924920199643846e-06,5.962175613841135e-06,7.980156025169713e-06,0.7461901363452408,-2.017980411328578e-06,0.0309286305592553,Train89.csv,Normal,0.9758570859590084,1.850757481133877,1.624519506446504,1.5388113496157036,1.7376384937901903,1.6713627790653616,0.4373129360041844,0.3903409181441176,0.413826927074151,0.5261483840719139,0.6553637688920171,0.5907560764819655,-0.4829866415095786,-0.3390749140493238,-0.4110307777794512,0.4970852723044359,1.324609097061963,5.39652380191643,-0.1241667575087612,1.2081994534485077,9.957821629701844e-05,0.9668482755669422,-1.2290557812220169e-05,0.8827302458895272,-2.1270163721474032e-05,1.0756036533165692,9.556333450599407e-06,1.2549671900211876,0.000223628559724,0.013067966011234193,0.43543136217235945,1.384444819643299,0.8448131772921981,0.539631642351101,0.975060724924346,0.02234510576648438
0,0.0,0.0,1,1,0.0762920348881905,0.059353237493012,1.2853893950313806,0.0169387973951785,1.3744838383152422,1.4568384110994483,0.9434703385142365,-0.0823545727842061,0.9400704763297492,32.042643090132074,29.09997875872844,2.942664331403641,0.0065626104973063,1.09419759223389,7.60275058810378e-05,1.0011876991509745,0.0443584175194006,2.066857399690756,0.0394065965599864,1.7516283657778444,-0.0108361158376444,0.8402278585199892,0.0038565547923519,1.0816736182922584,0.0208599268871847,1.2955771166136922,0.0270458067083573,1.4984075751215205,0.0443584175194006,-0.0108361158376444,2.066857399690756,0.8402278585199892,0.0551945333570451,6.810084300581984e-07,7.807815946860427e-07,0.8611839661348888,-9.977316462784437e-08,8.357498832488388e-08,1.2820885278772717e-07,0.6047006876849299,-4.46338644628433e-08,7.168623069968542e-07,1.059878167588505e-06,0.6700410651547876,-3.430158605916509e-07,2.3961696387493375e-07,3.8686195053396363e-07,0.6037791316414629,-1.472449866590299e-07,1.64056074668794e-07,2.2812664113258642e-07,0.6889446468001423,-6.407056646379242e-08,2.614309088276464e-07,3.557908678621951e-07,0.7147004799642391,-9.435995903454869e-08,0.0,Train90.csv,Normal,1.1011225590503158,1.2778098539346283,0.974488040351596,0.8942976400106601,1.1261489471431123,1.0488651780989615,0.0049326058859507,-0.0007814131560751,0.0020755963649378,0.7412611855460816,0.7814508428043411,0.7613560141752114,-0.0068361982775643,-0.0060236453754733,-0.0064299218265188,0.1582753923298723,0.536548668388547,-4.395219349173431,0.040822640941065,1.0,0.0,1.0,0.0,1.0,0.0,1.0,0.0,1.0,0.0,0.4234699348794624,1.9073008722047622,1.2918861033424902,1.3874142303585402,-0.09552812701604996,1.0,0.0169387973951785
178,2.6406831582674206,9.506459369762714,1,0,0.2572300872691578,0.2311003242496384,1.113066703708414,0.0261297630195193,1.428141233128405,1.5652186066404683,0.9124228513162708,-0.1370773735120634,1.0781351115340676,22.630670907500424,25.64730179539504,-3.016630887894614,0.1601410220533733,2.196762582718486,0.0508848034137239,1.189386557021867,-0.070200595366216,0.7519089772609909,0.1034359796481476,1.4519851484149244,-0.0742259132344648,0.7491319931888836,0.059338633905571,1.294554266299675,-0.052075680163708,0.7758697594812841,0.0380069836399037,1.2527447001796492,0.1601410220533733,-0.0742259132344648,2.196762582718486,0.7491319931888836,0.2343669352878381,0.0001271541773197,8.7360313379601e-05,1.4553476163840082,3.979386394012513e-05,6.173954502152777e-05,5.491825580051017e-05,1.1240033771644782,6.8212892210176e-06,2.9364432935337708e-05,2.1923099437176023e-05,1.3388182103239712,7.441333498161682e-06,3.0246266694621533e-06,2.9205983294747914e-06,1.0320850315929215,1.0402833998736192e-07,3.873871319601508e-07,4.469832442433145e-07,0.8477053302065752,-5.9596112283163553e-08,4.057682499116744e-07,4.274861792320308e-07,0.9274995855274,-2.17179293203564e-08,0.0,Train91.csv,Normal,0.8823801848325402,2.424399716543165,1.421975183803169,1.300061814777054,1.9231874501731672,1.7154789050411294,0.1672762925779232,0.0952740895151927,0.131275191046558,0.6975676155981686,0.7077009407918478,0.7026342781950081,-0.0851606443122952,-0.0733297951470783,-0.0792452197296867,0.5313052487000669,1.7268321009449967,-11.607300996969428,-0.1848216824455955,1.0,0.0,1.0,0.0,1.0,0.0,1.0,0.0,1.0,0.0,0.6532440754879824,6.430752181728944,1.107722908653536,1.3793527056671147,-0.2716297970135786,1.0,0.0261297630195193
0,0.0,0.0,1,1,0.0766805694517698,0.0593903394698254,1.2911284431947825,0.0172902299819443,1.316085596855579,1.4755348484528563,0.8919379906995453,-0.1594492515972778,0.9010010860743016,28.65710913640511,29.8217400494591,-1.164630913053987,0.0097787684728191,1.1441195834084457,0.0027049942057258,1.0450784596972245,0.0451151248553908,2.0586944363706308,0.0434585681653638,2.017543908344836,-0.0131084492303944,0.8254298493758473,0.0033298568701128,1.06570785585047,0.0183619221347381,1.2509076594918496,0.0295664697446993,1.5576706154463784,0.0451151248553908,-0.0131084492303944,2.0586944363706308,0.8254298493758473,0.0582235740857853,8.671889915560023e-07,8.941196731573302e-07,0.959152883519988,-2.693068160132788e-08,9.949267102864096e-08,1.5688995535487368e-07,0.5961573350360146,-5.7397284326232694e-08,9.630779658400044e-07,1.0613396771325758e-06,0.8989473519898636,-9.826171129257145e-08,2.636602969867736e-07,3.204713844094677e-07,0.7978309452054937,-5.6811087422694034e-08,1.9952249682201e-07,2.0921909184337085e-07,0.9101510965320768,-9.696595021360818e-09,2.792473669582795e-07,3.128071934651732e-07,0.8650593066427646,-3.355982650689368e-08,0.0,Train92.csv,Normal,0.9609469158831137,1.0691700530908796,1.054364955568656,1.0137014903314143,1.061767504329768,1.04574549966365,0.0019058481897046,0.0011959993365874,0.001550923763146,0.4028002046676627,0.7676219596563607,0.5852110821620117,-0.0128986324105035,-0.0089620889205113,-0.0109303606655074,0.2048295495542614,0.666369848423217,-3.4640242945301907,-0.159636452366394,1.0,0.0,1.0,0.0,1.0,0.0,1.0,0.0,1.0,0.0,0.43225574954860746,1.9170142362942448,1.2914287102628992,1.4159641598254336,-0.12453544956253437,1.0,0.0172902299819443
1096,16.25948731157917,58.534154321685016,0,0,0.5812976425395925,0.8428630148600231,0.6896703561484743,-0.2615653723204306,1.6249825735716652,1.7509153786760008,0.9280760133134917,-0.1259328051043355,0.752222605950868,22.18126881424412,18.70940168586278,3.471867128381337,-0.7838772271828489,0.3862325901334452,-0.7581386480102997,0.42657104816189,0.4043858408313342,1.6334887931843574,-0.2415755922839577,0.7675924677015591,-0.2160975512305397,0.6416235945343948,-0.019496349184934,0.935755902711072,-0.1503110922571083,0.7137292419994723,-0.0741243922951457,0.7456068559952055,0.4043858408313342,-0.7838772271828489,1.6334887931843574,0.3862325901334452,1.1882630680141832,0.0006011916968348,0.0026102082270205,0.2303223886077547,-0.0020090165301857,0.0001166611615633,0.0001668508838768,0.6991522449887467,-5.018972231355179e-05,0.0001813194234492,0.0001808602456358,1.0024834256835191,4.5917781339659233e-07,0.0002536674544282,0.0002278011600404,1.1134988048133756,2.5866294387740923e-05,1.5584677062630514e-05,1.6488454362579792e-05,0.9446143693301464,-9.03777299949278e-07,3.70969131483356e-06,4.480013410096292e-06,0.8262094065224636,-7.703220952627321e-07,0.1664971483656399,Train93.csv,Side II,1.1855680462058318,1.6302127517862972,0.9332019419186968,0.7637994691051349,1.281707346852497,1.1090713876033764,0.40203064417244,-0.0201360036474843,0.1909473202624778,0.3825285996954117,0.4247300451014635,0.4036293223984376,-0.7878653149831342,-0.7599853315328041,-0.7739253232579691,0.3643047247863876,1.2476841520908857,135.07975747936683,1.603786979647881,1.101203740459057,3.031329126662217e-05,0.8668420113493152,-1.692584382091827e-05,0.7161529947567012,-2.570218181480104e-05,0.5846499476236643,-9.005056480343909e-05,0.2061181914051816,-0.0016116961804509,-0.19085412943138907,0.42415039316252445,0.7983640002352499,0.8154308104932309,-0.017066810257980958,0.7225483179098936,-0.18732082471192793
367,5.444554601596311,19.60039656574672,0,0,0.2703942394428335,0.307948141087064,0.8780511865011549,-0.0375539016442305,1.4279704899985484,1.5488654747893569,0.92194609798071,-0.1208949847908085,0.8892527503258072,18.498710003824662,18.643638615626465,-0.1449286118018022,-0.0376305479123157,0.7619500000777033,-0.1516557587231968,0.5447194584588543,0.0408498471878222,1.1463797364503634,0.0577215103778664,1.2142998502893454,-0.1261445293480138,0.6985774250014952,0.0872385303515289,1.349061024914502,-0.0823701680379288,0.7356559406619769,-0.094418003160365,0.7454514131434509,0.0872385303515289,-0.1516557587231968,1.349061024914502,0.5447194584588543,0.2388942890747258,0.0001595145675422,0.0001793953127053,0.8891295644308519,-1.9880745163059816e-05,5.674802308959158e-05,6.618060229112774e-05,0.8573426003890305,-9.432579201536166e-06,2.021788417814148e-05,3.699748583411806e-05,0.5463187709850351,-1.6779601655976582e-05,5.093169150936773e-06,5.876875805689425e-06,0.8651735350038187,-7.837066547526519e-07,1.003539818124184e-06,1.0699854468863675e-06,0.9292160565843004,-6.644562876218379e-08,6.365091649874996e-07,6.13989346496001e-07,1.0200641542388558,2.251981849149859e-08,0.0557522385494433,Train94.csv,Normal,0.99222637679736,1.3508097604515057,1.1817035781632546,1.1139513178766092,1.26625666930738,1.2154882188304563,0.0867746430141757,0.0484973159191254,0.0676359794666505,0.5205105295466278,0.660041012360009,0.5902757709533184,-0.1573645501690239,-0.1258332579765994,-0.1415989040728117,0.2822519935659281,0.8302992309048779,-4.240748061721916,-0.1440058637177932,0.8667571655692536,-4.260200172224194e-06,0.9445826299456084,-4.651102133596726e-06,0.9407687990101008,-6.144429257915672e-06,0.4349759952142659,-1.412344583413099e-05,0.4671766265866537,-1.530902138046779e-06,-0.24437982896580907,1.7595747737314409,0.9433894595733099,0.8176830649956403,0.12570639457766963,0.773442474723325,-0.03532953894798618
362,5.370378108386552,19.33336119019159,0,0,0.2927402018131823,0.3287758559676549,0.8903944361961843,-0.0360356541544725,1.3778838769149764,1.4396764884097664,0.957078814884424,-0.0617926114947899,0.8284513124874757,25.11014376308322,28.79451569821222,-3.684371935129001,-0.0558240929074134,0.7026472221355269,0.0323322165754359,1.1323844260232887,-0.074617542558834,0.7903049054883506,0.130447032089493,1.5211675450925806,-0.1438839756349242,0.7119541790019942,-0.028321982568489,0.9236527684194056,-0.0305689416406191,0.90317202493498,-0.1001962889777725,0.6728215945443423,0.130447032089493,-0.1438839756349242,1.5211675450925806,0.6728215945443423,0.2743310077244172,0.0001493235259116,0.000262844413061,0.5680845307966671,-0.0001135208871494,6.147807128376536e-05,7.61396013262383e-05,0.8073328055964795,-1.466153004247294e-05,1.772159645315794e-05,4.252983410793099e-05,0.4165882830712304,-2.480823765477305e-05,8.02150519100202e-06,9.496701052687648e-06,0.8437737914072992,-1.4751958616856285e-06,2.520556688002696e-06,3.726230928829688e-06,0.6746255079024837,-1.2056742408269912e-06,2.944912295402805e-06,9.344291121262822e-07,3.118193051856107,2.010483183276524e-06,0.0549926712667533,Train95.csv,Normal,0.872046052711412,1.498567823643703,1.137299573976162,0.9212246418140252,1.3179336988099326,1.1856973464779637,0.1234323435394533,0.032608307613488,0.0780203255764706,0.6219279844214459,0.629949283820601,0.6259386341210235,-0.1434054159316459,-0.1120723887347822,-0.127738902333214,0.2786931224872573,0.8766398392222571,36.955088326587344,0.201124540406254,0.7175354632636012,-1.3817572975965476e-05,0.8590433683460097,-1.1923923787533976e-05,0.5180271265124289,-7.79143824044775e-05,0.4287282243090274,-2.448280596030513e-05,0.4761694484612588,-1.5604341735568495e-06,-0.24102255706191658,1.9579772769874264,0.8332154626329092,0.8751121845490554,-0.04189672191614613,0.6019329063891553,-0.01866744637363706
666,9.8803088955399,35.56911202394364,0,0,0.3156708734171955,0.3051701667269174,1.0344093148383722,0.0105007066902781,1.4032807777625604,1.5137431252538138,0.9270270134221076,-0.1104623474912533,0.906713777559158,37.78713222540996,46.18145390119416,-8.394321675784198,-0.0827828013039203,0.6784595058489852,-0.014218518429622,0.9437340292336164,0.0664954113617501,1.3709820507307704,-0.0479624496113429,0.8298168744583023,-0.0190597332554645,0.9340246886944922,-0.1516909651781567,0.7071161358606353,0.0378740651447828,1.1896197523535528,0.2413384279375564,1.7219849977552466,0.2413384279375564,-0.1516909651781567,1.7219849977552466,0.6784595058489852,0.3930293931157131,0.000154113789597,0.0001450712219945,1.062258695359389,9.04256760252592e-06,2.1370108985374355e-05,2.656398500805956e-05,0.8041740438587991,-5.193876022685198e-06,3.6211058928768064e-05,3.387877622864895e-05,1.0685266025674869,2.332282700119117e-06,0.0001171703260859,7.442684394463075e-05,1.5740904621520206,4.2743482141310905e-05,2.731322824798713e-06,2.1887054649775567e-06,1.2422413407821284,5.426173598211562e-07,1.7326639276709692e-06,7.52904218537434e-07,2.2711421507049265,9.797597091335352e-07,0.0163184456327786,Train96.csv,Normal,0.8182317581008538,1.7215127281097553,1.315531684042864,1.1647553216864772,1.5185222060763095,1.4005999112796987,0.2392806646604979,0.0560835185656551,0.1476820916130765,0.6362529573705543,0.7044665271166628,0.6703597422436085,-0.1527523763262135,-0.0912447805813482,-0.1219985784537809,0.3386250614171038,1.085259770739201,49.93914746272844,0.1704633786132037,1.0595303557732731,1.9993224519600296e-06,1.0467629392685986,5.680728228331234e-07,1.5676960321907083,1.8336832121990184e-05,0.9776681576219176,-2.130428167051898e-06,0.5810987086585587,-1.1528657221014636e-05,0.020749731911452438,0.6237757313729303,1.2062402953231448,0.997725195271124,0.20851510005202079,1.1973757096937414,0.016461916213547402
870,12.906709818498063,46.46415534659304,0,0,0.5223412176027168,0.4805955855114189,1.0868622652416835,0.0417456320912978,1.519289862814003,1.638913598833784,0.9270103406457754,-0.1196237360197809,1.049186704996202,16.33556030487114,26.685598598205694,-10.350038293334553,0.0490345840719106,1.1922002847172246,0.1709873056916624,1.346686629972034,0.1137859447973216,1.2321783829791093,0.1102797877544381,1.1921505619362662,-0.1516107697281633,0.7790859822794156,0.0063297809163282,1.018855309178332,0.0371009410356671,1.0641903089932705,-0.041006879016299,0.8203794090841967,0.1709873056916624,-0.1516107697281633,1.346686629972034,0.7790859822794156,0.3225980754198258,0.0005647760306299,0.0007705028070562,0.7329872072960674,-0.0002057267764262,9.292893649534208e-05,0.0001045128553455,0.8890776681149815,-1.1583918850209014e-05,5.434804657475356e-05,5.247043656924818e-05,1.0355867848591742,1.87761000550538e-06,7.203226181670314e-05,6.610966708725418e-05,1.0894226330820218,5.922594729448959e-06,5.436419906758922e-06,5.395320211863866e-06,1.0057535342359176,4.109969489505661e-08,1.8845501852216897e-06,1.4323914678839603e-06,1.3065455718386856,4.521587173377297e-07,0.1321647071880536,Train97.csv,Normal,0.6121489176505877,1.3500448096509745,1.2243594985611266,1.191211311123057,1.2872021541060503,1.2552052064450523,0.1716037689480713,0.1098303210610547,0.140717045004563,0.7682797035185415,0.7783793650266407,0.7733295342725911,-0.1514160291372024,-0.0520400123356654,-0.1017280207364339,0.1966076100471382,0.5817651061324328,28.201277601840104,0.5051095940213788,1.043127985993053,4.102547056201617e-06,1.3542893775529954,8.814238900827849e-06,1.012924957481865,3.89209341379012e-07,0.8672407576770145,-3.369568259084486e-05,0.5039866255306921,-0.0002080376190024,0.04834092502823909,0.6048646618661623,0.9678083424185996,1.2570217658894558,-0.2892134234708562,1.0781516975706251,0.04228519261113141
378,5.607742886657781,20.187874391968013,0,0,0.2419674954659585,0.2915628875155393,0.8298981027003357,-0.0495953920495808,1.3864348871539705,1.4986284881965912,0.9251358083890494,-0.1121936010426207,0.7637898384482182,25.587091327415507,30.461127559337868,-4.874036231922361,-0.1155000188036619,0.6535472213159468,-0.1813533688713084,0.4862276055231254,0.0121745145073719,1.0811090538292396,0.0073040245339515,1.0352959892974334,-0.1008802871600692,0.6985471641828366,0.1728479340644357,1.7963087459576397,-0.0516977311981625,0.8153021456318107,-0.1302936808628726,0.6536613750143306,0.1728479340644357,-0.1813533688713084,1.7963087459576397,0.4862276055231254,0.3542013029357442,0.0001152012866878,0.0002392312797339,0.481527631084344,-0.000124029993046,3.8211563593665766e-05,4.38590198593468e-05,0.8710375503300505,-5.647456265681028e-06,1.3504508608936124e-05,2.836258112137166e-05,0.4759703937814754,-1.4858072512435535e-05,3.201967711467996e-06,4.501042127101706e-06,0.709806652487465,-1.2990744156337105e-06,8.778489860482091e-07,1.0030706115245889e-06,0.8665230005311455,-1.2522162547637977e-07,5.097810320011356e-07,6.361282950050915e-07,0.7889780341489588,-1.2634726300395584e-07,0.0574232865713612,Train98.csv,Normal,0.8399916013999243,1.8111456537689143,0.9618892893241068,0.94981054340622,1.3865174715465105,1.240948495499747,0.1736175259116076,-0.0073974763023518,0.0831100248046278,0.4613115735786899,0.6244460716012116,0.5428788225899508,-0.187667666527024,-0.1402201293326705,-0.1639438979298473,0.3915908776284256,1.3498340801902244,19.23873287184081,0.2802058228348789,0.8567656208264655,-4.445596133295155e-06,0.5904192577392563,-2.3138097934039257e-05,0.4888851794754013,-8.670226838749917e-05,0.4022641557480215,-1.5595324638535417e-05,0.3421093329858499,-2.186419918733314e-06,-0.3042286768053453,1.4842800496852642,1.088424088867927,0.7402946268894373,0.3481294619784898,0.4938561976542264,-0.0242464521433122
471,6.987425660359298,25.15473237729348,0,0,0.2582606553061068,0.2720554617835784,0.9492941039302256,-0.0137948064774716,1.390263439274188,1.4965594820498762,0.9289730522973786,-0.1062960427756882,0.933055013499407,39.38450919125353,44.51009085887357,-5.12558166762004,0.022532261083435,1.1119256157863473,-0.0837187743888956,0.850101611136385,0.0344083751827764,1.3290453561099531,0.039730425268523,1.270491296448341,-0.0990240916870239,0.691989388838709,0.0916215502664089,1.3591508719816612,0.0138533522656312,1.1081238303884544,-0.0307859138051384,0.793822488804712,0.0916215502664089,-0.0990240916870239,1.3591508719816612,0.691989388838709,0.1906456419534329,0.0001011494993146,0.0001295262610467,0.7808585680740592,-2.8376761732121743e-05,1.2131958876099723e-05,1.6653540888488754e-05,0.7280540766987005,-4.521582012389029e-06,2.533052117868762e-05,1.8886152303119127e-05,1.340512119734894,6.4443688755684925e-06,4.7273400825282985e-05,4.174924811798677e-05,1.1320462641404967,5.52415270729622e-06,1.7015204125596828e-06,1.2222515449307887e-06,1.3808223000891036,4.792688676288941e-07,5.454292222669169e-07,6.724384715983878e-07,0.7992357479340639,-1.2700924933147088e-07,0.0089439048338117,Train99.csv,Normal,0.8848445020541531,1.3631088762571255,1.1701352930390745,1.139946238965577,1.2666220846481,1.2243968027539258,0.0917800463135283,0.0242118741493443,0.0579959602314363,0.6497076071523251,0.6870611244585249,0.6683843658054249,-0.0983914689985145,-0.0845248079251883,-0.0914581384618514,0.2328879346073468,0.7134012691048004,53.18431050661545,0.3043866396780759,0.9496278831027792,-2.713497245654883e-07,0.7032742352088465,-4.185677672594347e-06,0.6980063643483935,-2.847732402628284e-05,1.1860680013472298,4.642412523716108e-06,0.5409536840044616,-3.621760530343557e-06,-0.05450247427025807,1.020372757227761,1.0870323970582758,1.0970241943442285,-0.009991797285952675,0.8624495336348232,-0.009628862716229621
871,12.921545117140017,46.51756242170406,0,0,0.6541680828417545,0.5991024843759651,1.091913468868372,0.0550655984657894,1.5440615913921252,1.5996351558752646,0.9652585941665446,-0.0555735644831394,1.0863350061228774,18.11045627987718,24.535134933545244,-6.424678653668064,0.0009416673248088,1.0042791010390564,0.0727140178285845,1.162814494640109,0.0960852778216589,1.1985183898810337,0.0999636317912151,1.2088503236628814,0.0102434921209682,1.0088938073225155,0.0349665579451644,1.107673502522888,0.1663667950502185,1.2149512037025432,-0.0951502192604267,0.7351929290003374,0.1663667950502185,-0.0951502192604267,1.2149512037025432,0.7351929290003374,0.2615170143106453,0.0012136699871137,0.000718411921252,1.6893554486736817,0.0004952580658617,0.0001603829977571,0.0001101750161808,1.4555790189651194,5.0207981576306485e-05,8.50758161920889e-05,7.40114001295739e-05,1.1493408128347251,1.1064416062514996e-05,9.23890998614682e-05,8.596102136686883e-05,1.0746539751716004,6.428078494599357e-06,1.0642445263357e-05,9.283208301070864e-06,1.1451852706379844,1.359236962286136e-06,2.951663993164612e-06,2.4286793125736e-06,1.2103534802407645,5.229846805910115e-07,0.1323166206445915,Train100.csv,Side I,0.7381437404582819,1.2139121694278547,1.199400363038058,1.1899946629467073,1.2066562662329563,1.2011023984708733,0.1650336644472799,0.0951450692631284,0.1300893668552042,0.7108887376546518,0.984023805223926,0.8474562714392889,-0.1031993386193056,-0.0033969006750091,-0.0532981196471574,0.1589081483120136,0.503023431773203,-29.370547137898622,-0.4719373967208753,1.097588998588081,1.2099339346717808e-05,1.2321046174627237,9.133729937439431e-06,1.2227970627276274,1.0570677520390392e-05,1.5630740014000335,0.0001411571540623,2.01211545022366,0.0003052337727715,0.06361894664556866,0.755780115336424,1.0192725450752562,1.1218706618533998,-0.10259811677814357,1.339325227196795,0.06733405206130623
268,3.975860036043082,14.313096129755095,1,0,0.2171096661003964,0.2108647576489917,1.029615656143183,0.0062449084514047,1.3790272828103527,1.50776882336908,0.9146145299534698,-0.1287415405587273,1.0257619689967823,34.93147312658719,35.06608381496465,-0.1346106883774567,-0.0457326723106844,0.8037140814466393,0.0770690665027944,1.810021138229592,-0.0916477591589781,0.7034085866576143,0.136295433005917,1.83759800027576,-0.0120564393912026,0.9400746485080892,-0.036407366149338,0.8573439863384188,0.059775633686265,1.306416911728873,0.0011287303518301,1.006901616464203,0.136295433005917,-0.0916477591589781,1.83759800027576,0.7034085866576143,0.2279431921648951,9.774179709191236e-05,8.335538418641436e-05,1.1724506285888483,1.4386412905497997e-05,2.382558910780354e-05,1.9249261520322672e-05,1.2370977507451366,4.576327587480869e-06,1.166366793794536e-05,1.2690655669956854e-05,0.9183516379816148,-1.026987732011494e-06,4.193698768516692e-06,4.495795171134257e-06,0.930734445139236,-3.020964026175653e-07,6.316378926984729e-07,6.104681132269534e-07,1.0180021813102165,2.1169779471519488e-08,3.496446778320529e-07,3.9361863874602986e-07,0.8662748551908694,-4.3973960913976986e-08,0.0,Train101.csv,Normal,0.9961612280672868,2.1182954121579463,1.806452114971189,1.297153113950543,1.9623737635645675,1.7406335470265593,0.1278399178489214,0.085245091536479,0.1065425046927002,0.6534466759925761,0.7679901529276051,0.7107184144600907,-0.106618952697372,-0.0519860650656723,-0.0793025088815221,0.4946262466746971,1.46484873616537,-13.579497769282568,-0.1521465793378302,1.3078034305066233,4.470258492581469e-06,1.007220700385846,2.736835566077221e-07,1.3343028795530414,1.2385568605354748e-05,1.1359582988210872,9.03326958292179e-07,1.611479023202249,1.3296752161715746e-06,0.07620770948775916,2.6494272077666334,1.0568875048438315,1.1057146021112818,-0.04882709726745027,1.159160626253325,0.008332599329254415
794,11.77922712170973,42.40521763815503,0,0,0.2402467307735789,0.232413921901326,1.033701933477802,0.0078328088722528,1.4505397371567572,1.576659748080884,0.9200080928826138,-0.1261200109241267,0.9349644448955392,26.465000511295106,28.72164450516816,-2.256643993873056,0.0173664947264264,1.1023173650038507,0.0774203237601516,1.4240734181919183,0.0064256895898986,1.0241776428946527,-0.0161492272996349,0.9491703543578456,0.0125603891083888,1.0689501036989908,0.0373391609908727,1.1572197059692442,-0.014349487511222,0.9425346796146252,-0.0566017996611615,0.7374417454412342,0.0774203237601516,-0.0566017996611615,1.4240734181919183,0.7374417454412342,0.1340221234213132,6.358984706652839e-05,5.359966682153532e-05,1.1861638177722076,9.990180244993069e-06,1.0361658882593902e-05,7.429277802487536e-06,1.3928312878878086,2.9323810801063662e-06,6.126144070673243e-05,4.285721338919151e-05,1.429097808400553,1.840422731754092e-05,2.7192760369947585e-05,2.293183454522312e-05,1.1852914515770312,4.260925824724471e-06,1.5034718879008177e-06,1.5351460296620235e-06,0.97302899469617,-3.1674141761206234e-08,4.525114580496415e-07,5.583300412008028e-07,0.7962124562227035,-1.0581858315116129e-07,0.0335053570508924,Train102.csv,Normal,0.9214305433422764,1.4566494772070857,1.158134211501131,1.1015730160325057,1.3073918443541084,1.2387855682469076,0.0792827198233452,0.0371071490738127,0.058194934448579,0.6589789597232909,0.904118150089778,0.7815485549065345,-0.0718094566012422,-0.0264289861502095,-0.0491192213757258,0.2170169239974971,0.7976705174837946,-11.398086297468126,-0.1581669392649614,1.47354401803258,2.163279373840067e-05,0.7977478522336221,-9.642279466524777e-07,1.904776702825838,3.835001388124024e-06,1.1991323840516146,4.660807815311974e-06,1.2711205482099217,5.538007476142427e-06,0.010889775965954479,0.3340095637907221,0.9457320436750346,1.1835228086968073,-0.23779076502177265,1.300552313037025,0.014919751857554658
1165,17.283122917873847,62.21924250434585,0,0,0.6982178036893731,0.7582269753636022,0.920855914082968,-0.060009171674229,1.4095507223843395,1.8086739053997387,0.7793282749216914,-0.3991231830153992,0.9154293443235232,22.4259554413184,20.71191823000442,1.714037211313972,-0.5922044270988681,0.4100364574017675,-0.4881329799798326,0.5514982143957605,0.604766403268694,1.7812734578626277,-0.1977372343888741,0.7648836038864826,-0.0189353990008667,0.96196142982949,0.2341102874394726,1.608940674107698,0.0117858518924767,1.0209024331977157,-0.2873868986836774,0.5380788968287578,0.604766403268694,-0.5922044270988681,1.7812734578626277,0.4100364574017675,1.196970830367562,0.0009361707601393,0.0011913068904994,0.7858284958478444,-0.0002551361303601,0.000174838839009,0.0001516916912934,1.152517401212959,2.314714771568129e-05,0.0002071931038282,0.00020219090158,1.0246893174517446,5.002202248139965e-06,0.0003969824674731,0.0002701063270061,1.46967224037543,0.0001268761404669,1.7813727910267452e-05,2.0317909104789985e-05,0.8763187506613703,-2.5041811945225294e-06,2.902866822608264e-06,6.581530991662475e-06,0.4403934118310381,-3.678664169054212e-06,0.0305136514425117,Train103.csv,Side II,1.0827560818583843,1.7794659165357698,1.6126799766877131,1.015886872637436,1.6960729466117417,1.469344255286973,0.6030921896831287,0.2345707228930318,0.4188314562880803,0.4045050608207382,0.5265985271640137,0.4655517939923759,-0.5966746601893782,-0.4894756822823204,-0.5430751712358493,0.4750071807732559,1.3749608557150317,38.021155394781886,0.2863814233455342,1.3592252333594368,0.0001120575245836,1.1323182437461317,1.987862575690647e-05,1.195884706874233,1.9948932632282105e-05,0.6972306162308856,-5.08642869832415e-05,0.7745703394765668,-0.0002007085758874,-0.03875325641508833,0.4509013010018644,1.055974001378057,0.9142693765533852,0.14170462482467172,1.0084778556170835,-0.07176405067740088
949,14.078698411212258,50.68331428036413,0,0,0.7312176095964922,0.96539106367002,0.7574315006007912,-0.2341734540735277,1.4544458790234556,1.6716412412583732,0.8700705835828005,-0.2171953622349176,0.8903288660979568,22.38789614287184,21.96484483306554,0.4230513098062971,-0.0038579841286345,0.9939774731778198,0.0139899056524704,1.0306416090412842,0.0996026460919168,1.1284502481204055,0.0768237127873517,1.1366857607326497,-0.1423466812086697,0.8309136761707856,0.2046158471267235,1.2911283754586789,-0.5612891949230024,0.5291865268881061,-0.9402623980033484,0.4820796457612312,0.2046158471267235,-0.9402623980033484,1.2911283754586789,0.4820796457612312,1.144878245130072,0.0011250629275786,0.0025687292621013,0.437982532590047,-0.0014436663345227,0.0003020727033006,0.000527334648578,0.5728183724158669,-0.0002252619452773,0.0002155261041666,0.0002840164040714,0.7588241835165981,-6.849029990478394e-05,0.000122285254883,0.0001459393159129,0.8378611034807725,-2.365406102985785e-05,1.5246200285211951e-05,1.4598312993262769e-05,1.0436660476978672,6.478872919491859e-07,3.559444988516701e-06,5.214222699559848e-06,0.6813348498364343,-1.6547777110431478e-06,0.144165870254555,Train104.csv,Side II,1.0192603818888275,1.291656250635469,1.1288427969485628,1.1245677923893818,1.210249523792016,1.1816889466578049,0.2047090149469779,0.0965236086502617,0.1506163117986198,0.4802790621501248,0.525007967463413,0.5026435148067689,-0.943226908792279,-0.5655320609939387,-0.7543794848931089,0.2734149421080593,0.8113771884853441,31.927832690387845,0.7390396534096517,0.809393669784158,-5.619681503292483e-05,0.6403179028641474,-6.490390103227144e-05,0.5324219736761396,-9.268333710246552e-05,0.2856514908853713,-0.0015429674803415,0.9574454528632028,-2.3595041793714167e-05,-0.22790174868909294,0.7116339149482512,0.7674648493693388,1.0510231101131697,-0.28355826074383095,0.4861304558085528,-0.12467909260038645
25,0.370882466048795,1.3351768777756623,1,0,0.16053661820674,0.1582287602788776,1.0145855138973454,0.0023078579278624,1.4615043310906963,1.6130881600942564,0.9060287950690864,-0.15158382900356,0.9912944640476196,18.229966200815355,15.984149957486885,2.245816243328472,0.0117717940677054,1.1438840141895232,-0.0194197882675635,0.917851697310772,0.0004793452731705,1.0036370472350935,0.0490989346507247,1.3485944769553315,-0.033874299639643,0.7601592845040622,0.0496863279662362,1.292459179438174,-0.0129791762862139,0.9132410969308898,-0.035730888766591,0.7913070227859476,0.0496863279662362,-0.035730888766591,1.3485944769553315,0.7601592845040622,0.0854172167328272,3.384654778568483e-05,2.8373348463399555e-05,1.1924790279529591,5.473199322285273e-06,1.2489004072537707e-05,8.999860897360249e-06,1.386148378405797,3.48914317517746e-06,7.89758281966397e-06,1.7426316720071873e-05,0.4529387109935117,-9.528733900407904e-06,4.7654480196836973e-07,6.159954667853754e-07,0.7612591899675125,-1.3945066481700565e-07,2.1172184035275682e-07,2.927225109579968e-07,0.6993924557600325,-8.100067060524005e-08,3.247035057132135e-07,3.786858038223376e-07,0.8353881271712987,-5.3982298109124144e-08,0.0,Train105.csv,Normal,1.1405027003560808,1.298100161884635,1.2458447242969688,1.125699168289923,1.271972443090802,1.2232146848238423,0.0494995761832754,0.033416011594393,0.0414577938888342,0.6729140190813993,0.7519261592830777,0.7124200891822385,-0.0539163988483579,-0.0309931633360753,-0.0424547810922166,0.2259112754591532,0.6251861428032358,-50.06200363269588,0.177383810276301,1.0,0.0,1.0,0.0,1.0,0.0,1.0,0.0,1.0,0.0,0.057696448196559995,4.0134154551684995,0.9990024330516705,1.021790919578463,-0.02278848652679244,1.0,0.0023078579278624
866,12.84736862393026,46.25052704614894,0,0,0.630788493898543,0.6344996371880205,0.994151055393136,-0.0037111432894775,1.5640039809764197,1.706130000724653,0.9166968350273216,-0.1421260197482332,0.9514507492401558,26.88610173622137,21.36450339628294,5.5215983399384285,-0.0932957193848241,0.8221533985290934,-0.1674279704247924,0.8341374352471569,-0.0175209068920464,0.971666944952392,0.1144826942640966,1.1071877999138493,0.0059491573257984,1.0183255768523527,0.1157236737910228,1.3080818018140372,0.0488183798791345,1.253380704114152,-0.0001680849271409,0.9995143565750274,0.1157236737910228,-0.1674279704247924,1.3080818018140372,0.8221533985290934,0.2831516442158153,0.0010463902428484,0.0011964542089893,0.8745687793973326,-0.0001500639661409,0.0001895724977754,0.0001559538782641,1.2154897652285643,3.36186195112778e-05,8.192197565612694e-05,9.067695119679412e-05,0.9033490990159452,-8.754975540667173e-06,0.0001070439419526,0.0001028947984644,1.0402230367285557,4.14914348818099e-06,9.98789280300822e-06,9.285888638269676e-06,1.0744419594152277,7.020041647385455e-07,2.6474712350185674e-06,2.9568909797822663e-06,0.8923385635197353,-3.094197447636989e-07,0.1315570533619016,Train106.csv,Side I,1.2584473050899283,1.3093180527228396,1.2315991140021,1.1049415810467964,1.2704585833624698,1.2152862492572452,0.1157105637546372,0.1120207522154759,0.1138656579850565,0.8155413597527865,0.8336898269570355,0.8246155933549111,-0.1676248432443863,-0.0961862665199914,-0.1319055548821888,0.1639922217424414,0.4937766929700531,4.374239009305711,0.076489501586864,0.9707711927522878,-4.372908267045821e-06,0.7681411902606637,-1.2647280799794423e-05,1.3891161318776235,4.424949381642073e-05,0.7519013394989877,-9.8149440852156e-05,0.8575698072097085,-7.654504436865487e-05,-0.004337249039673525,0.7372086109301795,1.186992287501072,0.8759859262428807,0.31100636125819137,0.9697195538790916,-0.005155209011122585
658,9.761626506404284,35.141855423055425,0,0,0.489596164703045,0.4606075813478908,1.062935509313522,0.0289885833551541,1.396638042158212,1.5463743641464902,0.9031694171271274,-0.1497363219882783,1.0496400904851495,21.74135484695536,21.739813341566336,0.0015415053890208,0.0567225029986077,1.3478440980866628,-0.017953459749226,0.9311239120453306,-0.0863237036319267,0.8056318428055629,-0.0166359497976013,0.9654869841293844,0.2780724245969089,1.676266594192254,0.1992967180801215,1.2929642759174738,-0.2846171651673671,0.5512274881303806,-0.0649128283819929,0.8259347516616097,0.2780724245969089,-0.2846171651673671,1.676266594192254,0.5512274881303806,0.5626895897642761,0.0004553927410269,0.0006404658059651,0.7110225504001614,-0.0001850730649382,7.239013294722872e-05,6.105491334892465e-05,1.1854619777087347,1.1335219598304072e-05,4.682297296461146e-05,4.302323641151074e-05,1.0880653390058996,3.799736553100719e-06,3.244048289950627e-05,3.611227363676287e-05,0.8980742249427646,-3.6717907372565967e-06,4.61649258174914e-06,4.876196214137412e-06,0.9448029467977712,-2.597036323882713e-07,3.561538589382642e-06,2.868177726254779e-06,1.2374283064225795,6.93360863127863e-07,0.0999590544019991,Train107.csv,Normal,1.0000709065604243,1.6936215355560529,1.3805862570338931,1.2930548019223185,1.537103896294973,1.455754198170755,0.2814454668568983,0.1990730447731681,0.2402592558150332,0.5370451151821132,0.7857859203322481,0.6614155177571807,-0.2922817581459129,-0.0949483864206636,-0.1936150722832882,0.3537048492892658,1.1565764203739397,20.983328571704163,0.5527342489148515,1.0823720302953712,3.535079770693156e-06,1.8592429345467336,1.6468748855047006e-05,0.7765579350961304,-2.369907030730261e-05,0.6423153432515396,-0.0001853850386193,1.2603123377620442,8.221756339496304e-06,0.05868371856089622,0.9911254781210039,0.8900421719031546,1.0281999509791853,-0.13815777907603066,1.0927054042981346,0.022511314431640523
755,11.20065047467361,40.322341708825,0,0,0.5212841310264263,0.5720069381127766,0.9113248234943646,-0.0507228070863502,1.445759780886046,1.60959483136556,0.8982134781567029,-0.1638350504795138,1.0115213565209251,29.400100934649338,21.632431412966163,7.767669521683175,-0.3817201237003867,0.6311972089454928,0.0794418560504271,1.2154541668249157,0.1470518310574927,1.265336452242824,0.0080749741314103,1.0260200068117735,-0.0366076422680444,0.9600351477644988,-0.0002945695734417,0.9991185356270568,0.0276301379559227,1.146521215948251,0.0033717340118389,1.0235177366347736,0.1470518310574927,-0.3817201237003867,1.265336452242824,0.6311972089454928,0.5287719547578795,0.0006372128059006,0.0006129866854421,1.0395044884150475,2.422612045851157e-05,7.005901059340491e-05,0.0001953759069989,0.3585673689033334,-0.0001253168964055,4.18839398088162e-05,7.997713201523049e-05,0.5236334739547982,-3.809319220641429e-05,8.800059269325878e-05,0.0001059399063593,0.8305867906552092,-1.7939313666122907e-05,4.806772866233907e-06,5.791456022517379e-06,0.8285459456345483,-9.846831562834718e-07,1.551560620217267e-06,2.016497309135852e-06,0.7656366545479851,-4.649366889185842e-07,0.1042678725390497,Train108.csv,Normal,1.3590751940827412,1.2588019625705762,1.2184649688846565,1.11111544428085,1.2386334657276163,1.196127458578694,0.1432976542515576,0.079721115139878,0.1115093846957178,0.6284074583113318,0.9301404756966998,0.7792739670040159,-0.3840359159292402,-0.0357071524303624,-0.2098715341798013,0.1838092470885865,0.6303945042592444,-13.61396556743898,-0.6715520535215616,0.5505093503832459,-4.9071828146339405e-05,0.6450446593561197,-1.1310837392499807e-05,0.2996443433068417,-0.0001579703779163,1.2773813079700314,0.0001053024160356,0.9333747986120264,-8.909921150022096e-06,-0.07799231247902469,0.8015359790351725,1.0563858294033606,1.0373292760044108,0.019056553398949738,0.7406901035443308,-0.015198802220069023
1115,16.54135798577626,59.54888874879453,0,0,0.3592712100864511,0.3492288429873363,1.0287558058654418,0.0100423670991147,1.4735196133623776,1.5167468312137684,0.9715000376616584,-0.0432272178513908,1.0579915095141992,18.96033035215161,20.84422367611865,-1.8838933239670403,0.0001540211634113,1.0006360671721786,-0.0189677767608452,0.9440035265432376,-0.0060482304423557,0.9875291000983454,0.0456447004418402,1.0897454603180157,0.0281425880801641,1.0948023887600866,-0.0055700108426003,0.9812907873861064,0.0224355285828836,1.0898373738099687,0.0013793898697513,1.0052396125107097,0.0456447004418402,-0.0189677767608452,1.0948023887600866,0.9440035265432376,0.0646124772026854,0.0002331692162443,0.0002343176252489,0.9950564556638268,-1.1484090046083627e-06,3.094397318369677e-05,2.470705561864788e-05,1.251927966709391,6.23691756504889e-06,2.8623941510999047e-05,2.5949197197316465e-05,1.10265126049268,2.6747443136825825e-06,0.0002241041383829,0.0002015545526126,1.1118231627442683,2.254958577028451e-05,5.121992916305483e-06,5.054107386213767e-06,1.011430549488208,6.788553009171635e-08,1.1116169315815237e-06,1.188252901218955e-06,0.9276980931577146,-7.663596963743122e-08,0.029204052668155,Train109.csv,Normal,0.9096203647429846,1.107735104197097,1.0792918141354868,1.067422206472226,1.0935134591662918,1.0848163749349369,0.0402224424462992,0.0311762668009173,0.0356993546236083,0.94084466309028,0.974619509024676,0.957732086057478,-0.0197548273827379,-0.0122865947900873,-0.0160207110864126,0.057192250050713,0.1668904411068169,8.871102923861088,-0.0225980644429926,1.116095867504164,2.372767180303576e-05,1.0890039849726314,1.8675975987540888e-06,0.8081374598139032,-1.7810658325431102e-06,1.2397184862679662,1.0445511394011536e-05,0.7054160693499715,-3.723871672663908e-05,0.007079926983163426,0.25328828447120566,1.0254559245689283,0.9773895646045871,0.048066359964341165,1.045619977018167,0.00811561303799727
891,13.218251089979056,47.585703923924605,0,0,0.3175177170074605,0.2859278879217678,1.110481765911265,0.0315898290856927,1.5304694327118749,1.6368414544357424,0.9350138458518727,-0.1063720217238675,1.0199858218655824,15.844047694884626,18.00714052963213,-2.1630928347475056,-0.0028183739292808,0.9862594115413792,-0.0307537332137872,0.8755860539547291,-0.0039319976230995,0.9870726084589966,-0.0127752626215896,0.9644475971562944,0.0001341621341945,1.0005571138066445,-0.0115305245375649,0.9518969391096018,0.011556142665123,1.0487501459163002,0.1832042753816297,1.461494453996227,0.1832042753816297,-0.0307537332137872,1.461494453996227,0.8755860539547291,0.213958008595417,0.0001612274059853,0.0001257261142511,1.2822680814141227,3.550129173414949e-05,3.960461948980961e-05,3.793088451455537e-05,1.0438507166224862,1.6737349752542438e-06,3.835265863273518e-05,5.1213624341162285e-05,0.7487298902806404,-1.2860965708427109e-05,3.0144933244654168e-05,3.357995081913325e-05,0.8974390408301295,-3.435017574479084e-06,1.94021076332976e-06,2.214432673296286e-06,0.8722272364641406,-2.74221909966526e-07,7.103135946226799e-07,7.659732334412449e-07,0.91538414472445,-5.5659638818564984e-08,0.1353548897753514,Train110.csv,Normal,0.8798758281479103,1.4594450477952272,1.0182068053499191,1.014418055894511,1.2388259265725732,1.1640233030132192,0.1810824397410453,0.0041715340871662,0.0926269869141057,0.8645261698422118,0.9389202798507708,0.9017232248464911,-0.0325872894814964,-0.0218294301386344,-0.0272083598100654,0.1719032016700436,0.5949188779530155,-42.04548534698455,-0.2599689696812399,0.8012835350476667,-1.1742982060657984e-05,0.9120326712401012,-1.022069183593392e-06,1.1046472064680697,1.2770339500339511e-06,1.4540722121029055,3.85132138482111e-05,0.929633895950691,-3.222670273717047e-06,0.0348766119016052,0.35055403933693297,1.154047179674043,0.949639357985035,0.20440782168900806,1.1569173632703589,0.03489561645231422
950,14.09353370985421,50.736721355475154,0,0,0.6050906527430895,0.8232557410462783,0.7349971767267679,-0.2181650883031888,1.4778874949886274,1.7337844510160525,0.8524055487973047,-0.2558969560274251,0.7141723453122211,20.723374824724665,16.419962338866817,4.303412485857848,0.0064813136743676,1.0131594962273212,-0.2198824225117525,0.6244618465672427,-0.0387355431518368,0.9399200015037052,-0.1698797757448801,0.8106004944990522,-0.0539146378716969,0.9042903950518976,-0.0042135123936668,0.9927999008555144,-0.168548853211381,0.806187071216072,-0.7337126931748518,0.505369999303529,0.0064813136743676,-0.7337126931748518,1.0131594962273212,0.505369999303529,0.7401940068492194,0.0007213943645475,0.0015983172042165,0.4513433561316239,-0.0008769228396689,0.0002219850921133,0.0004916363773958,0.4515137349107863,-0.0002696512852825,0.0001507360831467,0.0001760654186437,0.856088171238474,-2.53293354969747e-05,0.0001024713839519,0.000110591874092,0.9264886765545362,-8.120490140051874e-06,1.0258379943499264e-05,1.2058799603441589e-05,0.8499917374196805,-1.8004196599423216e-06,2.921934376861253e-06,4.088351539472408e-06,0.7129535738257831,-1.1664171626111552e-06,0.144317783711093,Train111.csv,Side II,1.2620841865788344,1.0108819274598615,0.9924603212133772,0.932302810327452,1.0016711243366196,0.9785483530002304,0.0053142103843694,-0.0044028632824413,0.000455673550964,0.5028164267184824,0.6189991456026396,0.5609077861605609,-0.7371279392914677,-0.2221097217442509,-0.4796188305178593,0.1686708958803114,0.5080655007413794,43.57662249005995,0.5508185357415813,0.9156341256541256,-1.6028419764229333e-05,0.821480197944428,-2.39460201230476e-05,0.3535029794746779,-8.493777313236628e-05,0.4098281696585064,-0.0005950284206159,0.4078010261452678,-0.0004365019049688,-0.2118753652034835,0.5876458237579638,0.768118990458372,0.8591804480994231,-0.09106145764105111,0.5282704490258707,-0.07712200873253344
3,0.0445058959258554,0.1602212253330794,1,0,0.0770448520443562,0.0598597491281777,1.2870892426977552,0.0171851029161785,1.4485651586631596,1.5515861560328146,0.93360278041595,-0.1030209973696549,0.9191010965239508,15.67750769748507,19.573241274382447,-3.8957335768973778,0.0051758864282854,1.0713754781404423,0.0036057030521001,1.061093095447831,0.0460819240167248,2.0926039043427056,0.0448824630546009,1.977144882943025,-0.0135426207985644,0.8225106934782385,0.0052058597293313,1.1140006790015708,0.019073316689042,1.2643794975761524,0.0274536555085028,1.507779600161687,0.0460819240167248,-0.0135426207985644,2.0926039043427056,0.8225106934782385,0.0596245448152892,1.3081651512192442e-06,2.1084350576503e-06,0.6175148709397866,-8.002699064310556e-07,8.931257184478233e-08,1.62868222729599e-07,0.5166511833958364,-7.355565088481664e-08,1.1772898591989787e-06,1.5085097638919126e-06,0.7752929136139411,-3.312199046929338e-07,3.2095838481426145e-07,3.970573630369135e-07,0.7884844102062238,-7.609897822265199e-08,2.89378953448145e-07,2.941784760304368e-07,0.951345924355243,-4.799522582291744e-09,3.0888431567295135e-07,3.604388542891964e-07,0.8338334710208604,-5.1554538616245016e-08,0.0,Train112.csv,Normal,0.8009663534876156,1.0993859368407732,1.0577386750881337,1.0494137123003973,1.0785623059644531,1.0688461080764349,0.0026726365841961,0.0018262785217946,0.0022494575529953,0.740079572142021,0.7895566343180181,0.7648181032300196,-0.0085844888535026,-0.0078077369168756,-0.0081961128851891,0.1307175705222046,0.3593063646987522,106.0212808801174,0.3925589922131403,1.0,0.0,1.0,0.0,1.0,0.0,1.0,0.0,1.0,0.0,0.42962757290446235,1.9261213011089044,1.29538659224647,1.4083574926436597,-0.11297090039718971,1.0,0.0171851029161785
1145,16.98641694503481,61.15110100212532,0,0,0.3723443985449937,0.347180653325598,1.0724802325635177,0.0251637452193956,1.424999943349444,1.507739314529228,0.9451235503155572,-0.0827393711797839,1.0655651962843091,22.49539918302401,25.1961118394934,-2.7007126564693884,0.0032761055746449,1.009856193469847,0.01434081797329,1.050565383321493,-0.0112989445803016,0.9759711171048058,0.0545002112084254,1.142573856038159,0.110390690450098,1.4287505629854127,-0.1589663834583246,0.5774630550587312,0.1502321080191055,1.5927027985176492,0.0348876485342423,1.0952890766772745,0.1502321080191055,-0.1589663834583246,1.5927027985176492,0.5774630550587312,0.3091984914774301,0.000320392222859,0.0001932778102787,1.657591455958241,0.0001271144125802,2.636269911997284e-05,2.670734641604038e-05,0.9867259535978982,-3.44647296067548e-07,2.7067708546798023e-05,2.785476121977202e-05,0.971395675466674,-7.870526729739955e-07,7.109423509807529e-05,7.171836850917995e-05,0.9911592383280892,-6.241334111046592e-07,5.986967028111617e-06,4.643230001029588e-06,1.2866260698024643,1.3437370270820285e-06,1.0227245105350336e-06,9.874931165599465e-07,1.02529480510312,3.5231393975087344e-08,0.028054985359657,Train113.csv,Normal,0.8928123242744023,1.6050379177669531,1.4617627695998388,1.125222784265092,1.5334003436833958,1.3973411572106278,0.1487535510406593,0.1150073590546956,0.1318804550476774,0.5695158692466145,0.9621268908676208,0.7658213800571176,-0.1612326277402909,-0.0177778262921798,-0.0895052270162354,0.2954812671434734,1.0355220485203387,-54.7639980028118,-0.572264725788024,0.9867907132587672,-9.716957380179528e-07,0.9816332775929644,-4.158395761363612e-07,0.9417800443508249,-5.952057067762438e-07,1.0604329993065589,2.280983679773011e-06,1.4296192609265157,4.201956482236324e-05,0.016823127117536283,0.24892944566124778,1.0884849767512181,1.0121308979653818,0.07635407878583633,0.9946154404167826,0.023698713088755246
953,14.138039605780063,50.89694258080824,0,0,0.5010754759963624,0.4957365135239085,1.0107697379940908,0.0053389624724538,1.527328999684712,1.572732931196776,0.971130545865267,-0.045403931512064,0.966079389917012,33.409151822279924,19.379442783509347,14.029709038770577,-0.1915215037669404,0.6054637167456244,-0.0859224893600111,0.7311811953823797,0.0554897775581219,1.1128052868748133,-0.1304888106098172,0.77273817367995,0.1457304444945942,1.2540737457628046,-0.0083218592178662,0.9881731962081794,0.0142671585545366,1.0367312036395395,0.1704948996762105,1.5968555516996583,0.1704948996762105,-0.1915215037669404,1.5968555516996583,0.6054637167456244,0.3620164034431509,0.000405785692026,0.0004234406024665,0.958283421165231,-1.7654910440424742e-05,0.0001044475946698,0.0001136025523128,0.9193314694864644,-9.15495764296982e-06,0.0001000109157769,0.0001376541361816,0.7264848968726682,-3.764322040466035e-05,5.8060694605842696e-05,5.898749347416236e-05,0.9841213785000894,-9.26798868319665e-07,6.287705829578333e-06,7.124860199381688e-06,0.8812654563467452,-8.37154369803355e-07,1.633374188242907e-05,2.509255946418562e-06,6.483557935290191,1.3824485936010508e-05,0.1316122947413436,Train114.csv,Normal,1.723948009148616,1.5938010888816034,1.2591251239697554,1.1021975488975009,1.4264631064256794,1.31837458724962,0.1674100846326512,0.1476344351598377,0.1575222598962445,0.591771031096498,0.71803390945967,0.654902470278084,-0.1963659247845852,-0.1376348652910003,-0.1670003950377928,0.3030447878628582,1.0020300577851056,41.33584797602586,-0.0191625089014415,0.8388394366361793,-2.152003602741583e-05,0.7288126298855303,-2.2018147007128725e-05,1.0021475193873313,9.781404468380957e-08,1.092718338494009,1.80460758697212e-05,0.9421068869923168,-1.158940740191212e-05,0.005152446457894835,0.483570464253299,1.2072533171824589,0.8164833996676059,0.390769917514853,0.9412261625889569,0.005350427997871629
658,9.761626506404284,35.141855423055425,0,0,0.489596164703045,0.4606075813478908,1.062935509313522,0.0289885833551541,1.396638042158212,1.5463743641464902,0.9031694171271274,-0.1497363219882783,1.0496400904851495,21.74135484695536,21.739813341566336,0.0015415053890208,0.0567225029986077,1.3478440980866628,-0.017953459749226,0.9311239120453306,-0.0863237036319267,0.8056318428055629,-0.0166359497976013,0.9654869841293844,0.2780724245969089,1.676266594192254,0.1992967180801215,1.2929642759174738,-0.2846171651673671,0.5512274881303806,-0.0649128283819929,0.8259347516616097,0.2780724245969089,-0.2846171651673671,1.676266594192254,0.5512274881303806,0.5626895897642761,0.0004553927410269,0.0006404658059651,0.7110225504001614,-0.0001850730649382,7.239013294722872e-05,6.105491334892465e-05,1.1854619777087347,1.1335219598304072e-05,4.682297296461146e-05,4.302323641151074e-05,1.0880653390058996,3.799736553100719e-06,3.244048289950627e-05,3.611227363676287e-05,0.8980742249427646,-3.6717907372565967e-06,4.61649258174914e-06,4.876196214137412e-06,0.9448029467977712,-2.597036323882713e-07,3.561538589382642e-06,2.868177726254779e-06,1.2374283064225795,6.93360863127863e-07,0.0999590544019991,Train115.csv,Normal,1.0000709065604243,1.6936215355560529,1.3805862570338931,1.2930548019223185,1.537103896294973,1.455754198170755,0.2814454668568983,0.1990730447731681,0.2402592558150332,0.5370451151821132,0.7857859203322481,0.6614155177571807,-0.2922817581459129,-0.0949483864206636,-0.1936150722832882,0.3537048492892658,1.1565764203739397,20.983328571704163,0.5527342489148515,1.0823720302953712,3.535079770693156e-06,1.8592429345467336,1.6468748855047006e-05,0.7765579350961304,-2.369907030730261e-05,0.6423153432515396,-0.0001853850386193,1.2603123377620442,8.221756339496304e-06,0.05868371856089622,0.9911254781210039,0.8900421719031546,1.0281999509791853,-0.13815777907603066,1.0927054042981346,0.022511314431640523
296,4.391248398017733,15.808494232863838,0,0,0.2330232012016573,0.2494619155569054,0.9341032732007104,-0.0164387143552481,1.4028430233573528,1.50335074234484,0.9331441921782252,-0.1005077189874872,0.8145728616390027,29.73203863102445,20.70394164624779,9.028096984776663,-0.0589390967679095,0.7433266792045401,0.0091114162704115,1.0378280227725631,-0.1419246627380984,0.6301678370156496,0.1249984629630551,1.540970990712624,-0.0453099052743785,0.8485905003230132,-0.0270929247769018,0.8793919390995311,0.0535796181114054,1.3877243778501025,-0.0340834635377751,0.7938595081363734,0.1249984629630551,-0.1419246627380984,1.540970990712624,0.6301678370156496,0.2669231257011535,0.0001006707917429,0.0001320333387669,0.7624071966295783,-3.136254702402421e-05,2.545291746628401e-05,1.921270439292236e-05,1.3241070010760592,6.240213073361656e-06,9.85933803180046e-06,9.514339450237014e-06,1.0351728939643274,3.449985815634471e-07,7.803717977665168e-06,8.81314504127001e-06,0.884459899634824,-1.009427063604842e-06,7.667161097220217e-07,8.539895252358822e-07,0.8874136633921536,-8.727341551386049e-08,4.233324179007488e-07,5.768083179914942e-07,0.7214151621942158,-1.534759000907455e-07,0.0,Train116.csv,Normal,1.4360569173093791,1.513933713634502,1.3835521715114156,1.0372480247053015,1.4487429425729588,1.3115779699504062,0.1172329694251892,0.0475128337479931,0.0823729015865912,0.5935670521569294,0.6655165173007919,0.6295417847288607,-0.1555331907965049,-0.0663797188256243,-0.1109564548110646,0.3163557054072649,0.9203666614775724,8.743143830856468,0.2227899792667749,1.267356220872306,3.4870750064143984e-06,0.7393964831252067,-1.0021197137293909e-05,0.8028404320869457,-1.6253237110790632e-05,0.8088474880235326,-2.043175375036664e-06,0.7400621892942114,-9.932505528480723e-07,-0.16444733791493063,2.3310852833083042,1.0203252750286689,0.8037741796642509,0.21655109536441797,0.7836948010785617,-0.01319766453592126
1035,15.354534094420114,55.27632273991241,0,0,0.4878669912670572,0.5320073078596848,0.9170306025672574,-0.0441403165926275,1.6283732468155974,1.7783516779484458,0.915664352473572,-0.1499784311328484,1.0175825721330214,17.851230601729206,16.960012394937955,0.8912182067912511,-0.3541830048069926,0.4171784925604984,-0.1029646032978348,0.777669995018282,0.1198152481789764,1.2739307370278707,-0.1490112320485722,0.7561494442827096,0.0633007397106946,1.1196161533333775,-0.4018996621230456,0.5092771636145706,0.4163825478214714,2.094878468969652,0.0200115389244076,1.1404035247925677,0.4163825478214714,-0.4018996621230456,2.094878468969652,0.4171784925604984,0.8182822099445171,0.0005215694909958,0.0005392521181023,0.967191043997844,-1.768262710644911e-05,0.0001077406739671,0.0001479912361548,0.7279714464979642,-4.025056218772738e-05,6.08249252935389e-05,7.372024375034205e-05,0.8249657426808212,-1.2895318456803148e-05,0.0001033649567841,0.0001037007856541,0.996665449328118,-3.3582886998439695e-07,7.321174221373284e-06,8.203644693322503e-06,0.8913429414989456,-8.824704719492187e-07,1.3765919553986588e-06,1.7065292220884938e-06,0.8019624354100802,-3.2993726668983495e-07,0.1572304275168224,Train117.csv,Normal,1.0525482043003564,2.1102467243899024,1.2620660119697795,1.1235883139862013,1.686156368179841,1.498633683448628,0.416699205424164,0.114369550169191,0.2655343777966775,0.4013187394792287,0.5073183287958692,0.4543185341375489,-0.4031124375652419,-0.3618664559038558,-0.3824894467345489,0.5047326148316922,1.7089279849106735,-3.642477169298587,-0.1538262921415185,0.9731882638324696,-3.3387521662248403e-06,0.8293255089005278,-9.12685519324602e-06,0.7083521865859859,-1.6148526106880942e-05,0.7009951449605417,-6.69450180777408e-05,0.7962377432464217,-4.485306511767631e-05,-0.03611579379388633,0.39917483642126156,1.2481863857922635,0.8229264082022171,0.4252599775900464,0.7462242801490184,-0.03126688977498537
90,1.335176877775662,4.806636759992384,1,0,0.0784167088921649,0.0623844352360624,1.256991363719538,0.0160322736561025,1.486985444574387,1.6200811899185803,0.917846244156847,-0.1330957453441934,0.908457687746594,20.289387325569365,20.6022285183395,-0.3128411927701364,0.0048190885457945,1.063986339476406,-0.0004786172291187,0.9931190858578766,0.0473505164778916,2.1887461116955125,0.0385680249130426,1.6833740828555783,-0.0128291832322488,0.8337538354910877,0.0049557078831206,1.1142276049008726,0.0216552910245611,1.3140148284359117,0.0246756824050257,1.4322509548338678,0.0473505164778916,-0.0128291832322488,2.1887461116955125,0.8337538354910877,0.0601796997101404,6.387000721627404e-07,9.747128562108263e-07,0.6486155513602792,-3.360127840480861e-07,7.63070684434369e-08,1.168141093661147e-07,0.6017238052205767,-4.05070409226778e-08,5.916467607313091e-07,9.449343722912198e-07,0.6195679806893354,-3.532876115599107e-07,2.165670833588888e-06,2.463553175678877e-06,0.87553033218884,-2.978823420899899e-07,2.3168419914127197e-07,2.981880223907644e-07,0.7517625031108767,-6.650382324949242e-08,2.9074399184032005e-07,3.74966806454906e-07,0.7552443144844933,-8.422281461458594e-08,0.0,Train118.csv,Normal,0.9848151765553028,1.0502780181645064,1.0034193167576997,0.9093930132513208,1.026848667461103,0.9876967827245088,0.0014002107025233,8.160030757118839e-05,0.0007409055050472,0.7762986846005354,0.8203027781629599,0.7983007313817476,-0.0075845833825784,-0.0068928969215388,-0.0072387401520586,0.0841821312319477,0.273979333563971,38.86926986628282,-0.061325231741633,1.0,0.0,1.0,0.0,1.0,0.0,1.0,0.0,1.0,0.0,0.4008068414025624,1.9604177223041221,1.2868311293902173,1.4152838456765984,-0.1284527162863811,1.0,0.0160322736561025
909,13.485286465534186,48.54703127592307,0,0,0.4264677117952065,0.3960056521323989,1.0769232679623228,0.0304620596628075,1.4448626663968536,1.5985951800801854,0.9038327372449928,-0.1537325136833318,0.8495327981629908,18.037720369772067,20.658047405026057,-2.6203270352539896,-0.0595630410110676,0.7645751834064545,-0.0369972660048558,0.7546448551362196,0.0391327670359885,1.2761685319100182,0.0040497485547919,1.0261913266220843,0.0997784569153336,1.2047151113784371,0.1079324193444365,1.1972399062204284,0.144851091105728,1.2936465097669676,-0.1792200225485292,0.6942088766326312,0.144851091105728,-0.1792200225485292,1.2936465097669676,0.6942088766326312,0.3240711136542573,0.0004463543192878,0.000336351825613,1.3270064713029752,0.0001100024936747,3.4769623180676725e-05,3.865077673257513e-05,0.8993513870966859,-3.881153551898402e-06,3.686156449858113e-05,5.751295011926719e-05,0.6408149168662757,-2.065138562068606e-05,5.742259408113161e-05,7.83196231387956e-05,0.7330891146939654,-2.089702905766399e-05,4.464077219318059e-06,4.255736191090479e-06,1.0464963184178713,2.083410282275804e-07,1.3406843552921294e-06,1.1396220903862072e-06,1.1661957146645785,2.0106226490592226e-07,0.1380893319930353,Train119.csv,Normal,0.8731570805018076,1.29108795813295,1.2106237770394437,1.1974170478396844,1.2508558675861967,1.233042927670693,0.1426258815744636,0.1078170749963091,0.1252214782853863,0.6842360729237227,0.6995428031447986,0.6918894380342606,-0.1846317415767194,-0.0663310650570991,-0.1254814033169093,0.2427128755775832,0.6068518852092273,-47.5505458994038,-0.64757440989177,0.6724648566374365,-3.781073488823987e-05,0.8466413821864412,-3.645325457152752e-06,0.7507316772718143,-4.398643470479768e-06,0.8370067574550047,-1.2561489944289068e-05,1.3713702138027557,7.190214934393565e-05,0.03231274984686951,0.4523773061159877,1.0616984308733424,0.9317961901508974,0.12990224072244494,0.8114599389710868,0.022868833143813553
351,5.207189823325082,18.745883363970297,0,0,0.11522245547508,0.1047649766736946,1.0998183566228732,0.0104574788013854,1.361296008749188,1.3705188335167475,0.993270552381539,-0.0092228247675596,1.0014969928874038,23.986384252657288,24.207718297336925,-0.2213340446796365,-0.009617603623596,0.9229442907386456,0.0014934075657172,1.0151678752344675,0.0350722089200823,1.4045638670759857,0.0307411350477867,1.2730844778180723,-0.0004224414818412,0.9967203791710816,0.0050591055732343,1.053746822513964,0.0074977044562684,1.0662932789661883,0.0179259607829257,1.2798881738214694,0.0350722089200823,-0.009617603623596,1.4045638670759857,0.9229442907386456,0.0446898125436784,8.920785796213193e-06,1.02056113166197e-05,0.8732503146140688,-1.2848255204065055e-06,1.040252775670946e-06,8.985596725963914e-07,1.1449471146988233,1.416931030745545e-07,1.56459316119248e-06,2.3373179573285406e-06,0.6665450482784735,-7.727247961360608e-07,3.645074430335866e-05,3.465537587684698e-05,1.051502929979886,1.795368426511676e-06,2.8767474988697373e-07,2.976798741823585e-07,0.9349807186818856,-1.0005124295384757e-08,2.806599181310963e-07,3.0638854367191644e-07,0.8870735800792158,-2.5728625540820208e-08,0.0065829165090666,Train120.csv,Normal,0.9908568807737422,1.0987197846563408,1.0767497887470334,1.0501481908066967,1.087734786701687,1.075205921403357,0.008153608329081,0.0080976734117051,0.008125640870393,0.6185096602010799,0.8275182202600598,0.7230139402305699,-0.0184859345105481,-0.0172873594073972,-0.0178866469589727,0.1532764416786983,0.4802101244552609,22.14693268200289,-0.0956254032062666,1.0683745043824509,4.682191895701807e-08,0.900084770683074,-3.1474980469747484e-07,0.963439638433964,-2.1373445653946325e-07,0.4543987185781797,-6.042716087678866e-07,0.4858534431636168,-4.4638557136997734e-08,0.07439695840045676,0.8197195891654467,1.1333094251005404,1.1142253443496994,0.019084080750841004,0.7726410425650725,0.010075149595337592
654,9.702285311836478,34.928227122611325,0,0,0.422109046669733,0.2788769835188797,1.5136029736391885,0.1432320631508533,1.5603368273743716,1.6269208935227353,0.959073562823988,-0.0665840661483636,1.3200312934892289,22.93275738970956,22.11491283137733,0.8178445583322222,-0.001926237703184,0.9881497008841028,-0.0116801490055447,0.9423543100976742,-0.0368394613865066,0.8695658049712331,0.0481591727192515,1.1868354358969375,-0.019985828559948,0.9123382445370076,-0.115424651724981,0.719778605603637,0.5429620502402608,2.4828659718049293,0.2718519889556979,2.1833712492167745,0.5429620502402608,-0.115424651724981,2.4828659718049293,0.719778605603637,0.6583867019652418,0.0003134293178548,0.0001115300535418,2.810015845450187,0.000201899264313,2.4117369928504617e-05,1.4188526760575055e-05,1.6985825596688762,9.92884316792956e-06,4.883471451201359e-05,4.837259885866133e-05,1.0093445921471274,4.621156533522617e-07,7.856595518491847e-05,6.63294729960926e-05,1.1843017684138977,1.2236482188825865e-05,3.379883057344702e-06,3.3706487994023377e-06,0.9997734925740376,9.234257942364305e-09,1.0354233071852798e-06,8.16241435007404e-07,1.2531728176716304,2.191818721778758e-07,0.0157700637193206,Train121.csv,Side I,1.0369815858736742,2.506115034885685,2.202294712744512,1.1507697702079298,2.3542048738150982,1.953059839279376,0.5438254833051366,0.2705180231985905,0.4071717532518635,0.7156377302164703,0.8239346193610445,0.7697861747887573,-0.1166885145676246,-0.0494828766433639,-0.0830856956054943,0.6372890710288612,1.7904773046692146,-115.5717974527831,-1.17231849313057,1.015391278899314,7.477187637926772e-07,1.4561764163567177,4.818364012629737e-06,1.5926570831235167,8.040036628780712e-06,2.011599319570131,6.544879692547833e-05,6.140074227027271,0.0001128051068605,0.2935128852190404,0.8649909904223411,1.7953386088751138,0.9333566053176701,0.8619820035574437,1.6868109396834552,0.22811955990760135
781,11.586368239364356,41.71092566171168,0,0,0.5122472012735092,0.5439982713775856,0.9416338595341291,-0.0317510701040764,1.7777564634613878,1.8457643100143952,0.9631546369080984,-0.0680078465530074,0.9458115661908312,14.436072049734824,19.60482870935816,-5.168756659623332,-0.011281347890614,0.9653107852627384,-0.1505715394791484,0.7599289336144365,0.0538099118693214,1.0706153359831894,0.1903503038659781,1.2924613259668032,-0.1734882203798858,0.6526982878909657,0.0822281857290849,1.2928318565760537,0.0172142861537907,1.055051426150012,-0.4308243259877243,0.3489489345631349,0.1903503038659781,-0.4308243259877243,1.2928318565760537,0.3489489345631349,0.6211746298537024,0.0005581877430696,0.0007384677966228,0.7558625941393111,-0.0001802800535532,4.7125625387415736e-05,6.536863598247674e-05,0.720810776781068,-1.8243010595061003e-05,3.776534081230864e-05,5.337433984847176e-05,0.7074235800143505,-1.560899903616312e-05,5.861807148500479e-05,6.283676822122712e-05,0.9327141736017852,-4.218696736222332e-06,5.06817047699124e-06,7.134423858450458e-06,0.7093882694258942,-2.0662533814592183e-06,6.77269626678111e-06,8.77040407505527e-06,0.7713422080450755,-1.99770780827416e-06,0.1186444095561722,Train122.csv,Normal,0.7363528779764542,1.294232077328414,1.2875959030607216,1.0659002140209557,1.290913990194568,1.215909398136697,0.1869058029137192,0.0819668234724638,0.1344363131930915,0.3289900567832122,0.6494697481130547,0.4892299024481334,-0.4429786551243822,-0.1735783919118575,-0.3082785235181199,0.3083749481575538,0.9652420205452016,5.272698654022577,-0.010410642398023,0.7486016828300912,-1.5083565949830772e-05,0.7788076789041927,-5.072785992270558e-06,0.6822022947211368,-2.163426265786108e-05,0.6871167493166848,-0.0001127605923339,0.8447758068489241,-4.479643939605272e-05,-0.04562456320036019,0.736071405848785,0.8989440724297335,0.9319516849534547,-0.0330076125237212,0.7160422409806714,-0.021660652884852603
1241,18.410605614662185,66.27818021278387,0,0,0.7843194352469623,0.7526276452025038,1.042108179025034,0.0316917900444585,1.6427029302585192,1.667710347199078,0.9850049339607396,-0.0250074169405587,1.1041794971867398,19.556023514989683,20.027129893897424,-0.4711063789077414,-0.0819987227166884,0.921887805669139,0.0853901859143023,1.1218585692770948,0.1080180603290428,1.1034563423964527,0.1912131385672068,1.312144015321343,0.3147066227131914,1.5063825503700408,-0.3417659705826802,0.6293531749780151,-0.0167542103326726,0.9490241033659612,-0.0710466231123364,0.8019578739578025,0.3147066227131914,-0.3417659705826802,1.5063825503700408,0.6293531749780151,0.6564725932958716,0.0013867839658063,0.0013524587035142,1.025372315235812,3.432526229213244e-05,0.0001635129101901,0.0002233650672191,0.7320105696024614,-5.985215702908426e-05,0.0001607243419386,0.0001412416569832,1.1378580993052116,1.948268495541842e-05,0.0001823512596537,0.0001994614987046,0.9141720037096022,-1.7110239050860545e-05,2.0102880748363152e-05,1.671697458333315e-05,1.201824074533704,3.3859061650300014e-06,4.124421884893329e-06,4.172459845390354e-06,0.9861234865025684,-4.803796049702439e-08,0.1885245995636488,Train123.csv,Normal,0.9764765899473165,1.5120994974264466,1.306857228283581,1.1220862090443695,1.4094783628550138,1.3136809782514656,0.3165515689496321,0.187632269371152,0.2520919191603921,0.6284387274398847,0.7783280759892388,0.7033834017145617,-0.3423416176032523,-0.0827344564796543,-0.2125380370414533,0.2666407836893989,0.8836607699865618,0.1057983475476191,-0.1082132389984513,0.9582688728759866,-8.464683700523841e-06,1.0967091809247964,1.2578449976900371e-05,0.9782823203253552,-1.3876444335015898e-06,0.7427495293406962,-6.358881920196519e-05,1.1047286513783292,3.426939551713908e-05,0.018036224301549914,0.4463667479285446,0.7934450507672596,1.0490675724475622,-0.25562252168030264,0.9392470101969491,0.03100351789995685
675,10.013826583317464,36.04977569994288,0,0,0.1876202336893424,0.1936269435681897,0.9689778733375988,-0.0060067098788472,1.4059155192218111,1.5582684720345117,0.9022293240419104,-0.1523529528127005,0.8271264317970981,20.52568444064941,21.430683685088653,-0.9049992444392424,0.0164086603606469,1.0872709433709111,0.0110036955488063,1.0722556480124508,-0.0175999051443778,0.9284306276428722,0.0073816701351474,1.0274749249853783,-0.0340250013166601,0.818971713254905,0.0054763138236307,1.0370786800270169,-0.0188162197323022,0.8927275084925674,-0.0296369447791831,0.7946221312593291,0.0164086603606469,-0.0340250013166601,1.0872709433709111,0.7946221312593291,0.0504336616773071,6.689000965894924e-05,9.565726701162128e-05,0.699194319524396,-2.876725735267204e-05,5.913418501353014e-06,7.171257561163571e-06,0.8234516658103082,-1.2578390598105576e-06,1.359941156300005e-05,1.2410248059743953e-05,1.0949388045700923,1.1891635032560983e-06,3.404407101667005e-05,2.947446286920169e-05,1.1546444365527564,4.569608147468361e-06,9.8772989025691e-07,1.1020361821912047e-06,0.8882174034217519,-1.1430629193429469e-07,3.5992547903610216e-07,4.387795165603719e-07,0.8020095965937057,-7.885403752426976e-08,0.0183109971474404,Train124.csv,Normal,0.9577708640883612,1.078424878167794,1.0776696821695664,1.031043221075785,1.0780472801686802,1.0623792604710485,0.01387972974012,0.010972344415472,0.012426037077796,0.6169688370786706,0.7965695926360632,0.7067692148573669,-0.0523770349766239,-0.0333971495752953,-0.0428870922759596,0.1521788065094268,0.4614560410891235,49.13284759486848,0.4899183174990629,1.0949388045700923,1.1891635032561002e-06,0.8249955952066146,-5.394628011955529e-07,1.006119719415374,9.501122547823597e-08,0.5954471317157907,-2.9399805365105776e-05,0.9561412562364842,-5.034669234987752e-07,-0.011555042072534718,0.3609229907330266,0.9081427732596378,1.0293190730087447,-0.12117629974910693,0.8088541487792598,-0.0060434692579152995
264,3.916518841475275,14.09946782931099,1,0,0.1873160207161855,0.1769103569595312,1.0588187901901454,0.0104056637566543,1.37391393698963,1.428369547471214,0.961875678323758,-0.054455610481584,1.0189790517644144,34.93511219141416,35.66476778822001,-0.7296555968058485,0.0640079985135022,1.430742388745864,-0.0320590077184729,0.7895440537336346,-0.0477695389971215,0.7534705423367113,0.0648730082217608,1.53147443704872,-0.0686345603790963,0.7296106532415083,-0.0033588743481335,0.97894570594389,0.0963230691449203,1.576893237972037,0.0049509640324462,1.0265079666058077,0.0963230691449203,-0.0686345603790963,1.576893237972037,0.7296106532415083,0.1649576295240166,5.364647072594687e-05,8.179450318514176e-05,0.6557887235685913,-2.8148032459194887e-05,2.270629529071545e-05,1.8233610911934165e-05,1.244616287878733,4.472684378781284e-06,1.6716768050921532e-05,7.974250968676805e-06,2.093717759687597,8.742517082244727e-06,4.8282543208269815e-06,3.46390158686554e-06,1.3898650264250745,1.3643527339614412e-06,5.426708547877235e-07,5.859444113746298e-07,0.9106065002539024,-4.327355658690624e-08,3.0016654902954885e-07,3.527896489253901e-07,0.8273845461651524,-5.262309989584123e-08,0.0,Train125.csv,Normal,0.9795412769561824,1.601590478297228,1.4887362672266882,1.4254564531126432,1.545163372761958,1.5052610662121866,0.0934291528387093,0.065495600329989,0.0794623765843491,0.6300104191669204,0.7227086859027987,0.6763595525348596,-0.0708994889642416,-0.0680342278915714,-0.0694668584279065,0.3590407710701898,0.9715800591303076,50.84463567684514,0.8210975854561386,1.2278226207933405,2.944526200923777e-06,0.9922855545440098,-2.167846696852585e-07,0.4548563477708136,-2.0191167775314804e-05,0.4752764529491413,-6.125466748385267e-06,0.514577081320955,-1.5001846070929166e-06,0.13085922834336663,2.3556430901964283,1.1941156368405783,0.9912523282720699,0.20286330856850843,0.6408061184213215,0.004733082212482899
1237,18.351264420094378,66.06455191233977,0,0,0.573201541580643,0.6463335065036647,0.8868510249652091,-0.0731319649230217,1.5359951415031774,1.5315599854573585,1.0028958356570907,0.0044351560458191,0.8082641118888864,21.5602957874076,17.819366519003818,3.7409292684037823,0.1339438885386618,1.2589090900379094,-0.1407889703825728,0.8609273805040418,-0.1340383911523657,0.8232188736338849,-0.2676669306945534,0.7384691339507536,-0.0158571387263566,0.9565858311620574,0.0058756889263518,1.0164832063026603,0.034163494804037,1.097965821759854,0.0774290349592546,1.36482078913615,0.1339438885386618,-0.2676669306945534,1.36482078913615,0.7384691339507536,0.4016108192332152,0.0007422360000138,0.0009838674514799,0.754398831782753,-0.000241631451466,8.235006175712602e-05,0.000140022548627,0.5880780044677018,-5.767248686993086e-05,7.527148622548975e-05,0.0001121908382499,0.6708638491437209,-3.691935202442487e-05,0.0001284280836959,0.0001280532543715,1.00284882128169,3.748293244560123e-07,9.858673639295634e-06,9.744675619018905e-06,1.010661350960145,1.1399802027672916e-07,2.603284142285065e-06,2.5422045511200018e-06,1.0200139095993102,6.107959116506335e-08,0.1879169457374969,Train126.csv,Normal,1.2099361530228825,1.346553560870889,1.2604798228666434,1.0868274475637436,1.3035166918687662,1.231286943767092,0.1337195022259508,0.0717892526315973,0.1027543774287741,0.7338682662995046,0.8165696755618281,0.7752189709306664,-0.2721991749607957,-0.1410750167423378,-0.2066370958515667,0.2001244361779303,0.6126852945713843,23.31106207670624,-0.0806082330395199,0.9708479655397352,-4.003510817202294e-06,0.6678313354681548,-3.267086481914205e-05,0.6862056836095005,-1.5447753676598273e-05,0.576668205347545,-5.543703415744558e-05,1.1921075608029374,3.703502699983324e-05,-0.04188999066239743,0.3283298520661823,1.1597566057328883,0.9810184480586122,0.17873815767427614,0.6435684081417334,-0.05018356998370811
1131,16.778722764047487,60.40340195057095,0,0,0.6782388819078056,0.8058259835955089,0.8416691535123813,-0.1275871016877033,1.545797381318096,1.7341507032865624,0.8913858348496717,-0.1883533219684663,0.8198365900562868,24.73343081230136,24.919608533828903,-0.1861777215275459,-0.5265622659358444,0.4225174128909938,-0.6347287301126573,0.4984349050996756,0.6210909963622513,1.816054283821497,-0.2254362493105374,0.7832050792511592,-0.2240224959372747,0.6329024450156252,0.0474455000342693,1.1613229982933682,-0.0780705301043073,0.8466202893225429,-0.2897454806336674,0.5320514454737632,0.6210909963622513,-0.6347287301126573,1.816054283821497,0.4225174128909938,1.2558197264749085,0.0007037137620553,0.0016212195068197,0.4340617778637491,-0.0009175057447644,0.0001565100427821,0.0001783569407255,0.8774610482499101,-2.184689794338041e-05,0.0001858553398306,0.0002126871322592,0.8738027535044219,-2.683179242862248e-05,0.0003089351323953,0.000254870749434,1.212077150123413,5.406438296129027e-05,1.746378035615068e-05,2.367938884809912e-05,0.7371984337853446,-6.215608491948439e-06,3.1413807525896024e-06,7.431327330090329e-06,0.4221532816983969,-4.289946577500726e-06,0.0268459563795224,Train127.csv,Side II,0.9925288661256416,1.814025021802128,1.1613859499848846,0.8357615165618226,1.4877054858935064,1.2703908294496118,0.6192664460066715,0.0471311874772668,0.3331988167419691,0.4162780369070096,0.4969762595326015,0.4566271482198055,-0.6359898500373146,-0.5311165679341917,-0.5835532089857531,0.4328230480346587,1.3977469848951185,81.40493616958096,0.836062127772772,1.111955998295108,3.574440550079737e-05,0.9601763168987516,-5.760336927095435e-06,0.9723012948508356,-2.960798747530586e-06,0.5778287568205122,-7.983307332529517e-05,0.4227589498087296,-0.0007184272553322,-0.08742265316654808,0.46472912820158596,0.8466649110298915,0.9123355339373888,-0.06567062290749726,0.8367687895233664,-0.12405310417721914
1167,17.31279351515775,62.3260566545679,0,0,0.3692145305149078,0.4037678172131825,0.9144228579657706,-0.0345532866982747,1.3596735332224184,1.4978765519224222,0.9077340334889614,-0.1382030187000038,0.9183817662684544,22.48972496982081,29.741385737772625,-7.251660767951819,0.0181897092805182,1.0634294342467456,-0.0119273698016842,0.963906166463044,0.0145816939241913,1.0359708545565882,0.0350733380110883,1.082132820760294,0.0874341877354949,1.2936974729494384,-0.1778938309612838,0.5520499266254772,0.0853533588867903,1.262280005494977,-0.2677500508524713,0.5838011928591188,0.0874341877354949,-0.2677500508524713,1.2936974729494384,0.5520499266254772,0.3551842385879662,0.0002281787098091,0.0002798900869871,0.8152148585064588,-5.171137717796767e-05,3.261847181597128e-05,3.865608388795976e-05,0.8435938821859421,-6.0376120719884805e-06,2.690916385523195e-05,3.116323475570968e-05,0.8632137173478052,-4.254070900477726e-06,7.636409484733592e-05,0.0001180847485554,0.646634128794254,-4.172065370812341e-05,3.706092446590689e-06,4.762973675618037e-06,0.7764745205955488,-1.0568812290273475e-06,9.926333084120745e-07,1.245450350305688e-06,0.7906591512522813,-2.5281704189361364e-07,0.0285940331132923,Train128.csv,Normal,0.7561760961829121,1.3133501846993687,1.2550928227620584,1.0669928804431985,1.2842215037307136,1.2118119626348751,0.091006012430212,0.0815649314612101,0.0862854719457111,0.5444018981760311,0.5725626001107691,0.5584822491434001,-0.2742644057365272,-0.1801406498422603,-0.2272025277893937,0.264030208128813,0.7689482865233376,-20.75294569533699,0.0526976187293044,0.6564944280337444,-4.151064702829719e-05,0.8249344262074431,-4.613079548624911e-06,0.8356271511204697,-2.4590629935771054e-06,0.8213568291444928,-1.0679700428232293e-05,0.8113626840250656,-2.1081444484910897e-05,-0.022237710498556166,0.23761808574525023,0.7993770416598577,1.021102151755459,-0.22172511009560136,0.8273061354908018,-0.028873664525528107
888,13.1737451940532,47.42548269859152,0,0,0.4357390311300809,0.4690529996366037,0.9289760905013004,-0.0333139685065227,1.4336439178807174,1.581968971486554,0.9062402200411936,-0.1483250536058364,0.8467493353740215,15.37616160751371,13.437285094196614,1.938876513317096,-0.0125512863813485,0.9373399886470688,0.0278144694387421,1.090578080850816,0.0557332229868748,1.3774033402872916,0.0387421818651994,1.122038962962369,-0.067268245032643,0.8817581217446646,-0.0061653046164773,0.9905350635792188,-0.0305655503291454,0.937721281499252,-0.1483090246928965,0.7931865309093131,0.0557332229868748,-0.1483090246928965,1.3774033402872916,0.7931865309093131,0.2040422476797714,0.0003943176316478,0.0005380805195231,0.7328091043069539,-0.0001437628878753,5.782628204541841e-05,5.941372659174954e-05,0.973117731957374,-1.5874445463311262e-06,5.317355986484318e-05,7.248538576615616e-05,0.7334750936612962,-1.931182590131297e-05,8.64287384646131e-05,0.0001134232320893,0.7619349010221181,-2.6994493624730683e-05,4.917746605934125e-06,5.198742829830761e-06,0.9441331174520492,-2.80996223896636e-07,1.1868206921895409e-06,1.7064905430540775e-06,0.6914227969341923,-5.196698508645367e-07,0.1348991494057375,Train129.csv,Normal,1.1442907915015927,1.2935755621091845,1.0981282053374632,1.092487378156863,1.1958518837233238,1.1613970485345035,0.0428337204358832,0.0309388040917784,0.0368862622638308,0.7879738070901814,0.8826428547743179,0.8353083309322497,-0.1517881981976957,-0.0663077155038892,-0.1090479568507925,0.1489379192832179,0.5056017550190031,5.831055871362679,0.0954705862257458,0.741190304501762,-3.9862456498632114e-05,0.8894936043283228,-3.922537875882662e-06,0.8310668257391508,-3.791904682986448e-06,0.8439132301487067,-2.767805182316181e-05,0.7256524446218223,-7.635832469902684e-05,-0.037029074698563647,0.48433176400573125,0.9071476253292614,1.1351071365950587,-0.22795951126579728,0.8548245534053933,-0.02768613405948986
1255,18.61829979564951,67.02587926433823,0,0,0.7852375918926786,0.798633745906151,0.9832261485137542,-0.0133961540134723,1.652393665951945,1.7316197491950829,0.954247407479362,-0.0792260832431377,0.9785109058716036,18.16311401471305,14.798592362289355,3.3645216524236954,-0.5971813210005262,0.4743868245050585,0.0534011507012848,1.2214945867742986,0.2648055264627178,1.350112936023607,0.0230829306578083,1.026552662252674,-0.155765698347571,0.8026169500460153,0.1348512283608687,1.229685562188216,0.0085179946768539,1.008676736949053,0.1986836408907305,1.2825257543662247,0.2648055264627178,-0.5971813210005262,1.350112936023607,0.4743868245050585,0.861986847463244,0.0012871369050371,0.0012747831507361,1.0096829468325348,1.2353754301057266e-05,0.000225425713285,0.0001584771500282,1.422359561926259,6.694856325686522e-05,0.000136676448635,0.0001486838933289,0.9191799715187132,-1.2007444693837928e-05,0.0003566252363059,0.0004091287999656,0.8716485367211247,-5.250356365976e-05,2.417093430762395e-05,2.380478641473513e-05,1.014954906027142,3.661478928888192e-07,4.521984599381557e-06,5.196113798506282e-06,0.8685911938150462,-6.741291991247254e-07,0.1906513879551807,Train130.csv,Normal,1.2273541670573902,1.346485471218914,1.2802888767677416,1.230292230523801,1.3133871739933278,1.2856888595034857,0.2618977185285306,0.1966848835717796,0.2292913010501551,0.4706069613730091,0.8026403023510973,0.6366236318620532,-0.6005200786360972,-0.1552120861289929,-0.3778660823825451,0.2750737986632833,0.875878509845905,-13.579965141436476,-0.1253622356432391,0.8873609604582102,-4.714126900800234e-05,0.8581864802889724,-1.8466870179520165e-05,1.0252711866789086,1.410468433112417e-06,1.454585946831145,8.056546043466145e-05,0.7785388255526301,-7.623444133932002e-05,-0.007454784624443911,0.43697445704863147,1.1736293511678313,1.015331449100988,0.15829790206684335,1.1126812045996752,-0.013734690722326168
438,6.497860805174888,23.3922988986296,0,0,0.1398925398448738,0.1323221072771027,1.0572120725057437,0.0075704325677711,1.325767226066329,1.5453425666829488,0.8579115375906263,-0.2195753406166198,0.9053000686937264,18.593279411850013,17.68300432534145,0.9102750865085624,0.0304845238529524,1.3006200614898926,-0.0109463178459276,0.9225837246463692,0.0136306989304718,1.1000935069862507,0.0270584693485671,1.1795282325911656,-0.0248170905854663,0.8526682238863346,0.0080984033596458,1.0661803121681372,0.0081290196263209,1.0563688600956345,0.0188257215575373,1.2840713587676984,0.0304845238529524,-0.0248170905854663,1.3006200614898926,0.8526682238863346,0.0553016144384187,1.2610387018111563e-05,1.2264381866896526e-05,1.0273745069086722,3.460051512150391e-07,3.246918571050654e-06,2.6924010487561207e-06,1.201493972386211,5.545175222945334e-07,4.214849681872536e-06,5.119012625760861e-06,0.821766290982231,-9.041629438883246e-07,4.774757114785347e-05,5.30362670054999e-05,0.9001118050946533,-5.288695857646435e-06,4.571354703137457e-07,4.815177630835515e-07,0.9300487279358788,-2.4382292769805737e-08,2.6331836681340225e-07,3.403308006250092e-07,0.7516277939125763,-7.701243381160694e-08,0.0082145795754164,Train131.csv,Normal,1.0514773993856508,1.387936823786566,1.0638108082485875,1.060451997463132,1.2258738160175768,1.170733209832762,0.0306305080022154,0.0093144536278201,0.0199724808150178,0.7091913866351172,0.8595494772786186,0.7843704319568678,-0.0218190106915097,-0.0140991226887468,-0.0179590666901282,0.1858577210951249,0.678745437151449,-20.293636013026457,0.1818636741308363,0.9191239262331548,-2.3523286714054245e-07,1.1870131598533291,4.688652471509661e-07,1.005708257607424,6.076087531156072e-08,1.0904654859110536,2.1632360562987778e-07,2.094874050336113,1.572898002410494e-07,0.034587159360948395,0.6391293397976898,1.1355401770104898,1.1077657643741707,0.02777441263631908,1.094395634457269,0.007613646547067571
663,9.835802999614044,35.40889079861056,0,0,0.4376572247674444,0.4501452164694692,0.9722578382093056,-0.0124879917020248,1.45512627963576,1.6208025611901684,0.8977813248206098,-0.1656762815544084,1.0040223444082053,16.797070393583873,18.81703072905716,-2.0199603354732893,-0.1588274068472381,0.7376546120711837,0.084928333432273,1.3074529545332607,0.0019837580404322,1.0045277849943084,0.0079689257050916,1.01921887258175,0.0258151183783449,1.0797295944654992,-0.0994099835784243,0.7984664829079002,0.1269699012274755,1.2702557818187588,-0.0519479304293399,0.8951477599625152,0.1269699012274755,-0.1588274068472381,1.3074529545332607,0.7376546120711837,0.2857973080747137,0.0006268419216061,0.0004957448130044,1.2644192354023795,0.0001310971086016,3.4027642609622854e-05,4.531052188555866e-05,0.750821949834292,-1.1282879275935803e-05,2.780234691138382e-05,3.179327600190001e-05,0.8741975798255134,-3.990929090516189e-06,2.996490081387997e-05,3.0104418641205884e-05,0.995035008674505,-1.3951782732590998e-07,3.60027268243542e-06,4.896564665920618e-06,0.7337664797208784,-1.2962919834851987e-06,1.7096975706705653e-06,1.8933800292563493e-06,0.8982428860192173,-1.83682458585784e-07,0.1007186216846891,Train132.csv,Normal,0.8926525457982801,1.3179722650723125,1.2680912899220975,1.0894178860159027,1.293031777497205,1.225160480336771,0.1248725314092237,0.0859039591292519,0.1053882452692378,0.7320221746623574,0.796015458108721,0.7640188163855393,-0.1613040952637019,-0.1003382721631167,-0.1308211837134093,0.1958931288334168,0.585950090409955,-22.43681889073777,-0.5226072669493118,0.8760385699847972,-3.887102007969121e-06,0.7886266851023298,-4.574068391021254e-06,0.5936638647846606,-2.773047344123534e-05,1.6236667668604663,0.0001432193526187,1.0706489980791667,1.424988675776984e-05,-0.024900494118110805,0.8726688334765204,0.9879566748963914,1.0165451171995843,-0.028588442303192907,1.0019857722491523,-0.007413669417222814
1191,17.668840682564593,63.60782645723253,0,0,0.4924987303763147,0.459898304066352,1.0708861400723886,0.0326004263099627,1.526016665992065,1.6225250661406878,0.9405196187302228,-0.0965084001486225,1.184220713354924,38.525040015584565,38.04813783163367,0.476902183950898,-0.0010936297964065,0.994485377139815,-0.0961108915635198,0.7140686809601688,0.123371141324695,1.2055707243231653,-0.1393773851842821,0.8420057772162662,0.3328940923944434,1.7754393842510812,-0.1046399016457674,0.6967192520203362,0.0630927333252164,1.2484646374712958,-0.0113481979258475,0.9380253958731704,0.3328940923944434,-0.1393773851842821,1.7754393842510812,0.6967192520203362,0.4722714775787255,0.0006231044469069,0.0007603289914519,0.8195087374343978,-0.000137224544545,5.137318938930331e-05,3.259708930587855e-05,1.5755220868500373,1.877610008342476e-05,2.996862872858567e-05,2.6539487475734527e-05,1.1287837008520838,3.429141252851142e-06,0.0001388663131901,0.0001659663818627,0.8366630940603154,-2.71000686725201e-05,6.455725442782521e-06,7.985578137250485e-06,0.8074119634584064,-1.5298526944679638e-06,1.70906021340017e-06,1.6450730867534251e-06,1.032619179828877,6.398712664674463e-08,0.0282701450468711,Train133.csv,Normal,1.012534179095331,1.7926503233969389,1.2390397041934649,1.1988260976132243,1.515845013795202,1.410172041734543,0.3362058270553609,0.1191986833486894,0.2277022552020252,0.6900824896877501,0.7017803681157156,0.6959314289017329,-0.1434205970102302,-0.1063313401073084,-0.1248759685587693,0.3435859077001915,1.1025678337091889,4.571110714658403,0.341243404578464,0.8361006319555686,-2.724243053374599e-05,1.1222679813284715,2.8152400955425306e-06,1.104121009110095,1.1661248487369264e-06,1.3243406837601306,1.7161180031800327e-05,0.969064071644688,-3.22040543923374e-06,0.02014383599379193,0.30431545764232626,0.9610697617882674,0.971374927474383,-0.010305165686115614,1.1835765580662325,0.03599481559477531
1244,18.45511151058804,66.43840143811694,0,0,0.6426099121498603,0.7425549698555124,0.8654038146440017,-0.0999450577056521,1.665269705383961,1.7389288100616342,0.9576410984579216,-0.0736591046776735,0.8253533757399082,14.95595410205176,14.472224180767853,0.4837299212839063,-0.2560870893612241,0.7435705283704908,-0.0607530531076671,0.9415890411421934,-0.0077124258249016,0.9904028661121494,-0.2452405361136991,0.7737312655461329,-0.0537857058666264,0.8522019712113733,0.050654783236482,1.167845978517648,-0.0256056830646597,0.9342939205657224,-0.0473840776599953,0.8715426808248828,0.050654783236482,-0.2560870893612241,1.167845978517648,0.7435705283704908,0.3067418725977062,0.0007436123130675,0.0013125194057616,0.5665490691509786,-0.000568907092694,0.0001253809731945,0.000132279518514,0.9477770771485508,-6.898545319412104e-06,0.0001036806047957,0.000116098009788,0.8929668589189301,-1.241740499229026e-05,0.0001442706272135,0.0001445808143826,0.9977855635539432,-3.1018716913400776e-07,1.273093812436264e-05,1.1844915672591326e-05,1.0738952917055906,8.86022451771314e-07,3.39098237218261e-06,3.3052857669921726e-06,1.0228326034347,8.56966051904373e-08,0.1889803399332628,Train134.csv,Normal,1.033424711012457,1.168994501406134,0.9866092328572602,0.9410447327019446,1.0778018671316971,1.032216155655113,0.0506155524696906,-0.0107485155113635,0.0199335184791635,0.7414596483492066,0.7701660337577853,0.7558128410534959,-0.2576867783419414,-0.2489531299829253,-0.2533199541624333,0.1266041821038372,0.4275348530569274,51.71065183234103,0.6090042491942969,0.9784573640530831,-3.33635981046652e-06,0.9129061575490371,-8.596568131307418e-06,0.8089965812058916,-8.779454693774086e-06,1.0484628982811592,6.74307625502256e-06,0.9824191361048504,-4.865176796457196e-06,-0.05660606723719476,0.3639561648117963,0.9912275266360845,0.8918541452082779,0.0993733814278066,0.9234552123453627,-0.0808552099922981
625,9.272061651219875,33.37942194439155,0,0,0.2646868711273239,0.2902482334951042,0.9119327233130649,-0.0255613623677802,1.3040311354064924,1.4866822641053117,0.8771417794641164,-0.1826511286988192,0.7794925032743837,19.451690395979245,24.97923515643832,-5.527544760459076,-0.073075324701772,0.7212108478037699,-0.0017406406838429,0.9915195990078436,0.0679741806184392,1.3079650901324495,-0.0132853730260578,0.9393582829557376,-0.046001411838873,0.8416330668093146,-0.0944913565379759,0.8044503740597416,0.029888196536228,1.154232432870229,-0.0221392036057665,0.933544458506335,0.0679741806184392,-0.0944913565379759,1.3079650901324495,0.7212108478037699,0.1624655371564152,8.795319696629664e-05,0.0001349801210499,0.6515528416615232,-4.702692408360535e-05,1.610611467508578e-05,1.999600453674306e-05,0.8050640319262781,-3.889889861657281e-06,2.510283082792257e-05,3.563048444375107e-05,0.7043347255153237,-1.0527653615828491e-05,0.0001333545680014,9.36174695967365e-05,1.4243102860282792,3.973709840469527e-05,1.5397149833146449e-06,2.2268404690286705e-06,0.6883436725298758,-6.871254857140257e-07,4.682375884339122e-07,1.0366440413472686e-06,0.4473704238846897,-5.684064529133564e-07,0.0166571773926179,Train135.csv,Normal,0.7787144108445003,1.2688109470532347,1.1230942504016213,0.9867575210282296,1.195952598727428,1.1262209061610289,0.0590015892798175,0.0227163637328133,0.0408589765063154,0.6849911526747756,0.8027129921196838,0.7438520723972297,-0.095078868172799,-0.0804715832241442,-0.0877752256984716,0.174167082883345,0.5838197943784591,65.69714493642624,-0.1651122289752651,0.7651082944610551,-7.874977702850642e-06,0.7773892953521367,-1.3797269537165962e-06,0.5718082816122542,-2.4359723052909126e-05,0.7197078256202448,-2.0514940955478194e-05,0.8809399424516506,-1.1744666226984826e-06,-0.057354352733324836,0.5939019975575337,0.9640757551454352,1.0068985123146879,-0.042822757169252657,0.6896351341948787,-0.014616198691188536
1142,16.941911049108956,60.99087977679224,0,0,0.5045244588731572,0.4847421038505805,1.0408100399312004,0.0197823550225766,1.5027474183794938,1.6471004685299215,0.9123592871035612,-0.1443530501504277,1.0582793689787122,21.25415739031873,24.834183074615908,-3.5800256842971727,-0.0511486611761693,0.8474395040382094,-0.1340678394680805,0.7314599586577867,0.0193087752809763,1.0469031653671317,0.019502645163092,1.0380474675942712,0.0392089263538222,1.0899292941836107,-0.099615834462858,0.8403882474948434,0.0272259498521572,1.047277099740293,0.2811686341266333,1.6727409769809785,0.2811686341266333,-0.1340678394680805,1.6727409769809785,0.7314599586577867,0.4152364735947138,0.0003780932951905,0.0004134828690151,0.9143889133834132,-3.5389573824594e-05,8.374510965126778e-05,5.817777962761735e-05,1.439221606103703,2.556733002365043e-05,0.0001122249594521,0.000121195146092,0.9259091966841334,-8.970186639979368e-06,0.0002397314846616,0.0001950912820072,1.228754020451603,4.4640202654423386e-05,9.88689965902531e-06,1.071879305001142e-05,0.9215295339315716,-8.318933909861111e-07,1.634688622102682e-06,1.6962836619024347e-06,0.9580403649180306,-6.15950397997527e-08,0.028914194807799,Train136.csv,Normal,0.8558428242999103,1.6725535682294654,1.0958065999713469,1.0426368260475314,1.384180084100406,1.2703323314161146,0.2793574527361708,0.0412860527192767,0.1603217527277238,0.7262357021997231,0.8343891430457057,0.7803124226227144,-0.1357659963764691,-0.10019818390412,-0.1179820901402946,0.2702375778890937,0.9463178660297424,18.200542399149867,0.2129910129616083,1.2073415104262832,4.394001728409537e-05,0.9021223128311532,-9.525295628386843e-06,1.570637440633715,1.506916527997547e-05,1.0802254403032197,5.928652159148829e-06,0.57875343511965,-0.0001291475070223,0.013294995795954615,0.3390723982063713,1.1868021080720383,0.8752675426877093,0.311534565384329,1.184328397922696,0.031070907462367223
839,12.446815560597562,44.80853601815122,0,0,0.5015696849635174,0.4542594886289288,1.1041479297128245,0.0473101963345886,1.4664057327255875,1.564335857805193,0.937398267792067,-0.0979301250796051,0.8806764180993346,25.899188893979385,20.382529111832667,5.516659782146718,-0.0312897356202713,0.8441694746202872,0.0647054969393974,1.299967781764891,-0.0327365655208198,0.8849474049939241,-0.0206614798573931,0.9425685330103682,0.0482305779252223,1.1280892798978963,-0.130907054163439,0.8385760230198109,0.1171023172488386,1.3777134606935244,0.2726861606781419,1.4029148928273305,0.2726861606781419,-0.130907054163439,1.4029148928273305,0.8385760230198109,0.4035932148415809,0.000421663101686,0.0003510927149319,1.200967932611102,7.057038675402691e-05,8.657783085790289e-05,7.669600676653461e-05,1.128696884474961,9.881824091368277e-06,5.968682319753634e-05,5.412675752479036e-05,1.1025193588700706,5.560065672745983e-06,8.707280234323156e-05,7.411410803473131e-05,1.1746893777451335,1.2958694308500254e-05,4.359906556013944e-06,4.9835172371831865e-06,0.8731133485529613,-6.236106811692426e-07,1.3148721649772462e-06,1.3553146671125911e-06,0.9630543029014532,-4.044250213534495e-08,0.1158685365036592,Train137.csv,Side I,1.270656292905161,1.4016365320383777,1.3760489394329527,1.3136891520424698,1.3888427357356652,1.3637915411712669,0.2712801523136627,0.1144855054526454,0.1928828288831541,0.8014194599866356,0.838223149398795,0.8198213046927153,-0.1310521659433572,-0.0435036770278236,-0.0872779214855904,0.2412930120806901,0.6002170720517419,-6.3071063696127965,-0.2447244358196201,1.257376084537532,2.078653568863695e-05,0.9881975784089784,-4.1028007910715513e-07,1.1721675953628192,8.032567844298818e-06,0.994451455282091,-1.0203233270276817e-06,1.6398449575068497,8.056474630971618e-05,0.05890786043562918,0.6245249288676474,1.2064014588468888,1.0096948871263673,0.19670657172052142,1.0516055430179627,0.05545547907365758
0,0.0,0.0,1,1,0.0772703541397085,0.0601269751383456,1.285119384614377,0.0171433790013628,1.4179837392574348,1.5812808897583204,0.8967310864718321,-0.1632971505008855,0.9851063555064128,23.40602509811109,23.05621226408903,0.3498128340220638,0.009032004507126,1.1294669668776518,0.002986546425969,1.047411369952831,0.0434605800362974,1.9811766537572693,0.0496681494948128,2.3075498959424543,-0.0142680804225956,0.8118349195973574,0.0014011635532964,1.027762658096626,0.0200368396485866,1.2831270745234125,0.0261130312831329,1.4493576347181212,0.0496681494948128,-0.0142680804225956,2.3075498959424543,0.8118349195973574,0.0639362299174085,1.137863322381459e-06,1.333428905474122e-06,0.8469843977191225,-1.9556558309266293e-07,9.12906402987922e-08,1.543091160375819e-07,0.5556030152210883,-6.301847573878971e-08,7.237153145890976e-07,8.581195849511809e-07,0.833658550198238,-1.3440427036208336e-07,2.548814004273171e-07,3.610668165652884e-07,0.6868881534236335,-1.0618541613797133e-07,1.9218945858713856e-07,2.2089905821663005e-07,0.8323527175534252,-2.8709599629491485e-08,2.8959530560352184e-07,3.288430135386906e-07,0.8546592198527196,-3.9247707935168775e-08,0.0,Train138.csv,Normal,1.0151721722485696,1.7646385576015648,0.9854268919866676,0.9537678630747126,1.3750327247941163,1.2346111042209815,0.0070756567812141,-0.0004040776267032,0.0033357895772554,0.7849912290571808,0.835799882920801,0.8103955559889908,-0.0075011758306279,-0.0063764473238207,-0.0069388115772243,0.2960652666391837,0.979647328544384,28.32454258196765,-0.0886280445315899,1.0,0.0,1.0,0.0,1.0,0.0,1.0,0.0,1.0,0.0,0.4285844750340699,1.931758853492712,1.2534157891127198,1.3860183301959175,-0.1326025410831977,1.0,0.0171433790013628
340,5.044001538263612,18.158405537749005,0,0,0.2792718699405905,0.2860878642193985,0.9761751374559104,-0.0068159942788079,1.4601325793781608,1.6041710936278302,0.9102099994670604,-0.1440385142496694,0.983454662940583,22.108204594641062,20.622737682670746,1.485466911970324,0.034363946380959,1.224506210803469,0.017765635865671,1.0614928646177049,-0.2028851888913671,0.5738490705619691,0.1229119352480378,1.429553148652022,0.0083840455879377,1.030800634455333,-0.0128178262442987,0.955997747967346,0.0742970262746628,1.388711775238148,-0.0479671826238946,0.7709522966722016,0.1229119352480378,-0.2028851888913671,1.429553148652022,0.5738490705619691,0.325797124139405,0.0001767336649304,0.0001999084460124,0.8840288050230289,-2.317478108200099e-05,3.730598663218739e-05,3.8776441555879394e-05,0.961830607183721,-1.4704549236920037e-06,2.532588195843696e-05,2.880355204501714e-05,0.8789573017193026,-3.4776700865801776e-06,8.765631872674057e-06,8.994603055341909e-06,0.973461219645203,-2.2897118266785214e-07,1.2025364187367985e-06,1.34080534208279e-06,0.8902366471860573,-1.3826892334599185e-07,5.770429608641349e-07,6.734874418816005e-07,0.8442627113609721,-9.644448101746565e-08,0.0516505752229175,Train139.csv,Normal,1.0720305385302096,1.4088311406277558,1.3880160894715663,1.2384934194953,1.3984236150496612,1.345113549864874,0.1159879141433931,0.0702044035178103,0.0930961588306017,0.5485244432414511,0.6928404645551617,0.6206824538983065,-0.2145718815827572,-0.0627730210689167,-0.138672451325837,0.2886928906918006,0.8603066973863047,-0.2577189810349978,0.1047748147416882,1.1043215710371783,2.3164736388363418e-06,0.7345167186703585,-1.1760213254140044e-05,0.7124369852877054,-2.8248364100385724e-05,1.0791026035195077,5.025434794914726e-06,1.7690406974961033,6.699941753442727e-06,-0.05167896457389601,2.1174432493317283,1.0385539399592318,0.9532827153277142,0.0852712246315176,0.8420187691591906,-0.004855966415732148
415,6.156648936409997,22.163936171075992,0,0,0.2155079760748757,0.2310944273511878,0.9325537150311164,-0.015586451276312,1.4511537037323994,1.566028290440703,0.9266458999010578,-0.1148745867083036,0.8518875466133782,24.22689259457272,24.363396030767607,-0.1365034361948929,0.0363513918721434,1.202121606723639,-0.0699625492247176,0.8262548026424777,0.0264156767431278,1.257068030175934,0.0625378236998576,1.476027107966239,-0.0658094465053865,0.79311149213891,0.0371704636144627,1.1809455658654393,0.000223382645009,1.0017190215521838,-0.0685677470122615,0.6755457876234228,0.0625378236998576,-0.0699625492247176,1.476027107966239,0.6755457876234228,0.1325003729245753,8.147056120163039e-05,0.0001237593097338,0.6582452578660046,-4.228874853218148e-05,5.073818483717981e-06,7.817842330580484e-06,0.6481758662788147,-2.744023846862503e-06,2.030781860905525e-05,1.9365339132424744e-05,1.0481271305889042,9.424794766305104e-07,5.934213117008008e-05,4.71335537943405e-05,1.258753878185653,1.220857737573958e-05,1.1003057301126438e-06,1.0928374719523958e-06,0.9977043382147056,7.468258160248026e-09,4.216070222158289e-07,5.755455231749251e-07,0.7200243286462265,-1.5393850095909625e-07,0.0114625609075385,Train140.csv,Normal,0.9943971913453084,1.382532883790602,1.1989276055413391,1.181432937804714,1.2907302446659703,1.2542978090455517,0.0482752612629361,0.0367635373094543,0.0425193992861952,0.5945717418911565,0.7920934207050058,0.6933325812980811,-0.083916026100247,-0.0710286122306629,-0.0774723191654549,0.2444576887838237,0.7879611418994457,71.20558842870042,0.4046357991262743,1.07218382078613,3.174256111276881e-07,0.5925652012632243,-3.9841609160168695e-06,0.5696847564916498,-4.098580921376348e-05,1.0530741906706678,1.0758419482125604e-06,0.8396443345808282,-4.201558567400025e-07,-0.07932196667268857,1.096754879790359,0.9527367916803486,1.095148146514017,-0.1424113548336683,0.738441382808514,-0.008879363699914766
638,9.464920533565248,34.0737139208349,0,0,0.3158958573246022,0.3558469590377547,0.8877295152430713,-0.0399511017131525,1.5476466936820636,1.6402726095812112,0.9435301639536016,-0.0926259158991475,0.972354336282746,15.89694738527663,18.40405729285957,-2.5071099075829366,0.0080385940764112,1.0558804152860208,-0.0015842006585948,0.989599443269415,0.0138014679053007,1.0599141294926773,-0.0211959844958462,0.9131099908460276,0.4042701853042668,2.54633678999204,-0.5719638249054588,0.3343779752762501,0.111929741568872,1.584413864910016,0.04504938021432,1.39304177577878,0.4042701853042668,-0.5719638249054588,2.54633678999204,0.3343779752762501,0.9762340102097256,0.0001807667928162,0.0003067144320879,0.5893459206548733,-0.0001259476392717,1.1171811202221736e-05,1.5061337183566956e-05,0.7412621100669774,-3.8895259813452175e-06,3.3003721154279985e-05,3.4853529323285744e-05,0.9466546214595786,-1.849808169005759e-06,2.146003917924245e-05,2.0311934027161007e-05,1.056003781459005,1.1481051520814455e-06,1.523902710323266e-06,1.6941501054011588e-06,0.8942303295310584,-1.702473950778927e-07,8.518603607531951e-07,9.469342076368356e-07,0.8901974179153632,-9.50738468836406e-08,0.0276916531371844,Train141.csv,Normal,0.86377406479856,2.6235225840950265,1.6020360198407224,1.3271451510184542,2.1127793019678744,1.8509012516514007,0.4108667723277424,0.1092516840107052,0.2600592281692238,0.3312249560142847,0.8520517067149164,0.5916383313646005,-0.5741124662713584,-0.0356684784678414,-0.3048904723695999,0.6317578392940103,2.2922976280807417,39.76530553589798,0.6674948928638842,0.959749929174376,-1.3587170693724702e-06,0.7172632897316085,-2.648134581098848e-06,0.8925216849364751,-1.6135531948224948e-06,0.6865391788393508,-3.3661369144900684e-05,0.4990836317139978,-6.390991832300012e-05,-0.08602601852213064,0.6802131032177283,1.1039445386550153,1.035131329349371,0.06881320930564438,0.765441384502478,-0.03565722461609137
6,0.0890117918517108,0.3204424506661589,1,0,0.1426707042310373,0.1722778130023615,0.8281431802692423,-0.0296071087713242,1.3797767518083397,1.446033901041861,0.9541800792307952,-0.0662571492335213,0.899999990250843,35.726636963441315,48.60347912910893,-12.876842165667618,0.0099106769951507,1.1488282652896729,-0.1614029542758575,0.5239814450448216,0.00867332838265,1.0645619230038343,0.0332943504519933,1.267203118500786,-0.0186766123782606,0.8163025634533023,0.0138001634400228,1.076470330070978,0.00010320032003,1.000863619811749,-0.0198795904948721,0.8796406383864089,0.0332943504519933,-0.1614029542758575,1.267203118500786,0.5239814450448216,0.1946973047278509,2.4098121906715e-05,2.3601836311821915e-05,1.0205949926329791,4.962855948930817e-07,7.174375678023657e-06,6.385983871027951e-06,1.121700089101476,7.883918069957059e-07,8.198790735081676e-06,4.091968289940368e-05,0.2003140546002404,-3.2720892164322005e-05,3.2647652321114576e-07,4.367612730898061e-07,0.7307628097512356,-1.1028474987866028e-07,1.948955459738488e-07,1.9956999145615877e-07,0.9299783075795002,-4.6744454823099096e-09,2.801664593792188e-07,3.49626910712497e-07,0.7790475379724773,-6.946045133327829e-08,0.0,Train142.csv,Normal,0.7350633657559258,1.1492229467570838,1.11135570778663,1.072406890950265,1.130289327271857,1.1109951818313264,0.0132477231859741,0.0128018648812777,0.0130247940336259,0.5007362216866604,0.768662987056783,0.6346996043717217,-0.1669068969193167,-0.0367034188397658,-0.1018051578795412,0.2013909172023584,0.6484867250704234,-84.55678762682712,0.9823256626086128,1.0,0.0,1.0,0.0,1.0,0.0,1.0,0.0,1.0,0.0,-0.7401777192831048,3.566767605775932,0.985658196089712,0.9124572111127763,0.07320098497693561,1.0,-0.0296071087713242
860,12.75835683207855,45.930084595482775,0,0,0.6346640997171634,0.5854212680281725,1.0841151894151362,0.0492428316889909,1.4075356899388127,1.5020918529382037,0.9370503393750954,-0.0945561629993907,1.047669100359278,26.394482738586458,26.278178430547044,0.1163043080394139,-0.1014569299447901,0.7176723401888839,0.1305428079989388,1.2360639846752723,0.1630802407802376,1.3035962197693325,-0.1098706005802092,0.8351332787581902,0.093602445882071,1.2332961133748948,0.5142547073031877,1.79070550168612,-0.3379274123588981,0.5377473829993235,-0.3106603262504074,0.5398262532435335,0.5142547073031877,-0.3379274123588981,1.79070550168612,0.5377473829993235,0.8521821196620858,0.0011865726963595,0.0005624610766919,2.109571043791589,0.0006241116196676,0.0001226733799482,8.270801649052361e-05,1.4830309665646295,3.996536345772659e-05,7.665204196098446e-05,6.368912235010609e-05,1.20334533872674,1.2962919610878375e-05,0.0001982129942102,0.0002377871332193,0.833538199249278,-3.957413900904552e-05,1.0208003105970851e-05,1.0237377548700711e-05,0.9961576078813597,-2.937444272985984e-08,2.006372045369176e-06,2.3271053708622905e-06,0.8584859161180702,-3.207333254931149e-07,0.1306455726226736,Train143.csv,Normal,1.0044258888911404,1.792473963225549,1.298078309234023,1.24256035207965,1.545276136229786,1.4443708748464072,0.5145752513274662,0.159843969901871,0.3372096106146686,0.5266061685444164,0.5282198319401403,0.5274130002422783,-0.3449741788950121,-0.3177135002818226,-0.3313438395884174,0.4178310694266388,1.2658677946811323,-86.78607858748248,-0.7371387478539786,0.8695317866687259,-3.1407508315206285e-05,1.7506144271815258,1.5613299131695865e-05,1.40439579806444,2.81024932186696e-05,1.84268199779938,0.000153267279571,2.380107722507511,0.0003958085983066,0.05835640597635514,0.7521240065077927,0.9560930459763256,1.0857775148778295,-0.12968446890150387,1.6658974076817818,0.06915642590881327
422,6.2604960269036605,22.537785696853177,0,0,0.1969763492565221,0.187231456404917,1.052047249528721,0.009744892851605,1.409163389686667,1.5017623136834697,0.9383398207982212,-0.0925989239968025,1.040020003185718,26.909844753008727,28.138750281196828,-1.2289055281881005,0.0158209351788586,1.1512110511698583,0.0017581406388684,1.0072762863282,0.0609157034475433,1.4022483064167266,0.0568272058340412,1.3787515361617748,-0.0172166320348868,0.9363521360110788,0.012432262745656,1.0583259242278205,-0.0171428542775219,0.8820368316096568,-0.029567951866435,0.8164457138965915,0.0609157034475433,-0.029567951866435,1.4022483064167266,0.8164457138965915,0.0904836553139784,6.091519811074693e-05,4.2075906853623126e-05,1.4474013432243011,1.8839291257123807e-05,3.876322832392257e-06,5.03531101514356e-06,0.7683020572482903,-1.158988182751303e-06,1.1370646802415604e-05,1.212655873027879e-05,0.9368921664794192,-7.559119278631846e-07,7.239138395932487e-05,5.70063599309772e-05,1.2696598668690942,1.5385024028347674e-05,9.424140037496392e-07,1.093957348823571e-06,0.8536688530167582,-1.51543345073932e-07,3.439926458795655e-07,3.785818194447552e-07,0.8852515188978652,-3.4589173565189635e-08,0.0116559053083885,Train144.csv,Normal,0.9563269325939976,1.3253642731548971,1.3004468427113094,1.1168129654193149,1.3129055579331033,1.2475413604285073,0.0487281897812535,0.0436797487919774,0.0462039692866155,0.7045263244067451,0.7288236794749482,0.7166750019408467,-0.0459676446591774,-0.0360237866364242,-0.0409957156478008,0.2158602208901996,0.620837948748152,-24.276340526384445,-0.3430851432540933,0.7794602758872663,-1.448265083797095e-06,1.484799578248132,1.5630975643613603e-06,1.2911338822825258,8.4127113136234e-06,1.8331101588109653,8.788933127194943e-06,1.370362779215166,2.562384006866458e-07,0.04796170205672034,0.9694638123913093,0.918936156578023,1.1869118813049282,-0.26797572472690523,1.5363478731138744,0.012581961339919998
296,4.391248398017733,15.808494232863838,0,0,0.1740172206847118,0.1961317558902101,0.8872464890879663,-0.0221145352054982,1.4568977320348782,1.579487269430333,0.9223864927613292,-0.1225895373954548,0.9386090098704728,15.979457356825472,16.061674916578625,-0.0822175597531522,-0.0091834648191377,0.9348977768331004,0.0071261000909203,1.0747179217981386,-0.1647933570643595,0.5009013803829576,0.0255794441667234,1.2251588307350705,-0.0587222294298691,0.7545293759970096,-0.0065448649948427,0.9698205364380598,0.0898300746405729,1.490073729976928,-0.0103617158826637,0.9247557493479353,0.0898300746405729,-0.1647933570643595,1.490073729976928,0.5009013803829576,0.2546234317049325,5.0605943240505e-05,0.0001056671991726,0.4788728660174924,-5.506125593213815e-05,1.665312499962617e-05,1.8912623656019305e-05,0.8800642713373837,-2.2594986563931346e-06,1.2570028015584242e-05,9.64509501289698e-06,1.3019061955157958,2.924933002687261e-06,4.769770073025177e-06,4.849481761984876e-06,0.9815388361653083,-7.971168895969881e-08,5.895152846755993e-07,7.115173187138706e-07,0.8170493893707645,-1.220020340382713e-07,3.974831503394314e-07,4.967682636602196e-07,0.7843489398261486,-9.92851133207882e-08,0.0,Train145.csv,Normal,0.9948811334976588,1.4992253643393287,1.0793639366207486,1.0145759780742536,1.2892946504800389,1.1977217596781102,0.0862250864660104,0.0060828133243727,0.0461539498951916,0.4358435473792395,0.7508066192384246,0.593325083308832,-0.1855850100664062,-0.0573583398493058,-0.121471674957856,0.2870228118333114,1.0633818169600893,50.63890644587036,0.9249182285135892,0.8483139542759164,-2.077118181721036e-06,0.7699426049224751,-6.360594727903094e-06,0.3274277174992613,-4.863666760510741e-05,0.9478301230862352,-3.321878423805174e-07,0.770764607366473,-6.443317940588335e-07,-0.22122632981995788,1.7408094133480647,1.1282166719209743,0.8368390263380657,0.2913776455829086,0.6817334818359905,-0.007240911785893333
759,11.259991669241415,40.5359700092691,0,0,0.5992025173915502,0.6345306548468291,0.9443239713815772,-0.0353281374552789,1.6520756757391324,1.7396361287888134,0.9496673694588552,-0.0875604530496809,0.9781801043565276,27.38305223557566,24.598150922214074,2.784901313361587,0.0393221207574208,1.217428640703435,-0.2926424489353742,0.5623731985969617,0.1613364096086559,1.237345574455816,0.0005542331819603,1.0005685816801697,-0.2223773540315167,0.7687080525951303,0.0333613890326468,1.0850804551006972,0.0032996015752932,1.0076561948219944,0.0734531424669002,1.2879380474869877,0.1613364096086559,-0.2926424489353742,1.2879380474869877,0.5623731985969617,0.4539788585440301,0.0008685185607651,0.0011511718069915,0.7544582058979294,-0.0002826532462263,0.0001034941856165,0.000153399127771,0.6746286033970433,-4.990494215449258e-05,9.16343381561416e-05,8.617726563617424e-05,1.063200433147065,5.457072519967366e-06,6.650497899656718e-05,6.869414118330533e-05,0.9679908350666856,-2.1891621867381494e-06,7.260871868829566e-06,7.820899371490128e-06,0.9272079137249732,-5.600275026605626e-07,7.698850564557849e-06,8.128381947563066e-06,0.945992780157384,-4.295313830052168e-07,0.1153023135123364,Train146.csv,Normal,1.1132158799674023,1.271734518748317,1.2325364951974744,1.2262864194093912,1.2521355069728957,1.2435191444517275,0.1579291067842254,0.0681961111536815,0.1130626089689534,0.5570478543635596,0.7686936547058911,0.6628707545347254,-0.295013501202865,-0.2218704907275736,-0.2584419959652193,0.2328576253405229,0.7146866643847575,15.456371439618296,0.2463114388343239,0.9944121124594496,-5.510965656712328e-07,0.8128934714539744,-8.141849234667752e-06,0.6573447477910117,-6.42772877633047e-05,0.6591222576755501,-0.0002476845543455,0.8844396458313851,-3.681884397337024e-05,-0.05375014129218722,0.9116591559122099,1.1268915658032264,1.0057158045854042,0.12117576121782214,0.7097868256401787,-0.023222765605466503
737,10.933615099118477,39.36101435682652,0,0,0.219318834939035,0.2060787256962982,1.064247770144752,0.0132401092427368,1.4556202772947031,1.5094673522455733,0.9643270955718024,-0.0538470749508701,1.0583923084567444,19.85251935827943,21.14904768269645,-1.2965283244170251,0.0467204171161163,1.258133673618567,0.0196435039307447,1.1003093277067937,-0.0373364115659955,0.8692742030525098,0.0328149248580701,1.1150867649965972,-0.0020234328407651,0.98939002817853,0.0425010657396133,1.2653656652572531,-0.0020964028077931,0.9877586357864688,0.0159638902198498,1.1329562375290032,0.0467204171161163,-0.0373364115659955,1.2653656652572531,0.8692742030525098,0.0840568286821118,8.414473830441293e-05,5.778245707170649e-05,1.4559813264213637,2.636228123270644e-05,7.977287936631271e-06,6.7423459198763e-06,1.1814098435255245,1.2349420167549712e-06,2.739988582522264e-05,2.305718037196531e-05,1.1878298683840476,4.342705453257334e-06,3.584757147896425e-05,2.580697560750989e-05,1.3885271467869598,1.004059587145436e-05,1.075780984623549e-06,1.202878037904319e-06,0.8869655076633639,-1.2709705328077006e-07,4.16382460991154e-07,4.508756104276384e-07,0.9034595269747516,-3.4493149436484364e-08,0.0339273388689567,Train147.csv,Normal,0.938695663594122,1.2739199896518056,1.2730388145991858,1.1049586285436048,1.2734794021254956,1.217305810931532,0.0462343422718153,0.0427002636587959,0.0444673029653056,0.8248879936724347,0.9098517549345636,0.8673698743034992,-0.0497917821862959,-0.0144153254470601,-0.032103553816678,0.1489817438663979,0.4490319959793709,-15.377328089593448,-0.2528576007392127,1.2191355620274649,5.190324125527344e-06,0.8469848326490899,-4.619523212412292e-07,1.676991715665601,5.277441284640801e-06,1.507685038506858,2.072762866057725e-05,1.178584201538246,2.1003450185280417e-06,0.021364808933050223,0.35390229173993604,1.128693512857575,1.0759057347926235,0.052787778064951496,1.3438871956071832,0.022203553514577166
0,0.0,0.0,1,1,0.0768692148511006,0.059204797642342,1.2983610269535852,0.0176644172087586,1.3246523653907358,1.4699957776873167,0.901126640284294,-0.1453434122965808,1.0058071703058868,27.93110783674724,45.44465997999991,-17.513552143252667,0.0102581409193086,1.1529154648376696,0.0039620635825844,1.0668900204412104,0.0448898439921719,2.0474607803693594,0.043965478988308,2.0202689023604443,-0.0125973305800331,0.830722683228105,0.0039737639316421,1.0784757952134671,0.0195455206942364,1.271645176261911,0.0273943987045089,1.495212917891323,0.0448898439921719,-0.0125973305800331,2.0474607803693594,0.830722683228105,0.0574871745722051,1.1141448402283909e-06,9.623355275631705e-07,1.1458440102673375,1.5180931266522018e-07,9.214771686885393e-08,1.3062353876944532e-07,0.6552794622807185,-3.8475821900591415e-08,7.40115380939062e-07,9.70235401809619e-07,0.755038411765919,-2.301200208705569e-07,2.35576317454772e-07,2.8133310173561097e-07,0.808615004787753,-4.5756784280838976e-08,1.927086618979633e-07,2.087191186131068e-07,0.8810782665910726,-1.601045671514344e-08,2.771789787318677e-07,3.326118266264472e-07,0.8090175446105615,-5.5432847894579466e-08,0.0,Train148.csv,Normal,0.614618039674925,1.2276452819659391,1.1818165186808498,0.968933463742532,1.2047309003233946,1.1261317547964405,0.0037994692883902,0.0034149184779006,0.0036071938831454,0.544744420176836,0.7885636339342722,0.6666540270555541,-0.0099643176355844,-0.008035825121411,-0.0090000713784977,0.2004939805272347,0.6829008617891031,-52.66824002739656,-0.3091196706794292,1.0,0.0,1.0,0.0,1.0,0.0,1.0,0.0,1.0,0.0,0.4416104302189649,1.9217303712775147,1.2817779631222337,1.4224220885494132,-0.14064412542717952,1.0,0.0176644172087586
377,5.592907588015829,20.134467316856984,0,0,0.3021184215604298,0.3260244761704536,0.9266740210502928,-0.0239060546100237,1.3727875896448172,1.4369345539592395,0.955358458260148,-0.0641469643144225,0.9907851055445588,42.91401132672909,36.63566177539334,6.278349551335751,-0.1160930837999122,0.750569379241203,0.0536722917337521,1.3090335448898256,0.1132694784840826,1.410211653324975,-0.0108072364815273,0.9631928126595782,-0.0860429323106143,0.725864555772976,0.0527066421067489,1.1672661686602686,-0.0250952188338494,0.9263545231833492,-0.1615789298171477,0.5468950580583392,0.1132694784840826,-0.1615789298171477,1.410211653324975,0.5468950580583392,0.2748484083012303,0.000201786865608,0.0003112667515269,0.6482554980998839,-0.0001094798859189,5.024903046155677e-05,6.8428068313612e-05,0.7342263114630091,-1.8179037852055227e-05,2.3176279544546985e-05,3.423709240802065e-05,0.6767371451107221,-1.1060812863473667e-05,7.776529769136052e-06,6.388135117972946e-06,1.215436939943808,1.3883946511631058e-06,1.0728272798782934e-06,1.1074397511698043e-06,0.9600761730153168,-3.461247129151092e-08,5.945704618377614e-07,6.726786682029591e-07,0.8709375135491955,-7.810820636519769e-08,0.0572713731148232,Train149.csv,Normal,1.171372625342855,1.3865109224246224,1.3352343957253896,1.1673087119416383,1.360872659075006,1.2963513433638834,0.1061794551255592,0.0550277038774967,0.0806035795015279,0.5059183443889198,0.7224838315719581,0.6142010879804389,-0.1746808134191406,-0.1194360012275596,-0.1470584073233501,0.2916631942712604,0.8805925780357026,14.802508505942626,0.333787580641455,0.8954054332035187,-3.99358237849615e-06,0.5771774111801702,-3.777059300103246e-05,0.6153558367511311,-8.866756683263677e-05,1.0717972657604655,1.5663955162885284e-06,0.6188699101682706,-1.757171137315013e-06,-0.14742380881739842,1.8631032659677682,0.8801719166339855,1.156604859152001,-0.27643294251801553,0.7547768378972556,-0.014710730237969372
876,12.995721610349776,46.7845977972592,0,0,0.6998618773818723,0.6722782444143538,1.0410300687050298,0.0275836329675185,1.5352450977827632,1.7110166750457865,0.8972706760844243,-0.175771577263023,1.1134747082989285,15.03752549787414,16.743103307098018,-1.7055778092238771,-0.0052538679641109,0.95474839015544,-0.035125161069741,0.930970474480448,-0.0266217643606763,0.9369163770223052,-0.0826835968148615,0.8589855257450564,0.0881709060098208,1.138116155546345,0.0572892132913929,1.0537391433290313,0.1553279157605959,1.3112637911843974,0.0124727989516582,1.0122998010600903,0.1553279157605959,-0.0826835968148615,1.3112637911843974,0.8589855257450564,0.2380115125754575,0.0011647131778464,0.0009918429519133,1.174280094241437,0.0001728702259331,0.0001150644271864,0.0001614758982823,0.7125354499078592,-4.641147109596824e-05,9.84235590608346e-05,8.258469414929448e-05,1.19164505752547,1.5838864911540127e-05,0.000123311593752,9.342419858109168e-05,1.3197693737913252,2.988739517097001e-05,1.09692686273912e-05,8.461414806122387e-06,1.2948567480680544,2.5078538212688138e-06,3.16359853890696e-06,3.4907060502922632e-06,0.903702994041114,-3.2710751138530305e-07,0.1330761879272815,Train150.csv,Side I,0.8981325154051849,1.3090591652147054,1.140636101572192,1.053576590483999,1.2248476333934488,1.1677572857569656,0.1531855802393557,0.0893143560270327,0.1212499681331942,0.8405736709427452,0.8486245528529996,0.8445991118978724,-0.0885716269749978,-0.035582681188417,-0.0620771540817074,0.1490133731358593,0.4684854942719603,5.338035667152127,0.0407228239373376,1.3059958471531148,4.252985721489355e-05,0.7967590830543675,-1.0436607533166691e-05,0.7773211212293022,-1.3770014314343756e-05,1.4044393191671962,0.0001492636918374,0.9403311204949252,-2.6623094899769987e-05,0.03150544901697613,0.7993676076949122,1.1257675785245065,0.9408784138860643,0.18488916463844218,0.9928398411502887,0.021441340505889025
699,10.36987375072431,37.33154550260752,0,0,0.2028781635917839,0.2021623136761174,1.003540916539985,0.0007158499156665,1.4374591802808507,1.6232251519541778,0.8855574777748726,-0.1857659716733271,0.9151225295896817,28.786863488968123,30.09750819824688,-1.3106447092787548,0.0914130212609724,1.4037438651092926,0.0086158161904255,1.0579806025208631,-0.097608010653278,0.7116655376791847,0.0028029171120604,1.0133620134750982,-0.0158603072565199,0.9112072912551896,-0.011536511057744,0.9093500266533304,0.0143141116820382,1.0812821540268451,0.0294045551409495,1.2332115187367754,0.0914130212609724,-0.097608010653278,1.4037438651092926,0.7116655376791847,0.1890210319142504,6.502939953693982e-05,7.221259229667475e-05,0.9004024567522189,-7.183192759734934e-06,1.2050040646641196e-05,1.2870483165478154e-05,0.9355270677219096,-8.204425188369567e-07,1.284741282316402e-05,1.8520399463504794e-05,0.6933154813239029,-5.672986640340775e-06,2.8307565798154407e-05,2.7383385799808e-05,1.0333722893923107,9.241799983464076e-07,1.17397136857555e-06,1.5035736632833642e-06,0.7756288293421267,-3.296022947078143e-07,4.6224210816340987e-07,4.845476550761174e-07,0.9346765744794902,-2.2305546912707523e-08,0.1061875061200568,Train151.csv,Normal,0.9564533811167918,1.4140263378819458,1.1486687876763022,1.0579098121577208,1.281347562779124,1.2068683125719897,0.090675734546456,0.0177184994621721,0.0541971170043141,0.6763962835943106,0.8880475114345394,0.7822218975144251,-0.1092851445452379,-0.0137111922536968,-0.0614981683994674,0.2008077945002563,0.7376300542876352,7.987263236049557,-0.0190318438463243,0.6914080133008181,-5.992639540100787e-06,0.5267803367102636,-4.599412585576282e-06,1.428807506196088,8.411856848468474e-06,0.7493198965407085,-1.0924825622398782e-05,0.9045393645312102,-9.89066704403806e-07,0.001284133119551533,0.3639346228873147,1.0746145664723168,1.0577966684364468,0.01681789803586997,0.9016359131490201,0.0010228117328141318
1112,16.496852089850403,59.38866752346145,0,0,0.3763352435729367,0.3448000125874929,1.0914594516229816,0.0315352309854438,1.4210488074330525,1.5716971638846648,0.9041492413711834,-0.1506483564516123,1.0512725897505866,17.561697689715,18.81735781746423,-1.2556601277492303,-0.0426269943205556,0.8606434205836719,-0.0100024158902556,0.9758334095993187,-0.012950420669644,0.9744029965503138,0.044930325125418,1.1003524227447878,0.0237078791671733,1.1209780356236996,-0.0248764676693634,0.9129256643092932,0.1356358000525471,1.5343356695129675,0.1703214605873471,1.7999294158328645,0.1703214605873471,-0.0426269943205556,1.7999294158328645,0.8606434205836719,0.2129484549079028,0.000279400839432,0.0002196747230888,1.2718264406534576,5.972611634319204e-05,3.100289534215208e-05,2.8765125156347925e-05,1.077419999867931,2.2377701858041567e-06,1.875650112008298e-05,2.6050956251059703e-05,0.719716534550427,-7.294455130976728e-06,8.234269042184862e-05,0.0001139055274116,0.72283991737387,-3.156283698981621e-05,5.037454762505036e-06,6.827978411166414e-06,0.7366877254655961,-1.790523648661378e-06,9.270083796975652e-07,1.0534146604893106e-06,0.8717280418825706,-1.264062807917454e-07,0.0259888869436833,Train152.csv,Normal,0.933271177108798,1.8050443768311413,1.5422666551869813,1.1545457596380615,1.6736555160090614,1.5006189305520614,0.1673355114501356,0.1335381352855717,0.1504368233678536,0.8449561419471895,0.9088072318309164,0.876881686889053,-0.0463685162804067,-0.0258338890308387,-0.0361012026556227,0.3168966466442369,0.960088234883952,-68.27167165045665,-0.2409124972058345,0.7334194970999336,-3.126223481569053e-05,0.6377670835517171,-7.662458790855708e-06,0.8980828924394751,-1.4320584855922398e-06,1.1285476705288,5.239899291575718e-06,1.2230128710775068,2.2091620234605228e-05,0.02235264199654847,0.2667520328026967,1.4157302498850417,0.9369599422444348,0.4787703076406069,0.8881325488399975,0.028321251457154327
319,4.732460266782624,17.03685696041745,0,0,0.3008129719317951,0.2565978491420526,1.172312867058119,0.0442151227897424,1.4589195905738668,1.582574903566374,0.9218644741980356,-0.1236553129925071,1.0474261788009342,21.169291055905376,25.096369196165817,-3.927078140260441,0.1004544481347528,1.2981807805052972,0.1111920000044437,1.3954358811512455,0.1254848737891367,1.4729539249288846,-0.0411918973363772,0.8466579702304587,0.0394727479546274,1.2056644809510977,0.0077399774507766,1.034581468287196,-0.0210548826719469,0.911424863964828,-0.0776880993563148,0.6460870592200599,0.1254848737891367,-0.0776880993563148,1.4729539249288846,0.6460870592200599,0.2031729731454515,0.0002516750714749,0.0001921812199879,1.3095034803920589,5.9493851487055866e-05,5.166071652044459e-05,4.512717570701468e-05,1.1445270048745229,6.533540813429907e-06,1.8738798394986017e-05,1.910838950142337e-05,0.9801452362706023,-3.695911064373565e-07,8.117426189215582e-06,7.747282506382314e-06,1.046426526626684,3.701436828332686e-07,9.526021995946212e-07,1.0298317240145988e-06,0.9161118838698245,-7.72295244199775e-08,6.087210032741338e-07,6.128786197931145e-07,0.977270665473021,-4.157616518980673e-09,0.0,Train153.csv,Normal,0.8435200678632184,1.447926300054986,1.4090041374083613,1.302999355458426,1.4284652187316738,1.386643264307258,0.1181430880541009,0.112580759199979,0.1153619236270399,0.5511730431769188,0.7908250527874714,0.6709990479821951,-0.0963392887778571,-0.0556534674362697,-0.0759963781070634,0.3030251726144067,0.8967532568780672,-7.482265093869898,-0.097534698177145,1.3602329480647968,8.079192843908043e-06,1.4455488501765366,2.942018102839472e-05,1.5976447117210877,3.874398385282864e-05,0.9025741704824536,-6.771891972482603e-06,0.7193023862912057,-3.058581856573196e-06,0.38083064636151864,2.5909415445814785,0.8640311304906948,1.3888568621951425,-0.5248257317044477,1.3152559107933592,0.07064005710313048
1034,15.339698795778162,55.22291566480138,0,0,0.5322247247051741,0.4378348297538171,1.2155833122015367,0.0943898949513569,1.3997595318030729,1.4806656741093374,0.9453582579953342,-0.0809061423062644,1.1347981426482132,30.532836346227967,32.01931627652155,-1.4864799302935836,0.2850959999667311,1.6051507523515398,0.0734055075383235,1.3187727783991832,-0.0626494359440009,0.8630954729933508,0.053638823137164,1.1525660762176906,-0.061799188565401,0.8731816588762378,0.0787577324601913,1.1955023440326975,0.286943070370964,1.4809308226009152,-0.1153169937986655,0.7202061635051544,0.286943070370964,-0.1153169937986655,1.6051507523515398,0.7202061635051544,0.4022600641696295,0.0007515543590568,0.0003256017531519,2.308130317108252,0.0004259526059048,0.0001512133358609,0.0001161546450657,1.3017156448535416,3.505869079519126e-05,6.939115785759627e-05,5.895693441363715e-05,1.176780827214723,1.0434223443959118e-05,0.0001237397020858,0.0001258757014443,0.9829527950042232,-2.1359993585591823e-06,8.230593554371847e-06,6.395192233082852e-06,1.284987749760388,1.8354013212889952e-06,1.3397620118445526e-06,9.6571297151998e-07,1.3731107927748996,3.740490403245726e-07,0.1570785140602844,Train154.csv,Normal,0.9535755252550688,1.61016825240976,1.4817667636462244,1.3331041193379176,1.5459675080279922,1.4750130451313008,0.2860116709309034,0.2852738478342965,0.2856427593826,0.7014679600698773,0.8479052148140664,0.7746865874419719,-0.1224494874495059,-0.0695068733928626,-0.0959781804211842,0.3012439409895115,0.9087002923398828,-63.99277754600158,-0.5786414040205043,0.9841433470632815,-2.422989767112696e-06,1.414128880331346,1.5690418306037785e-05,1.3228421285628755,9.822996899041512e-06,2.6139789482526035,0.0002462812626595,2.138118534810938,0.0001722150990404,0.07737966510125588,0.43631122778045267,1.1322131100462558,1.2623396679146912,-0.1301265578684354,1.7836499857156085,0.12486292955227918
0,0.0,0.0,1,1,0.076532068578798,0.059295340167601,1.2906925815005144,0.0172367284111969,1.4423406657102893,1.5054600074115323,0.9580730467955104,-0.0631193417012432,0.9157043602717778,24.61738828196392,24.419502923640987,0.1978853583229316,0.0053395628461084,1.0735537588646136,-0.0008897516561624,0.9866741052592533,0.0455080803299427,2.094081124458517,0.0404884167542533,1.772927071982754,-0.0135105179030989,0.8026355342191416,0.0079260515422897,1.191158088344443,0.022466362104542,1.333263012881558,0.0272740315420439,1.4999941954993157,0.0455080803299427,-0.0135105179030989,2.094081124458517,0.8026355342191416,0.0590185982330416,8.779599809892162e-07,9.118351601434148e-07,0.9524045284328572,-3.38751791541985e-08,9.339080830403977e-08,1.5795384788972909e-07,0.5560504238364099,-6.456303958568931e-08,7.43823111454041e-07,7.935463322824799e-07,0.9256754484103056,-4.972322082843897e-08,2.6997755228097025e-07,3.055998748941924e-07,0.855442519967673,-3.5622322613222105e-08,1.6445887411087994e-07,2.2072384283896945e-07,0.7127953144645816,-5.626496872808952e-08,2.5697903913530374e-07,3.070016333984026e-07,0.8106552524047614,-5.002259426309888e-08,0.0,Train155.csv,Normal,1.0081035780646592,1.2760675371936565,0.9264934767023596,0.9178395871638624,1.1012805069480078,1.0401335336866262,0.0055790395732711,-0.0024968763484437,0.0015410816124137,0.7286232650292098,0.7669107429339048,0.7477670039815574,-0.0091719536014889,-0.0081092209327504,-0.0086405872671197,0.1544473610876442,0.5474442721644465,-37.06064420080486,-0.3090678185335251,1.0,0.0,1.0,0.0,1.0,0.0,1.0,0.0,1.0,0.0,0.4309182102799224,1.9133017144699498,1.3414717655751056,1.3847696628607948,-0.043297897285689224,1.0,0.0172367284111969
136,2.0176006153054447,7.263362215099601,1,0,0.1970066492765886,0.19541240759472,1.0081582926074584,0.0015942416818685,1.3421622353933154,1.4067182491469072,0.954108775276194,-0.0645560137535918,0.886352709458144,26.264368262592274,23.433331340834364,2.83103692175791,0.0459443847339128,1.498458832974555,0.0610287924813833,1.3545610846874752,-0.0232463171955281,0.8849912726405939,0.0161994523627118,1.0728137498911066,-0.0821108246534124,0.6995944570965481,0.0649929526291357,1.381173449623374,-0.0062065399882498,0.9676253963027204,-0.043840555799621,0.7704554919108028,0.0649929526291357,-0.0821108246534124,1.498458832974555,0.6995944570965481,0.1471037772825482,5.783354812240133e-05,6.750342896169557e-05,0.856622882467039,-9.669880839294243e-06,3.21008248339234e-05,3.161311306926124e-05,1.0151064116810975,4.877117646621599e-07,1.0472395482168824e-05,9.512322124675729e-06,1.099773284820004,9.60073357493097e-07,7.226971872673125e-07,8.288094758793917e-07,0.8615748963847252,-1.0611228861207917e-07,2.0606567462622305e-07,2.434670601968444e-07,0.8129879853665833,-3.740138557062135e-08,3.080046817632878e-07,3.293160283714953e-07,0.9077221705131868,-2.131134660820749e-08,0.0,Train156.csv,Normal,1.1208123962134433,1.7720563437660617,1.3935525120283825,1.387310171665139,1.582804427897222,1.5176396758198611,0.0655049893312037,0.0629082999986995,0.0642066446649516,0.6726976712242915,0.6932190881939962,0.6829583797091439,-0.0813919340821289,-0.0607020749533257,-0.0710470045177273,0.3716214652919362,1.09935867254177,9.462667239552786,0.2086406249750734,1.0,0.0,1.0,0.0,1.0,0.0,1.0,0.0,1.0,0.0,0.03985604204671249,4.925166231914714,1.0397514459456325,1.2460037301008746,-0.2062522841552421,1.0,0.0015942416818685
0,0.0,0.0,1,1,0.0767366580349695,0.0587818266448899,1.305448458484674,0.0179548313900795,1.294437730229293,1.41566475566088,0.9143674135486488,-0.121227025431587,0.988151628076064,29.71889901048944,29.535948490347472,0.182950520141965,0.0100815919877293,1.150758109641141,0.0026165018048115,1.0435912014335529,0.0484432497483728,2.2481298915122485,0.0399466560877375,1.8225337475283527,-0.0130237194083053,0.8227268007949635,0.0066041091572702,1.1380943068176048,0.0208764427303598,1.290989596843737,0.0277825090236948,1.5184909268998434,0.0484432497483728,-0.0130237194083053,2.2481298915122485,0.8227268007949635,0.0614669691566781,8.894168624642708e-07,8.174403291899557e-07,1.0749015138469122,7.197653327431512e-08,9.165143374703381e-08,1.2589115104218956e-07,0.6744474017927714,-3.423971729515575e-08,5.828883250302762e-07,7.230817878893087e-07,0.7951204553976576,-1.401934628590325e-07,2.863211957580688e-07,3.444163098607269e-07,0.8078668723529763,-5.809511410265815e-08,1.887358849961014e-07,2.1661565382266682e-07,0.8328457536468008,-2.7879768826565337e-08,2.576817256445969e-07,3.150648089781443e-07,0.7927087723049163,-5.73830833335474e-08,0.0,Train157.csv,Normal,1.006194164041822,1.0996111778995932,1.09517474404877,1.0385721793340064,1.0973929609741817,1.07778603376079,0.0030122904012733,0.0026377289803847,0.002825009690829,0.6479960680231162,0.8646894428870997,0.7563427554551079,-0.0111238846195887,-0.0042194127312486,-0.0076716486754186,0.1388882637544967,0.451615109876477,-43.9571239110611,-0.200839703370133,1.0,0.0,1.0,0.0,1.0,0.0,1.0,0.0,1.0,0.0,0.44887078475198744,1.9184164508742372,1.3158582768537284,1.4808264008623142,-0.16496812400858585,1.0,0.0179548313900795
671,9.954485388749658,35.83614739949877,0,0,0.4930335174232648,0.5389660169288348,0.9147766144606458,-0.0459324995055699,1.54857239109194,1.73027918110411,0.8949841153113441,-0.18170679001217,0.970484842777696,14.455552540286975,16.680080286775365,-2.224527746488388,0.0722668850593544,1.224804184894207,-0.0092788159340562,0.9676371202604171,-0.270326267089391,0.5997192897615357,-0.0086447424840413,0.9875525993804324,0.2163581480481923,1.558294076504328,-0.0674236038976932,0.889654457391122,0.022718199518295,1.0410454375164084,-0.3150039554717667,0.4821571621386233,0.2163581480481923,-0.3150039554717667,1.558294076504328,0.4821571621386233,0.531362103519959,0.0005226022761987,0.0008506094368495,0.6143784794458721,-0.0003280071606508,6.609477165444695e-05,6.7224527981613e-05,0.9830480504380468,-1.1297563271660526e-06,6.228270337513529e-05,5.329294334856944e-05,1.1684664947645305,8.989760026565844e-06,3.224121880943039e-05,3.696381368643993e-05,0.8720014408807062,-4.722594877009536e-06,7.017797820991759e-06,9.075952077706689e-06,0.7723789164825824,-2.058154256714928e-06,2.066098210055773e-06,5.247692018944361e-06,0.3929667623381645,-3.181593808888588e-06,0.101933929336993,Train158.csv,Normal,0.866635668599363,1.574356839959149,1.2284162845837612,1.036063345989024,1.4013865622714552,1.2796121568439782,0.2194379122117706,0.0719129118707451,0.1456754120412579,0.4663008235222142,0.5876469851607725,0.5269739043414934,-0.3237509028217599,-0.2782398523905074,-0.3009953776061337,0.3246070474140874,1.1080560164369349,17.445448570592276,0.5455115548517737,1.1739887805394045,9.069131751577548e-06,0.9479312808372256,-1.8074987136470368e-06,0.8911515354563571,-1.0519021419711178e-05,0.6708081691964082,-0.0001452847676286,0.4606805188272961,-0.0001703373706868,-0.0894164573398795,0.9597847047810274,0.8042856856820513,0.9307201983053867,-0.12643451262333538,0.8366303284966636,-0.04093281746173698
793,11.76439182306778,42.351810563044005,0,0,0.2471210829020241,0.2232488413442391,1.1069310386774405,0.0238722415577849,1.253819317790024,1.4349800697121848,0.8737538140888365,-0.1811607519221607,0.909011938364994,37.89076098206049,38.792705545636906,-0.9019445635764144,0.0475981684562508,1.2670064030443633,0.0780880117487287,1.3610865532764556,-0.0356938986937244,0.8842501742847582,0.009573627517407,1.0322065627178951,-0.0070491847019434,0.963956411802546,0.0764937056596803,1.443184111330701,-0.0022686708801328,0.988079754176324,0.0422038064171026,1.2342589814698826,0.0780880117487287,-0.0356938986937244,1.443184111330701,0.8842501742847582,0.1137819104424532,6.703965420209951e-05,9.6938477126513e-05,0.6914977541587998,-2.98988229244135e-05,8.780098735544348e-06,8.269939640100588e-06,1.060406128206713,5.101590954437607e-07,7.921891704446822e-05,3.3800951461484844e-05,2.342995793381001,4.541796558298338e-05,1.8950848446499536e-05,1.3222926346619873e-05,1.4320980824729077,5.727922099879665e-06,1.5093774494053323e-06,1.4291370802664478e-06,1.0488072818788603,8.024036913888472e-08,4.169807794178374e-07,4.714603421193916e-07,0.8660750282822572,-5.4479562701554246e-08,0.0334631588682087,Train159.csv,Normal,0.9767496347404068,1.4562401791454225,1.3817398379316423,1.2834598332999538,1.4189900085385323,1.373813283459006,0.0796474482050154,0.0769730582572897,0.0783102532311525,0.8476428819334252,0.9293945893161384,0.8885187356247817,-0.0467812002953462,-0.0127107796621391,-0.0297459899787427,0.211104095223268,0.6085972972119971,77.32268900015416,0.1329541989583447,2.4219482063305526,4.8930980570651993e-05,0.8935857659477402,-4.542857024971423e-07,1.0760317637888897,4.635313185739785e-07,0.7124399000342363,-1.7050933072665615e-05,0.611996608141785,-1.2187573553890814e-05,0.03327279208745871,0.34443386440789897,1.2218409489923026,1.1707810435351922,0.051059905457110366,0.8940191432569554,0.025687290189017716
685,10.162179569736985,36.58384645105314,0,0,0.4858888515119016,0.448782953050911,1.0826811432607375,0.0371058984609906,1.5367697870189372,1.6986049484837458,0.9047246561618012,-0.1618351614648085,1.0508234942004164,18.991962642286868,20.7853717693244,-1.7934091270375276,-0.0100070632035505,0.9543019035375564,-0.0341119697729971,0.8700877354064706,0.0067258505123011,1.0141202643439178,-0.2316643464481482,0.6684918412796178,0.0910094987987973,1.2039315146683358,0.4630941065988159,2.070071947363674,-0.1451282152090772,0.6889928184485171,-0.0352761105092567,0.9156527391793148,0.4630941065988159,-0.2316643464481482,2.070071947363674,0.6684918412796178,0.6947584530469642,0.0007530994021341,0.0003707344257735,2.031316858136885,0.0003823649763605,6.044768554617581e-05,6.598950300325155e-05,0.9158809202426536,-5.541817457075744e-06,5.299226350488096e-05,4.35608826380057e-05,1.21623112263182,9.431380866875254e-06,3.577454283626583e-05,3.621654131063298e-05,0.987523002251543,-4.4199847436714933e-07,4.80565957148102e-06,4.607814515617091e-06,1.040678345834085,1.978450558639293e-07,4.875292794712663e-06,2.759234629836477e-06,1.7605199437364207,2.116058164876185e-06,0.1040607177285249,Train160.csv,Normal,0.9137177262895312,2.0758429826998133,1.2110878512894752,1.0012226091094498,1.643465416994644,1.4293844810329126,0.4638906415167073,0.093202475893188,0.2785465587049476,0.6577882759303022,0.6705775214621463,0.6641828986962243,-0.2387747310549616,-0.152285574025258,-0.1955301525401098,0.4256093519595266,1.418054706769511,-39.54548487699765,-0.7182821041457275,1.2110809680515362,9.160760042895e-06,0.980255131864899,-4.46791453025261e-07,0.834325167143711,-1.8583959716904507e-05,2.652483104621973,0.0003033869088995,1.8541700309896176,8.01482629614021e-05,0.06931132949623675,0.9076077842743707,1.2249058349971687,0.9461699677626484,0.27873586723452026,1.4890211345435276,0.030958384935483547
0,0.0,0.0,1,1,0.0765195334306615,0.059332337078733,1.2896764951691764,0.0171871963519285,1.4455455691985184,1.524622313242724,0.9481335457059182,-0.0790767440442055,1.005675338974829,21.279448713338404,20.505373558769115,0.7740751545692888,0.0059735950804395,1.0792935719451715,-0.0021480425047587,0.9666168869741812,0.0526540263883124,2.6172422093927654,0.042428808803423,1.9137353945480309,-0.0107317126350882,0.8515949205884342,0.0041834676193303,1.0991732188024852,0.0214851375314421,1.3028720755176837,0.0263911987616575,1.4747790667463905,0.0526540263883124,-0.0107317126350882,2.6172422093927654,0.8515949205884342,0.0633857390234007,5.820596458327581e-07,1.0764394787212736e-06,0.5357497193657169,-4.943798328885155e-07,8.037322248395075e-08,1.1470968940451225e-07,0.6444825808462217,-3.4336466920561495e-08,6.394511203423929e-07,8.112631420148991e-07,0.7786190413629839,-1.7181202167250628e-07,2.624685332456426e-07,3.357666758158645e-07,0.7590914671760278,-7.329814257022194e-08,2.199785006431416e-07,2.306121838996787e-07,0.9142450605695838,-1.0633683256537113e-08,2.796693021023595e-07,3.35307870531348e-07,0.8099129095204634,-5.5638568428988446e-08,0.0,Train161.csv,Normal,1.0377498679540398,1.4612380390506052,0.9939824769160538,0.9486400979464404,1.2276102579833297,1.1346202046377,0.0077512452742569,-0.0001857767804988,0.003782734246879,0.5627962491907376,0.828138348575195,0.6954672988829662,-0.0127132787182544,-0.0049612510798346,-0.0088372648990445,0.2352144912309379,0.8984417898598677,152.53091974747667,0.6274646594201378,1.0,0.0,1.0,0.0,1.0,0.0,1.0,0.0,1.0,0.0,0.4296799087982124,1.912988335766537,1.2922747870221865,1.5543842227707063,-0.26210943574851986,1.0,0.0171871963519285
0,0.0,0.0,1,1,0.0772438184014826,0.0602799615833533,1.2814176313051544,0.0169638568181293,1.495754791810977,1.6118151992058358,0.9279939680851856,-0.1160604073948587,0.9395491550925028,27.881522781292684,28.34077338400587,-0.4592506027131868,0.0095798653826299,1.1355001045555633,0.0021285356158929,1.032768983320498,0.0421372608064988,1.947700948579998,0.0485766639152611,2.186542117009531,-0.0150578417900556,0.8021903502736741,0.0011557327217634,1.024194988329761,0.0207795860811931,1.3025141773597209,0.0262010268244612,1.4490754620521276,0.0485766639152611,-0.0150578417900556,2.186542117009531,0.8021903502736741,0.0636345057053167,1.0358696663531178e-06,1.4196229311051394e-06,0.7245754414084286,-3.837532647520216e-07,9.017594858519944e-08,1.45298567180919e-07,0.5806618195011849,-5.512261859571958e-08,5.907338716147076e-07,8.162125222545371e-07,0.7149902182585367,-2.254786506398295e-07,3.4877109602400266e-07,2.648724171811213e-07,1.2688471968221804,8.38986788428814e-08,2.273162122174279e-07,2.1542125059164345e-07,1.0084063131617402,1.189496162578448e-08,2.966756113464671e-07,3.382228328925973e-07,0.8519705870004538,-4.1547221546130246e-08,0.0,Train162.csv,Normal,0.9837954100148047,1.4376377669764249,0.9995136401076482,0.946231265183508,1.2185757035420366,1.1277942240891938,0.0073802616473449,-1.4796280024542696e-05,0.0036827326836602,0.8128176931453769,0.8130639405702222,0.8129408168577996,-0.0072681855890207,-0.0064200325715081,-0.0068441090802644,0.1945771739622109,0.624820073831048,89.69040096399272,0.3013487834371187,1.0,0.0,1.0,0.0,1.0,0.0,1.0,0.0,1.0,0.0,0.4240964204532324,1.9310954600370647,1.2585948759138699,1.3719900121520199,-0.11339513623815001,1.0,0.0169638568181293
870,12.906709818498063,46.46415534659304,0,0,0.5788591767778829,0.5015033059009433,1.1542479549471591,0.0773558708769396,1.4319372138249675,1.5346259535567528,0.9330854865156936,-0.102688739731785,0.985034564796902,21.74152221998144,23.83959932606776,-2.0980771060863184,-0.0401724273879209,0.796911158395465,-0.0168880282854004,0.9602007724596292,-0.0501626145874836,0.8410827857249976,-0.0857274441286181,0.8229640061122712,0.245506965073986,1.515186669635743,-0.2008865595146649,0.754879364298706,0.1584572573723257,1.552105026798799,0.3849740421717219,1.5570408349124163,0.3849740421717219,-0.2008865595146649,1.5570408349124163,0.754879364298706,0.5858606016863869,0.0008309674611099,0.0004794588724927,1.7330999128051094,0.0003515085886172,0.0001067441103729,9.267991186691004e-05,1.151625977659987,1.4064198506038272e-05,9.633242710589857e-05,7.757777871003751e-05,1.2415927960241508,1.875464839586104e-05,0.0001521804184268,8.248471791700237e-05,1.8447292416941383,6.969570050980125e-05,7.414424517786356e-06,5.951185195133196e-06,1.243783622733212,1.4632393226531598e-06,3.0283931352666653e-06,1.5787845548174318e-06,1.906106857650476,1.4496085804492335e-06,0.0249367374124656,Train163.csv,Side I,0.9119919304636944,1.5579428038145071,1.5562902030050998,1.5260617587990168,1.5571165034098031,1.5467649218728745,0.38374961806535,0.2481986979737848,0.3159741580195674,0.7445465037459181,0.7540882101917143,0.7493173569688163,-0.2013621602346694,-0.0933591705132051,-0.1473606653739373,0.3597891508732999,0.813396300068589,-6.574226753072594,-0.3159471788735839,1.699680758637418,8.65902149589468e-05,1.2586678048031033,1.1577879937007618e-05,1.0907628373041225,3.039982506492074e-06,1.8945545886667428,0.0002119973209558,1.5848044995131163,0.0001352522852853,0.08957714058271019,0.6703117587327423,1.2880084086699737,0.8660649055266972,0.42194350314327644,1.4146617435913231,0.08437690919986197
1248,18.514452705155847,66.65202973856105,0,0,0.824730447320421,0.8786999121163134,0.9385803123028518,-0.0539694647958923,1.4102786349845409,1.8562284109115648,0.7597548982101969,-0.4459497759270245,0.9585287570907304,19.21250535588408,16.786963773276998,2.425541582607078,-0.4630297133738338,0.4595153265914202,-0.7461775622539927,0.4280061229493719,0.3067269379012736,1.4708987737939907,-0.4234016609073028,0.6054194038606708,0.2067693954438365,1.225750024129851,-0.0326060246607555,0.9546860177575834,0.3461469860185495,1.6159809365701772,0.3359828566192832,1.4784848641119392,0.3461469860185495,-0.7461775622539927,1.6159809365701772,0.4280061229493719,1.092324548272542,0.0009133383285037,0.0018284652074977,0.4995081829704766,-0.0009151268789939,0.0003399750675814,0.0002580884096992,1.317230385020867,8.188665788216583e-05,0.0003286470883814,0.0003599492289932,0.9130119799974252,-3.130214061177253e-05,0.0004448271696084,0.0003566321567293,1.2472646915547942,8.819501287911862e-05,3.446467896803366e-05,3.904325506203379e-05,0.8825046443193673,-4.57857609400013e-06,7.521132976536225e-06,8.24345645821508e-06,0.9112706918142234,-7.223234816788543e-07,0.1895879937594148,Train164.csv,Side II,1.1444895934679609,1.6181231502868203,1.477702236593434,1.4670964852115334,1.5479126934401273,1.5209739573639294,0.3454133085633201,0.3347749847461394,0.3400941466547297,0.4261643820160047,0.4532571476221523,0.4397107648190785,-0.7479869459367705,-0.4672610659609816,-0.6076240059488761,0.4560550711365806,1.1919587682708157,74.47433703326277,0.9582655816078888,1.2809064929178569,0.0001098594898294,0.8188297435939985,-5.530077201307368e-05,1.20517905089657,3.468824520227239e-05,1.7655852407334531,0.000132435879843,0.3726118805155772,-0.0008302896191394,-0.030371158697670632,0.4641146506288097,1.3497172728132334,0.7861400744449276,0.5635771983683058,1.2631980117413406,-0.06504286836010933
0,0.0,0.0,1,1,0.0768635354177191,0.06040762840209,1.272414175606306,0.0164559070156291,1.48828652617503,1.623118573859047,0.9169302483350004,-0.134832047684017,0.9224137670468496,17.757580623191433,18.45805899623572,-0.7004783730442803,0.0080519432318008,1.112303325589203,0.0010793164378842,1.016364954727768,0.0438034534759129,2.0300388386285286,0.0475068200410837,2.12337038421848,-0.0156490352589301,0.79449670139079,0.0015947163269618,1.033129680234527,0.0226426865775664,1.3366762947514723,0.0228520493817531,1.3881246617223515,0.0475068200410837,-0.0156490352589301,2.12337038421848,0.79449670139079,0.0631558553000139,1.118145754321469e-06,1.254683844527741e-06,0.8841306538070056,-1.36538090206272e-07,7.675958494315302e-08,1.6268285101039565e-07,0.4445119158852203,-8.59232660672426e-08,8.592067030862117e-07,1.1668193916214877e-06,0.7301092327365108,-3.076126885352758e-07,4.028794230536468e-07,4.135770927683456e-07,0.9511360031784858,-1.0697669714698632e-08,2.421786371265036e-07,2.428712350759249e-07,0.9577152460768784,-6.925979494212695e-10,3.109389094057545e-07,3.918766173688511e-07,0.773717344993894,-8.093770796309662e-08,0.0,Train165.csv,Normal,0.9620502685137348,1.3282849355700468,0.9192466682684622,0.902746317234978,1.1237658019192545,1.050092640357829,0.0065532325158935,-0.0025921714285432,0.0019805305436751,0.7341601812440026,0.7648730234240328,0.7495166023340177,-0.0098046721510791,-0.0092747353258864,-0.0095397037384828,0.1731289873304735,0.5941247543260442,-0.73160206534385,-0.0809162635958333,1.0,0.0,1.0,0.0,1.0,0.0,1.0,0.0,1.0,0.0,0.41139767539072747,1.9215883854429774,1.2526435455694502,1.3862357063151665,-0.13359216074571623,1.0,0.0164559070156291
599,8.88634388652913,31.990837991504865,0,0,0.1759536983400026,0.1722858325195532,1.0212893628797914,0.0036678658204493,1.4721299985793732,1.56093482213225,0.9431079173039092,-0.0888048235528766,0.9026197344107874,26.26964665445866,29.24605426705132,-2.976407612592656,-0.0003604135183904,0.9980075253406993,0.0251346809994942,1.1709217877666456,0.0124170503781074,1.0681645630323546,0.0131772725964303,1.0716769626269742,0.0087768217345517,1.049937243136332,0.0090750636152195,1.060672630533645,-0.0060561123357324,0.964743333897408,-0.0340779261766462,0.8134292412745459,0.0251346809994942,-0.0340779261766462,1.1709217877666456,0.8134292412745459,0.0592126071761404,3.386142452312034e-05,4.236077975818343e-05,0.799169255708125,-8.499355235063087e-06,1.203155998372539e-05,1.1648080351828269e-05,1.0320361174932673,3.834796318971224e-07,9.545708409629083e-06,9.679135767338622e-06,0.9851970948541128,-1.3342735770953694e-07,5.630694725507707e-05,4.812855039691749e-05,1.1696851440437772,8.178396858159577e-06,9.122836184075284e-07,8.871389387645585e-07,1.0168810860710444,2.5144679642969963e-08,3.434029699107139e-07,4.19459797369888e-07,0.7996161037978264,-7.605682745917411e-08,0.0112340939855581,Train166.csv,Normal,0.8982287458541653,1.1905124309836317,1.081382694574909,1.0555277681093411,1.1359475627792703,1.109140964555961,0.0258573493463204,0.0132890023501478,0.0195731758482341,0.715631560185356,0.8798792552868093,0.7977554077360827,-0.0502718765580644,-0.0192659725532173,-0.0347689245556409,0.132365326450143,0.4748808707982757,52.293061099080376,-0.0210171309364852,0.9814940089179888,-2.120616969478579e-07,0.9687208425693496,-1.9268115060039682e-07,0.6636316801404928,-4.400341596858676e-06,0.8693452410795391,-3.641042049866628e-06,1.0106899158300289,2.7643076274666463e-08,0.008959880460025733,0.4298205498239119,0.9462817352351997,1.0790312920465663,-0.1327495568113667,0.8338992545964605,0.002434111956954656
957,14.197380800347872,51.11057088125234,0,0,0.3166082195297514,0.3495028955657454,0.9058815091029162,-0.0328946760359939,1.4510340098871406,1.5691968531893614,0.9246985154800418,-0.1181628433022208,0.9513650761981632,26.787447065591287,22.80124147103246,3.986205594558829,-0.0499350866138386,0.7998214142449148,-0.0039885142972933,0.9782035777636344,-0.0282882872360058,0.8993299018098994,0.0346276012743139,1.1170294750547618,-0.0271093768859813,0.8944469698612978,-0.1186377909679974,0.7680115772093079,-0.0861921957855469,0.8159584752910264,0.0414765944455887,1.1011399348358166,0.0414765944455887,-0.1186377909679974,1.1170294750547618,0.7680115772093079,0.1601143854135862,0.0002086880751525,0.0002456090240379,0.8496413336466161,-3.6920948885362095e-05,6.556784629687319e-05,8.53809017372882e-05,0.76785518085519,-1.9813055440415017e-05,2.862172931757637e-05,2.682480702147834e-05,1.0665897203832244,1.7969222960980323e-06,2.9213092141821767e-05,5.0107139325826056e-05,0.5828962413815957,-2.089404718400429e-05,3.353004198445716e-06,3.6875470479543575e-06,0.9068185353586622,-3.3454284950864184e-07,8.191419187386025e-07,1.0041386729140103e-06,0.8077218043415036,-1.849967541754081e-07,0.1453811779068589,Train167.csv,Normal,1.174824058938844,1.0913024323060805,1.08845783593858,0.969779892524543,1.08988013412233,1.049846720256401,0.0372074160760352,0.0259518303189008,0.031579623197468,0.7656991731722067,0.7696507368944959,0.7676749550333513,-0.1195165317320527,-0.0919607442499079,-0.1057386379909803,0.1242282028784731,0.3256032591338735,-11.223821611416724,0.043573373648325,0.679616217761822,-1.999896562703713e-05,1.0680950257523358,9.87057473479034e-07,1.4667421984782856,4.300346141250617e-06,0.6350434547044141,-6.352427148824971e-05,1.0463985887938416,5.669470643798107e-06,-0.03148068389836208,0.3029986757654408,0.8950366624453836,0.8924516312728162,0.0025850311725673647,1.0566268929783451,-0.04824800944726467
671,9.954485388749658,35.83614739949877,0,0,0.4977734535140647,0.4610306319410897,1.0796971138800573,0.0367428215729749,1.4474294660791478,1.558145478026904,0.9289437200835738,-0.1107160119477561,1.0365796445854842,19.7917135044911,24.152605793419053,-4.360892288927953,0.2498736021818814,1.598807573792799,0.0540054837679418,1.1746246843597026,-0.0312984803620688,0.88617915829732,0.0741584645879037,1.177740858069011,0.0036792791834323,1.0071690697586737,-0.1073982809456267,0.803530527537279,0.1594788982710692,1.3228919501510952,-0.1460459074715543,0.7614373169050139,0.2498736021818814,-0.1460459074715543,1.598807573792799,0.7614373169050139,0.3959195096534358,0.0006765601743423,0.0005107449051155,1.3246278548988386,0.0001658152692267,6.220731781292583e-05,4.257397097663402e-05,1.4608153346492558,1.963334683629181e-05,5.2504109326866825e-05,4.3679580091898114e-05,1.2017535809780715,8.82452923496871e-06,3.9512743875698775e-05,2.8098412597586672e-05,1.4057266214703017,1.1414331278112104e-05,6.016510263368375e-06,8.116232085995387e-06,0.7403812984540681,-2.099721822627012e-06,1.7044116449869518e-06,3.849402760587282e-06,0.4416257516299214,-2.14499111560033e-06,0.101933929336993,Train168.csv,Normal,0.8194442316319085,1.608578794287562,1.3222164746996543,1.1779034938694946,1.4653976344936082,1.3695662542855702,0.2508772397265032,0.157857441374303,0.2043673405504031,0.7531269644715387,0.8016458426411724,0.7773864035563556,-0.1507104452936706,-0.1081910513626422,-0.1294507483281564,0.2743568961948897,0.8554518298160233,-21.259638286371995,0.0247761368874241,1.2068427751972255,8.843331591019599e-06,1.2530070472201564,6.425554788300082e-06,1.948009869974624,5.88878242457611e-05,1.4936061541194618,0.00014044931191,0.7742083758596233,-3.919806718187286e-05,0.0715269792215056,0.969011903340195,0.9626199315311293,1.2198704721499405,-0.25725054061881114,1.5648743571047474,0.07157537907487165
1092,16.200146117011364,58.32052602124092,0,0,0.5572289937792291,0.7194246233948791,0.7745481151371365,-0.16219562961565,1.365238618434811,1.609745405450148,0.8481084060444657,-0.2445067870153368,0.870341142235312,42.62650603243905,32.34712296503778,10.279383067401277,-0.2797580504112339,0.6204332442904491,-0.1024557985112454,0.7745579301554412,0.3099432039526781,1.5769939755707478,0.0230106741196428,1.0493064433413664,-0.176090250240673,0.7279949456028265,0.0998952586200689,1.1926082945920726,-0.5483378139010221,0.5411948039653437,-0.4633798591671066,0.471240217387212,0.3099432039526781,-0.5483378139010221,1.5769939755707478,0.471240217387212,0.8582810178537003,0.0004180125153202,0.0008386152577833,0.4984497085446432,-0.000420602742463,0.0001982078018945,0.0003645157038344,0.5437416341554062,-0.0001663079019398,0.0001244652142776,0.0001729119661485,0.7197767701223868,-4.844675187093767e-05,0.0002508521262058,0.0002001612946771,1.2531873094514003,5.069083152870984e-05,8.064928416898562e-06,1.0711523932883362e-05,0.7522184782112075,-2.6465955159848e-06,2.2055102512436748e-06,3.2887331924580365e-06,0.6685931000076574,-1.0832229412143618e-06,0.0281168637203863,Train169.csv,Normal,1.3177835341131845,1.5717545338922694,1.1929380926257556,1.036314356684826,1.3823463132590126,1.2670023277342837,0.3066871748174067,0.0998186965555303,0.2032529356864685,0.4634873742145274,0.537293224172669,0.5003902991935982,-0.5522325081024747,-0.4695002645197454,-0.51086638631111,0.352813505345977,1.108267159677742,69.88298336959895,0.2855040485155307,1.1543314365965445,3.642386724399553e-05,0.7560729052129239,-3.359357509296388e-05,0.5831153245908921,-5.21792755312107e-05,0.5053785149961755,-0.0003062963196609,0.4329011266115559,-0.0002304038181715,-0.11921647918849544,0.40957255690259303,0.7350144386482095,0.9906617166722128,-0.25564727802400333,0.6148555815999971,-0.09457875721055387
886,13.144074596769295,47.31866854836947,0,0,0.3935066630450755,0.2870017607442061,1.3710948961210183,0.1065049023008694,1.406367212947208,1.4299146474708122,0.9835322727824511,-0.0235474345236041,1.2745483753511857,32.31075283350834,23.60336142313823,8.707391410370107,0.0536449975075022,1.2824437633449188,-0.0206987618571135,0.9197617062412388,-0.0542899372537017,0.8489665108259321,0.0019040719619149,1.0056583525943006,0.0018739146133049,1.0091285126776337,-0.0077167919498896,0.9661052552700052,0.0321045141518382,1.136192139627567,0.4620510234493944,2.139726233747399,0.4620510234493944,-0.0542899372537017,2.139726233747399,0.8489665108259321,0.5163409607030962,0.0002704373516596,0.0001209910453325,2.23500012678718,0.000149446306327,3.558669332080176e-05,2.234813268239501e-05,1.591666613054096,1.3238560638406746e-05,5.835155065141148e-05,5.650705835699696e-05,1.0324590901887838,1.844492294414528e-06,7.419916988712295e-05,5.956925597537613e-05,1.24538597658536,1.4629913911746816e-05,3.480313249237574e-06,2.848268434682578e-06,1.2176299493102287,6.320448145549961e-07,8.339083872397148e-07,7.621602090056462e-07,1.0799680914840006,7.174817823406862e-08,0.1345953224926615,Train170.csv,Side I,1.3689047182976768,2.1445593696629857,1.2992997567956626,1.113758941113485,1.721929563229324,1.5192060225240445,0.4610881988555429,0.0535653398230276,0.2573267693392853,0.8198256155736695,0.9119848372001556,0.8659052263869125,-0.0645720592013089,-0.0221519485222936,-0.0433620038618013,0.3964343796456635,1.324733754089316,-80.98194130375458,-0.4747812280308601,1.1469601477027085,1.0265512078387896e-05,1.4624315630794515,4.5382878702314124e-06,1.3859013196432417,3.50774368762846e-06,3.354331487320821,0.0001409024627697,1.253775597207528,1.4569670096035793e-05,0.11891717268128925,0.43936662810484695,1.4140078762149901,1.01705732680403,0.3969505494109602,2.067554790014505,0.14760528464724942
179,2.6555184569093724,9.55986644487374,1,0,0.0826335773488522,0.0667528336321762,1.237903478751896,0.015880743716676,1.267201083230432,1.4629996062430468,0.8661663811536593,-0.1957985230126147,0.942473610060997,19.501177503563248,17.712509267388988,1.78866823617426,0.0145522563374146,1.1894426143268086,0.0003132358758951,1.0046673664514263,0.0380087558786403,1.742473422819092,0.0417403453859746,1.7350691757697176,-0.0157987580001766,0.8257461079622556,0.0058414430599023,1.1186881672488034,0.0193913924963896,1.2587765478814223,0.0247990675177152,1.442534804285696,0.0417403453859746,-0.0157987580001766,1.742473422819092,0.8257461079622556,0.0575391033861513,1.5533903051922605e-06,1.116842568488187e-06,1.378533566828546,4.365477367040736e-07,1.5082213639556866e-07,1.634582278065645e-07,0.8695011952028071,-1.2636091410995865e-08,4.210703591750133e-07,1.0957842090796698e-06,0.3807889059344271,-6.747138499046564e-07,7.459796335606776e-06,8.291411001826848e-06,0.8986178776072089,-8.316146662200721e-07,2.040146980137473e-07,2.444718806202955e-07,0.8017180425453893,-4.045718260654823e-08,2.460538899522373e-07,2.935027935120665e-07,0.8107137568816306,-4.744890355982928e-08,0.0,Train171.csv,Normal,1.100983333200429,1.2662890865771717,1.1297919155680811,1.0728928280096468,1.1980405010726265,1.1563246100516331,0.0113430783281739,0.0055434532687749,0.0084432657984744,0.7669343579188509,0.8159996769340213,0.7914670174264361,-0.0101565954339576,-0.0079286005791932,-0.0090425980065754,0.1670598853085148,0.4993547286583207,-16.267191629758372,-0.0803652486632335,1.0,0.0,1.0,0.0,1.0,0.0,1.0,0.0,1.0,0.0,0.3970185929168999,2.0658394337213046,1.2733331731386406,1.3121944678657755,-0.038861294727134954,1.0,0.015880743716676
381,5.652248782583636,20.34809561730109,0,0,0.2582425266333462,0.3174932082456023,0.8133796622817254,-0.0592506816122561,1.516122225490853,1.6588397278386882,0.9139654608625528,-0.1427175023478351,0.9226216220317638,18.067981539935182,15.655113105479453,2.412868434455735,-0.1281148062899755,0.6906040882715749,0.0016959305288621,1.0057422623891372,-0.052833900426716,0.8219460488823565,-0.0684991652015754,0.7964173775062626,0.088063264819371,1.5654479027928812,0.0514277777302136,1.310308816643344,-0.1046986908575098,0.696087155709907,-0.158620528472216,0.6219713694390949,0.088063264819371,-0.158620528472216,1.5654479027928812,0.6219713694390949,0.2466837932915871,0.0001538105186103,0.0002467546042388,0.623308675426881,-9.2944085628477e-05,4.025235889580336e-05,6.744991766137133e-05,0.5966855622009236,-2.7197558765567965e-05,1.391427593829973e-05,2.891785681938271e-05,0.4809991982875365,-1.500358088108298e-05,5.924863105134894e-06,6.358832040242225e-06,0.9302903684220184,-4.33968935107331e-07,1.4026190311455377e-06,1.3125207368406478e-06,1.0605648683409197,9.009829430488989e-08,2.0481721693748907e-06,9.355772875591572e-07,2.166054743829444,1.1125948818157335e-06,0.0578790269409752,Train172.csv,Normal,1.1541265404253092,1.686247669460589,1.3169815347202285,1.0034846852184098,1.5016146020904086,1.3355712964664093,0.0968595654624595,0.0512713464490478,0.0740654559557536,0.5970455497116272,0.6602278694310848,0.628636709571356,-0.1680657449344327,-0.132601423023127,-0.1503335839787798,0.3584741698223904,1.089202119748962,17.20800203346147,0.0825358445956512,0.4453549106944423,-2.364289605313356e-05,0.6274515175448455,-2.594286935402047e-05,0.5805079183403355,-8.025962598945087e-05,1.5104040518623283,6.134169007633903e-06,1.4900784865905818,1.0188363926819074e-06,-0.35775508876977324,1.5592660797463769,0.8761224472641155,0.8394307998476895,0.03669164741642594,0.9061211625825031,-0.03439548984297679
1173,17.40180530700946,62.646499105234064,0,0,0.4428343831275244,0.4705566226737159,0.9410862633288728,-0.0277222395461915,1.3550626118135694,1.4063798003426722,0.963511138206258,-0.0513171885291028,0.92098580850313,28.153004754483725,20.58401280839152,7.568991946092204,-0.0586972390898155,0.8273079719524611,-0.1761976959299344,0.6599788616655311,0.0646587285675294,1.17211214541208,0.0420603326335318,1.084476297518398,0.0379073571853128,1.0912674179944626,-0.2300711404353563,0.6546147243963814,0.0897770372965458,1.165111208962702,0.0067289458577466,1.0228908670905448,0.0897770372965458,-0.2300711404353563,1.17211214541208,0.6546147243963814,0.3198481777319021,0.0003112629087931,0.000310965459964,1.000924345699684,2.974488291250847e-07,5.06825095421144e-05,9.570890775065936e-05,0.5294931872200064,-4.502639820854497e-05,0.0001028361018478,0.0001198263958508,0.8581374724909888,-1.6990294002965174e-05,0.0001950240592478,0.000200200319709,0.9740959383677472,-5.176260461155051e-06,1.2538654732261075e-05,1.0805442072296955e-05,1.1593289158635516,1.7332126599641184e-06,1.3922244178970828e-06,1.378131839866755e-06,1.0029482632072764,1.4092578030327772e-08,0.0292122108269907,Train173.csv,Normal,1.3677121658867903,1.161816653796528,1.1554421782393314,1.0970134213363982,1.1586294160179298,1.138090751124086,0.0874152379736618,0.0582215274392549,0.0728183827064583,0.6527523940358855,0.653512476658082,0.6531324353469837,-0.2309566287476185,-0.1784587332857416,-0.20470768101668,0.2004930407290329,0.5090642597606425,8.41393953539739,-0.1596707417852503,0.9843066191090444,-3.311771298668796e-06,0.83159079892494,-1.678092644921934e-05,0.6608912728212946,-1.7077611023059568e-05,0.682976701034711,-3.084475028680475e-05,0.8983158112795124,-1.7235718764631547e-05,-0.017659349758311186,0.28209002536121836,0.9475389334832093,0.8864663263433573,0.061072607139851964,0.7251529242603153,-0.018321386179139327
834,12.372639067387803,44.54150064259609,0,0,0.4588217310157096,0.4462397175602331,1.0281956147747473,0.0125820134554765,1.4595941597973408,1.5162214870201352,0.9626523319092328,-0.0566273272227944,1.101889413598543,21.05059993263117,19.78162392634733,1.268976006283843,-0.0769436268474298,0.9211605278277551,0.024265481490043,1.0622799393654554,-0.0288666373781892,0.9204199526440188,0.1751891026745594,1.3604439250966094,0.0085819803118036,1.0478633409161386,0.0253550948708943,1.1436151065450553,0.0479167827640779,1.275817085314702,0.0096720062373436,1.058386568595422,0.1751891026745594,-0.0769436268474298,1.3604439250966094,0.9204199526440188,0.2521327295219893,0.0004294880196666,0.0003540060291974,1.2131880599880318,7.548199046926608e-05,8.706717374942474e-05,6.646830297675045e-05,1.3097081280771394,2.059887077267429e-05,3.992311875011168e-05,3.638792489029839e-05,1.0968515065196176,3.5351938598132858e-06,6.526178643020226e-05,5.717441020749533e-05,1.1412513689202692,8.087376222706931e-06,3.791630478613453e-06,2.8762708735269888e-06,1.3136779757542734,9.153596050864644e-07,1.106026605729853e-06,1.0978932315374695e-06,0.9983151573143688,8.13337419238354e-09,0.1266958227526858,Train174.csv,Normal,1.064149232659923,1.352916464537346,1.2539183074081808,1.143546663396919,1.3034173859727634,1.2501271451141485,0.1710359982176291,0.0415082760247385,0.1062721371211838,0.8981361051521042,0.9199572723595176,0.909046688755811,-0.0779794661979091,-0.0368765579549837,-0.0574280120764464,0.1477795495092993,0.4547803593852417,-9.650374242650742,-0.1357192515730396,1.1345520122664434,8.557198009725891e-06,0.9462030564736166,-6.048774407359457e-07,1.3532755139041026,2.0884396284191475e-05,0.9125305443918398,-1.537144723508501e-05,1.4903169466956114,6.050961466055709e-05,0.01585478892175273,0.5781683292351706,1.1592729201517262,0.9679534732790764,0.1913194468726498,1.0706697049231864,0.017026930724908296
1015,15.057828121581078,54.20818123769188,0,0,0.4672137024438532,0.3823676279546473,1.2218965625413871,0.0848460744892059,1.3927000299721626,1.4943442325925214,0.9319807245725272,-0.1016442026203587,1.1829693183470018,22.016188008943946,19.97688993995653,2.0392980689874136,0.3588858095291888,1.8205081523142488,-0.0486851334621175,0.8643664988691167,-0.0321364281219454,0.919266323259876,0.1059884980967454,1.2749571572618756,-0.0691938241445929,0.8517351756951974,0.1596682254909389,1.3990764098761168,0.0421243157254904,1.1430002963637915,-0.0425943215546413,0.8472884459227019,0.3588858095291888,-0.0691938241445929,1.8205081523142488,0.8472884459227019,0.4280796336737818,0.0003896968719586,0.0001920155783616,2.0294008500504166,0.0001976812935969,7.121982963949035e-05,6.790423479293332e-05,1.0486730779877826,3.315594846557026e-06,7.340904831552128e-05,5.790062071057526e-05,1.2676266877263118,1.5508427604946014e-05,0.0001632244203459,0.0001370788640099,1.1906468225898292,2.614555633594776e-05,7.177686659182697e-06,6.55436622703187e-06,1.0934317816737875,6.23320432150827e-07,1.0453911069443142e-06,1.0300045449895431e-06,1.0051793638602082,1.5386561954771038e-08,0.1541921583860625,Train175.csv,Normal,1.1020828599494716,1.82895235875654,1.400805098274343,1.2617732912588853,1.6148787285154411,1.497176916096589,0.3595318178454064,0.1597613347940066,0.2596465763197065,0.8147750310715826,0.8522302434008235,0.8335026372362031,-0.0682756119679239,-0.051090758851085,-0.0596831854095045,0.331889916564304,1.014177327684957,-58.678025627910415,-0.4205667612451034,1.2167229267668496,3.574643965192616e-05,1.2914998969237923,8.012237800003786e-06,0.9733039228213164,-7.56315727667959e-07,1.933215113508837,9.48380138100945e-05,1.742101226135622,6.304243202302007e-05,0.07218419041102321,0.39748972551625567,1.1297883840542033,1.201380324814414,-0.07159194076021058,1.3993396444179818,0.08258101713633373
587,8.708320302825706,31.349953090172544,0,0,0.3193974625233619,0.4618341415090937,0.6915847636639597,-0.1424366789857317,1.442321974124066,1.570617130104373,0.9183154425706948,-0.1282951559803069,0.7765968961763343,27.653961000155675,31.286283694837387,-3.632322694681712,-0.0492871865700129,0.8732708746020492,-0.4898326431024671,0.5695190162667475,0.0230790633190498,1.122163428512289,0.0379783811485655,1.186130908119476,-0.0218890946397337,0.91154642313554,0.0127135619573002,1.0479930984530157,0.0344674989917973,1.2478637120458298,-0.0408890338201323,0.7722804411424786,0.0379783811485655,-0.4898326431024671,1.2478637120458298,0.5695190162667475,0.5278110242510327,0.0001536523611543,0.0005191978606555,0.2959361226935005,-0.0003655454995011,2.969254337560188e-05,8.398795255031484e-05,0.3534912753714565,-5.429540917471296e-05,2.952407103640485e-05,3.4280103741197826e-05,0.8610085072718276,-4.756032704792972e-06,8.717988624633537e-05,9.359793681506632e-05,0.9313300689296214,-6.418050568730957e-06,2.553821720344223e-06,3.138785932470566e-06,0.8110496474241016,-5.849642121263427e-07,9.95672122645433e-07,1.5084860653742304e-06,0.6557005331491466,-5.128139427287977e-07,0.0891731989878016,Train176.csv,Normal,0.8839004741199067,1.2018235256811445,1.1296748348496692,1.0540427397943333,1.1657491802654067,1.1285137001083825,0.0260351956423603,0.0254303174888213,0.0257327565655908,0.5681315888321649,0.6758929280612478,0.6220122584467063,-0.4908307785814689,-0.0566498786620488,-0.2737403286217589,0.2069774206985301,0.6336919368489794,124.58637300532862,0.875937839644866,0.8733886147496569,-3.717193017038e-06,0.2119690205880204,-3.4699672878807375e-05,0.5288907357789671,-5.980264905710546e-05,0.230496675161973,-0.0002543090481566,0.2730682461600554,-5.274873046138458e-05,-0.3623164540142486,0.8124519391118746,1.0227124172137747,0.8549844397936953,0.1677279774200794,0.32378547717632017,-0.07533343995067618
1056,15.6660753659011,56.39787131724396,0,0,0.6956095720545263,0.6020378477249615,1.1554249672656178,0.0935717243295648,1.4375233994917012,1.6087646278863574,0.8935573082836791,-0.1712412283946562,1.0112838922971874,27.441779546335976,28.705241872372724,-1.2634623260367484,0.03888753347915,1.128091107299752,0.04100092549512,1.185201905549812,-0.1052237368376855,0.8062195037125722,0.0588901308339801,1.1505201733850892,-0.1345164761248216,0.8043779204424261,0.1125976305712516,1.2572642755012755,0.3965573078264807,1.4381779491953082,0.0844349172852557,1.092844995644258,0.3965573078264807,-0.1345164761248216,1.4381779491953082,0.8043779204424261,0.5310737839513023,0.0009037137257034,0.0008354315662404,1.0817198499832443,6.82821594629381e-05,0.0002279106440836,0.0001565095425881,1.456116216001334,7.140110149555986e-05,0.0001402652335482,9.299920495616068e-05,1.5080790510392497,4.726602859204119e-05,0.000199051382877,0.0001672803639473,1.1898556389041093,3.177101892972017e-05,1.2474270792750102e-05,1.0625022875691503e-05,1.1729425445113588,1.849247917058597e-06,2.257918739778595e-06,1.833659715957148e-06,1.2246938631006437,4.242590238214472e-07,0.1604206101041202,Train177.csv,Normal,0.9559849611714084,1.4383038264508727,1.2580610453482302,1.193005461979148,1.3481824358995516,1.2964567779260838,0.3957868396832282,0.1125795849731161,0.2541832123281722,0.7944681651295437,0.8042804258513667,0.7993742954904552,-0.1339485629813295,-0.1115082764427366,-0.122728419712033,0.2032719938033274,0.6438356613213291,11.133757893067497,0.2299597856940183,1.2948674472129418,6.124445959107582e-05,1.2336389596453985,1.3344543220893396e-05,1.5027751925202002,1.9905431654777823e-05,1.5177807747443832,9.803769927532982e-05,0.9773606127838932,-1.098921367602689e-05,0.07354602699356107,0.546739100191375,1.2627624067802807,1.039837505520712,0.22292490125956865,1.4180649756366606,0.14061726604380884
0,0.0,0.0,1,1,0.0765837391762846,0.0589927518971941,1.2981887389803186,0.0175909872790905,1.4184471760340156,1.456820192723742,0.9736597374075522,-0.0383730166897264,0.9199535683108692,30.40173325042924,31.78077043482253,-1.3790371843932905,0.0071363779406777,1.1015723278982978,-0.000526078194485,0.9919300504908104,0.0437999890551268,2.0434285346627115,0.0406816606073848,1.7805548557581978,-0.0119936594686283,0.8218985597021529,0.0072561480625741,1.1629046046843252,0.0236002921455401,1.346201665261523,0.0264407639354812,1.4818921543250043,0.0437999890551268,-0.0119936594686283,2.0434285346627115,0.8218985597021529,0.0557936485237551,9.096161075630698e-07,9.886019650262904e-07,0.910889563029372,-7.898585746322056e-08,9.123031900192933e-08,8.135831802075066e-08,0.9985989341573444,9.872000981178664e-09,6.103467751192872e-07,7.488839759594321e-07,0.8042688928141429,-1.3853720084014498e-07,2.6521681670631577e-07,2.7868307569795577e-07,0.9187127304401024,-1.3466258991640006e-08,1.6657345572947896e-07,1.769268852589567e-07,0.8911155583570474,-1.0353429529477762e-08,2.497940436196803e-07,2.988838599585543e-07,0.8086989189179307,-4.9089816338873946e-08,0.0,Train178.csv,Normal,0.9566078111042788,1.17140740125232,1.0326598257885955,1.012960002341822,1.1020336135204576,1.0723424097942458,0.0044265292260388,0.0009820800252737,0.0027043046256563,0.7517002462254088,0.8160695246656369,0.7838848854455228,-0.0076657885391851,-0.0056374395715079,-0.0066516140553465,0.1326163840630506,0.4197071550269111,-25.528662544658346,-0.0541746961989,1.0,0.0,1.0,0.0,1.0,0.0,1.0,0.0,1.0,0.0,0.4397746819772624,1.9145934794071144,1.330332808090284,1.3789769710172735,-0.048644162926989365,1.0,0.0175909872790905
902,13.381439375040523,48.173181750145886,0,0,0.8794900695589755,1.0282160243290486,0.8553553340887914,-0.1487259547700731,1.5396672031507967,1.7776198378381027,0.8661397458085889,-0.2379526346873059,0.9125837462320388,16.72236542474259,15.066082151784943,1.6562832729576478,0.1126056756621928,1.229045524506879,-0.0511409699527553,0.9267585738895876,-0.0474384663029469,0.9240794438716696,0.3745348088457704,1.4643949539196803,-0.4827587088325397,0.6434961498737235,0.516116599484471,1.5798541570241824,-0.6051111420009861,0.5201332047713494,-0.8586743965317614,0.453817991578069,0.516116599484471,-0.8586743965317614,1.5798541570241824,0.453817991578069,1.3747909960162323,0.0013478283591079,0.002100413272478,0.6416936894428059,-0.00075258491337,0.00085677904262,0.0008543455931572,1.002836581725669,2.433449462773134e-06,0.0003233512665392,0.0003760923237941,0.8597428042382381,-5.274105725484624e-05,0.0001900506527112,0.0002110969229167,0.9002577939435533,-2.1046270205506395e-05,1.5115301570139234e-05,1.7049669440162113e-05,0.8860254662704412,-1.9343678700228794e-06,4.03097827033502e-06,5.436568009069409e-06,0.7400950954110541,-1.4055897387343898e-06,0.1370259377972693,Train179.csv,Side II,1.1099345699281264,1.5804911917075437,1.462266631258873,1.230041299031595,1.5213789114832084,1.4242663739993373,0.5162412338479028,0.3723889523471406,0.4443150930975217,0.451269185033071,0.5161646166331618,0.4837169008331164,-0.8623148850954201,-0.6094533308826207,-0.7358841079890204,0.3983509122271788,1.1292220066744725,10.377523555585183,0.262769966668583,0.9206692536174624,-3.420116316901333e-05,0.80226010674206,-5.658248073001375e-05,0.875519143810208,-5.853169793397013e-05,0.6422255755165394,-0.0007064841975799,0.965523097970798,-9.60355196650604e-06,-0.16021977262423043,0.9474586946700316,0.8512684511245335,1.0266278474227122,-0.17535939629817865,0.7733349420229357,-0.13021242058265012
1250,18.54412330243975,66.7588438887831,0,0,0.6261378978987046,0.6281298523034614,0.9968287379341398,-0.0019919544047568,1.579877785140485,1.6151557449739231,0.9781581623166692,-0.0352779598334382,0.9677912480036864,26.488804192946585,20.836026913604066,5.652777279342523,0.0136670351786871,1.0577580840174856,0.0221974840180467,1.0835687691367784,0.170427869171566,1.3409578253691414,0.040737182478429,1.0571846474821611,-0.1739126392175171,0.7637679158729609,0.1889857988643668,1.3319432687098032,-0.0621046242663292,0.9146436353989252,-0.1362457152481987,0.8545122321254149,0.1889857988643668,-0.1739126392175171,1.3409578253691414,0.7637679158729609,0.3628984380818839,0.0007649690507273,0.0007694316135406,0.9941872616004228,-4.462562813260405e-06,8.839342610072585e-05,8.08408372442038e-05,1.093290176250621,7.552588856522054e-06,9.893441599631124e-05,0.0001141808894376,0.86639500299461,-1.524647344136334e-05,0.0003021256006094,0.000270799795292,1.1156376388959277,3.132580531745976e-05,1.7220592255790964e-05,1.8930772426665656e-05,0.909181097152461,-1.710180170874692e-06,3.260248362586129e-06,3.719943071931234e-06,0.8740745635289513,-4.5969470934510514e-07,0.0301415590965608,Train180.csv,Side I,1.2712982321470696,1.33291669828374,1.332609885700029,1.084616108247744,1.3327632919918844,1.2500475640771709,0.1889716220194151,0.1661410299173833,0.1775563259683992,0.7633077480047833,0.8512177914373247,0.8072627697210539,-0.1735617872181448,-0.1391662923849277,-0.1563640398015363,0.1943900371413305,0.5696089502789566,6.961079114567241,0.0798356825804873,1.126679935145963,3.4739555777149014e-05,0.8069250041351926,-2.018999360890936e-05,0.9481671019989646,-1.8469758794909275e-06,1.10041328370669,7.682351191238917e-06,0.9911649112935624,-1.6851102191358964e-06,-0.0011173823006312934,0.35123063218503525,1.0336997120780478,1.1607615595078018,-0.12706184742975402,0.9518351299469492,-0.0018887056352723274
0,0.0,0.0,1,1,0.0761820376781556,0.060325128049839,1.2628572456015934,0.0158569096283165,1.2707995065958104,1.4921097888109078,0.8516796200980223,-0.2213102822150974,0.8087774073128375,19.57553617940197,19.06749489305148,0.5080412863504868,0.0097800783616131,1.1435540559025663,0.0003697641967717,1.005411011301173,0.0425635910248395,1.977097511502224,0.0406732223083553,1.826498207406652,-0.0146024785948548,0.7908327213931393,-0.0003492048413665,0.9931198098756908,0.0218995913891537,1.328345978413645,0.0220136939901967,1.3677006199985593,0.0425635910248395,-0.0146024785948548,1.977097511502224,0.7908327213931393,0.0571660696196944,7.349512385887884e-07,1.6239766228885834e-06,0.4497929947672836,-8.890253842997951e-07,8.547524873317245e-08,1.0935538235309718e-07,0.7161407139587989,-2.3880133619924745e-08,8.146425748441424e-07,1.342293039108826e-06,0.6024157126335573,-5.276504642646836e-07,2.426654102704443e-07,3.0690080435111885e-07,0.7657456432378649,-6.423539408067456e-08,2.052523040677047e-07,2.4368758877858386e-07,0.8090750716498274,-3.843528471087916e-08,2.740888250227577e-07,3.3742436415778457e-07,0.7889165334941185,-6.33355391350269e-08,0.0,Train181.csv,Normal,1.0266443640831489,1.1091966281998922,0.8698917949766174,0.8517165229197851,0.9895442115882548,0.943601648698765,0.0023833366011644,-0.004794447999746,-0.0012055556992907,0.648159330880204,0.6785283822187338,0.6633438565494689,-0.0108718249248479,-0.008467644679018,-0.009669734801933,0.1365901563027935,0.4610372973196881,198.03093134940275,0.8124372531446777,1.0,0.0,1.0,0.0,1.0,0.0,1.0,0.0,1.0,0.0,0.3964227407079124,1.9045509419538895,1.2297221360959651,1.3753541929019877,-0.14563205680602254,1.0,0.0158569096283165
377,5.592907588015829,20.134467316856984,0,0,0.2926956167172396,0.3445386158119036,0.8495291813145879,-0.051842999094664,1.3613830739004755,1.485311653107671,0.916563915651276,-0.1239285792071953,0.9576648206681126,19.797077151543306,29.39401376509619,-9.596936613552884,-0.0997076886942852,0.8073914041985435,-0.0728749102094011,0.757169143622227,0.0562278755367972,1.355337036134396,-0.1784507743918837,0.6122711269613488,0.2194909651175538,2.186967521146236,0.0440472258451353,1.225140767717944,-0.1022621090989726,0.7174618273182979,-0.1763227773884181,0.5466537638809171,0.2194909651175538,-0.1784507743918837,2.186967521146236,0.5466537638809171,0.3979417395094375,0.0001897536444316,0.0002829224530519,0.6706676536566654,-9.316880862027972e-05,4.6071024984621725e-05,7.21848513364989e-05,0.6381483462011095,-2.611382635187717e-05,1.8627783224074623e-05,3.495912351225052e-05,0.5326923111912962,-1.6331340288175893e-05,5.277578910067465e-06,5.29306894952138e-06,0.9951933418749505,-1.5490039453914872e-08,1.0358600709530515e-06,9.9858991769265e-07,1.02703789992546,3.727015326040175e-08,5.069421786127168e-07,7.117230828350678e-07,0.7024053832688154,-2.0478090422235105e-07,0.0572713731148232,Train182.csv,Normal,0.6735071060052439,2.317172678548123,1.2740166335838836,1.2283867666431831,1.7955946560660032,1.60652535959173,0.227773303279008,0.0438806851150249,0.1358269941970165,0.5125653684092161,0.584600657340865,0.5485830128750405,-0.1905200214008343,-0.1883364518420099,-0.1894282366214221,0.5559667660739201,1.8046073101389069,0.4227835618036266,-0.0288685931455008,0.5475126453664096,-2.259275563288293e-05,0.5863194883499832,-3.6430531619302665e-05,0.6794597496133277,-6.180893615828078e-05,0.9344687818074802,-1.68387782540496e-06,0.67034005917631,-1.3778208821155348e-06,-0.31970530109337547,1.8049947322767397,0.829752119639053,0.9732991946517222,-0.14354707501266917,0.7334160065902636,-0.03522523118406438
1163,17.253452320589943,62.1124283541238,0,0,0.4376136927953337,0.4804817383065107,0.91078109488598,-0.0428680455111769,1.484192172668258,1.6181614437784244,0.9172089529154542,-0.1339692711101665,0.9326369448553612,18.153908249811625,17.75591974171927,0.3979885080923537,-0.0194972541830817,0.9078323331193552,0.0019806513778241,1.0059300528106132,0.0170626492529956,1.0399454079030923,0.0776760462082979,1.1501776403064483,0.1106178266531126,1.3768763841743026,-0.0621611032464749,0.8386535193648429,-0.1648113105901272,0.751755990010365,-0.1912748684239875,0.745590648065365,0.1106178266531126,-0.1912748684239875,1.3768763841743026,0.745590648065365,0.3018926950771001,0.0004106028683668,0.000500346008915,0.8206214396369171,-8.974314054819145e-05,4.802553092512344e-05,6.102669567680111e-05,0.7868304532641507,-1.3001164751677673e-05,4.504928126910717e-05,4.525072486826998e-05,0.9953283205300356,-2.01443599162808e-07,0.0001267210283518,0.0001426423390657,0.8883207186205417,-1.5921310713966613e-05,7.215984294306938e-06,7.720883696145736e-06,0.9333970834284436,-5.048994018387988e-07,1.2394900962710088e-06,1.7358118902155363e-06,0.7099791811579326,-4.963217939445275e-07,0.0280437065834402,Train183.csv,Normal,1.0224144118500995,1.3998987444191353,1.1404923602689436,1.025158171873246,1.2701955523440396,1.1885164255204417,0.1144646898483298,0.0724869416251023,0.0934758157367161,0.739438956135167,0.743862795994974,0.7416508760650704,-0.19554446638473,-0.169299846517489,-0.1824221564511095,0.2087761123242475,0.6604597882839683,10.43039852749419,-0.1278443863167488,0.9140223034009012,-1.2514949887325056e-05,0.9189415973148908,-3.098346932331953e-06,0.9252925190817196,-1.7691955670192027e-06,0.7651843841189467,-1.6313905231748736e-05,0.8066325109052463,-4.015104515329366e-05,-0.027779004248038447,0.2835788869355342,0.7786667191468576,0.9845692646110202,-0.20590254546416265,0.869806166838519,-0.03966548181914668
0,0.0,0.0,1,1,0.0765755575343533,0.0593581760877354,1.2900589216316245,0.0172173814466178,1.4429309648591635,1.5443979693973648,0.9342999564284624,-0.1014670045382013,0.9699157335430096,16.030449006941527,15.373557274231388,0.6568917327101396,0.004123265621501,1.0549510369124424,0.0006328449494371,1.0104895490505306,0.047821560025145,2.2363786301396544,0.0452983620492906,2.0283192902011264,-0.0110951076945818,0.8496103094750288,0.0067524007736105,1.1667967502317584,0.0194453738995244,1.2648752080600807,0.0268711079564699,1.489828375061946,0.047821560025145,-0.0110951076945818,2.2363786301396544,0.8496103094750288,0.0589166677197269,3.984686471724059e-07,7.236916586073539e-07,0.5431009641417395,-3.2522301143494804e-07,7.43045539407606e-08,1.2257292383588396e-07,0.5604806154290182,-4.826836989512336e-08,6.066206917637091e-07,8.468149789338686e-07,0.7079949658659385,-2.401942871701596e-07,3.0428433057206054e-07,3.778565502461452e-07,0.784528017843073,-7.357221967408464e-08,2.0207618024026257e-07,2.499755142449252e-07,0.7772892798276565,-4.7899334004662623e-08,3.353149677616085e-07,3.73906776780748e-07,0.8734281029717517,-3.859180901913953e-08,0.0,Train184.csv,Normal,1.0427286743442203,1.212672134309302,1.079268024306924,1.0425155653935467,1.145970079308113,1.1114852413365908,0.0039906899251726,0.0018458443167209,0.0029182671209468,0.5063266395454556,0.7487296236279576,0.6275281315867066,-0.0102329023301364,-0.0095899977964567,-0.0099114500632965,0.2063628272677127,0.7063454947638462,163.26370022767037,0.392268106866001,1.0,0.0,1.0,0.0,1.0,0.0,1.0,0.0,1.0,0.0,0.43043453616544486,1.9143889383588322,1.3071667777845952,1.4339397387008759,-0.12677296091628065,1.0,0.0172173814466178
1240,18.39577031602024,66.22477313767284,0,0,0.544654175844341,0.6044381129801919,0.901091700104743,-0.0597839371358509,1.6180095538409969,1.7115102145798524,0.9453694933304831,-0.0935006607388557,0.816796748561326,16.033050492653707,15.388511156149445,0.6445393365042626,-0.0211401942248666,0.9290925596061228,-0.0214567540857338,0.9285015887394588,-0.0594733613164051,0.8442150913506682,-0.0408242186256919,0.9531529437500338,-0.0586575263264291,0.9111913777878088,0.03929481446843,1.0667124701552766,-0.1877407623218693,0.7507932499304333,-0.1085022119494685,0.8446691822251995,0.03929481446843,-0.1877407623218693,1.0667124701552766,0.7507932499304333,0.2270355767902994,0.0005772577483271,0.0007203415388339,0.8013556120968351,-0.0001430837905067,5.446388971237479e-05,8.917707857282728e-05,0.6106701843350698,-3.4713188860452496e-05,6.119312092887413e-05,8.919577910118734e-05,0.6859770919041236,-2.8002658172313207e-05,0.0002971178326396,0.000303678787603,0.9783628660930384,-6.560954963410505e-06,1.2883502643244123e-05,1.605245059815088e-05,0.8020882345765646,-3.168947954906755e-06,3.02447689140264e-06,3.157690117017393e-06,0.954789382697068,-1.332132256147535e-07,0.0299004266237883,Train185.csv,Side I,1.0418844499994302,1.0664550145479552,0.9489351103853352,0.9237986577904346,1.0076950624666452,0.9797295942412416,0.0390659325248561,-0.0224561416929524,0.0083048954159518,0.7446084812154791,0.818418895990844,0.7815136886031615,-0.1917598552033146,-0.1117475159041918,-0.1517536855537532,0.090459107251488,0.3218465333324761,28.45800055734284,0.0129628402085772,0.9712903584604208,-8.782333570063483e-06,0.6762663151755387,-2.5930960927340124e-05,0.8625290606089636,-3.2249987046672053e-06,0.6220055546596444,-3.4681221766463695e-05,0.8880832086517403,-1.0649326277880813e-05,-0.03407874264010243,0.31047017603204585,0.8873916341036364,0.90060307989875,-0.013211445795113574,0.7202669768147155,-0.05156538313729082
312,4.628613176288962,16.663007434640264,0,0,0.2802689748003353,0.259337064542647,1.0807131039578612,0.0209319102576882,1.387045928478407,1.4373371466745086,0.965010834122971,-0.0502912181961017,0.9900990067284132,25.145562451512426,19.008963009982985,6.136599441529441,0.146169062890332,1.514199459142898,0.0224579937784902,1.1178248476377994,0.0397067106976704,1.14443592905699,-0.0041998633221258,0.983859387349866,0.0079354129908729,1.0399014230047363,0.0434166392535407,1.1667806039892166,-0.0086875388910966,0.9616213094981566,-0.1196650033031923,0.6532072057414611,0.146169062890332,-0.1196650033031923,1.514199459142898,0.6532072057414611,0.2658340661935243,0.0001401261976146,0.0001179052533698,1.188363622263524,2.2220944244858668e-05,3.123429405691509e-05,2.8413807083770466e-05,1.0988779217668334,2.820486973144623e-06,1.8105270555239552e-05,1.7928680378780624e-05,1.0092866461156187,1.7659017645892848e-07,8.141913872553253e-06,1.121301263430885e-05,0.7254659811807883,-3.071098761755596e-06,1.00107024912642e-06,1.1032071324042667e-06,0.8992668300321998,-1.0213688327784665e-07,4.70598839494912e-07,6.076293353034531e-07,0.7619437947578993,-1.370304958085411e-07,0.0,Train186.csv,Normal,1.3228266278953986,1.5305024763560178,1.1670438319064833,1.124380017607273,1.3487731541312504,1.2739754419565912,0.1469759384498353,0.0430608339811727,0.095018386215504,0.6184718148538654,0.918974390961014,0.7687231029074396,-0.1304749351959136,-0.0176354268385888,-0.0740551810172512,0.2423764195189026,0.9120306615021524,-20.374207770781027,-0.1311087542512545,1.089382665882087,1.910761444042154e-06,1.3487474816523444,1.0366530817742663e-05,1.3000420664123025,1.807731544322024e-05,0.7097516308495913,-7.0887829585981366e-06,1.147488401243193,1.058079299616698e-06,0.18846994186387683,2.5235287528268553,0.9272030397429448,1.2588200786125625,-0.3316170388696177,1.1195137263047459,0.027212363865361838
0,0.0,0.0,1,1,0.0768635354177191,0.06040762840209,1.272414175606306,0.0164559070156291,1.48828652617503,1.623118573859047,0.9169302483350004,-0.134832047684017,0.9224137670468496,17.757580623191433,18.45805899623572,-0.7004783730442803,0.0080519432318008,1.112303325589203,0.0010793164378842,1.016364954727768,0.0438034534759129,2.0300388386285286,0.0475068200410837,2.12337038421848,-0.0156490352589301,0.79449670139079,0.0015947163269618,1.033129680234527,0.0226426865775664,1.3366762947514723,0.0228520493817531,1.3881246617223515,0.0475068200410837,-0.0156490352589301,2.12337038421848,0.79449670139079,0.0631558553000139,1.118145754321469e-06,1.254683844527741e-06,0.8841306538070056,-1.36538090206272e-07,7.675958494315302e-08,1.6268285101039565e-07,0.4445119158852203,-8.59232660672426e-08,8.592067030862117e-07,1.1668193916214877e-06,0.7301092327365108,-3.076126885352758e-07,4.028794230536468e-07,4.135770927683456e-07,0.9511360031784858,-1.0697669714698632e-08,2.421786371265036e-07,2.428712350759249e-07,0.9577152460768784,-6.925979494212695e-10,3.109389094057545e-07,3.918766173688511e-07,0.773717344993894,-8.093770796309662e-08,0.0,Train187.csv,Normal,0.9620502685137348,1.3282849355700468,0.9192466682684622,0.902746317234978,1.1237658019192545,1.050092640357829,0.0065532325158935,-0.0025921714285432,0.0019805305436751,0.7341601812440026,0.7648730234240328,0.7495166023340177,-0.0098046721510791,-0.0092747353258864,-0.0095397037384828,0.1731289873304735,0.5941247543260442,-0.73160206534385,-0.0809162635958333,1.0,0.0,1.0,0.0,1.0,0.0,1.0,0.0,1.0,0.0,0.41139767539072747,1.9215883854429774,1.2526435455694502,1.3862357063151665,-0.13359216074571623,1.0,0.0164559070156291
823,12.209450782326332,43.9540228163748,0,0,0.3594165549924114,0.7751775281802296,0.4636570814940804,-0.4157609731878182,1.325755030637446,1.4908276805810554,0.889274487597375,-0.1650726499436094,0.7887695649183545,60.79181439819613,52.97472721809059,7.817087180105531,-1.3691058941561132,0.333883932026106,0.0680790734642432,1.2399482566752709,-0.1252592373428619,0.7675999246128858,0.0170901516591991,1.063565940038354,0.0103395007213891,1.0548512162064363,0.0233875331054296,1.1181339564151682,0.0435314333938266,1.199932178296279,0.0388106363709112,1.2951166824184177,0.0680790734642432,-1.3691058941561132,1.2951166824184177,0.333883932026106,1.4371849676203563,0.0003609857614973,0.0017601125298447,0.2050912680091696,-0.0013991267683473,3.256705555678195e-05,6.153492929437416e-05,0.529159037635923,-2.8967873737592208e-05,5.457986731120539e-05,8.00191265441076e-05,0.6820000375878651,-2.5439259232902205e-05,0.0001052631516359,0.0001025455577577,1.0264012398493652,2.717593878247273e-06,3.7759290503747022e-06,5.162351789780258e-06,0.7300217007349221,-1.386422739405556e-06,8.739339607121772e-07,1.487930672887458e-06,0.5834275087161108,-6.139967121752809e-07,0.1250247747307679,Train188.csv,Side II,1.1475625751964305,1.2461154900871227,1.2309079466289137,1.1798189232809693,1.2385117183580183,1.2189474533323352,0.0685891367316156,0.0376918767892706,0.0531405067604431,0.3322465038951447,0.7549664507556513,0.543606477325398,-1.3719483814952866,-0.1319421417182573,-0.751945261606772,0.2902290568050962,0.913868986191978,116.05404413770904,1.3956357777845687,0.8561066976265513,-1.686336596888259e-05,0.5125477922038315,-1.6219751115364044e-05,0.5225322457480255,-1.8262660850690484e-05,0.2208654676014205,-0.0004747056296188,0.190968909788198,-0.0008606538613919,-0.538005196532169,0.4650940967906921,1.2043942723766217,0.7804773711047542,0.42391690127186743,0.41864850185109254,-0.21724851501421524
311,4.61377787764701,16.609600359529235,0,0,0.1430289248689436,0.1339212238192234,1.068007819148488,0.0091077010497201,1.4524779087097284,1.5272469358785212,0.9510432563832804,-0.0747690271687928,0.964420883693522,20.0062026122138,18.88779757775949,1.1184050344543088,0.0126747234537106,1.1735319286661212,-0.0103217929581191,0.948887718747544,0.0482107397458559,1.6105786979894143,0.0176857366576499,1.1634619869281684,-0.009783411158902,0.9501848152141034,0.0188935265724782,1.118441540408897,0.0174076619579846,1.1968781534068016,0.0114851827757742,1.1318476706661846,0.0482107397458559,-0.0103217929581191,1.6105786979894143,0.948887718747544,0.0585325327039751,2.6632218052305285e-05,2.8961800572496323e-05,0.9192462161840204,-2.329582520191037e-06,3.672429553525776e-06,2.04650080821581e-06,1.7857661610704263,1.6259287453099655e-06,4.691812966425695e-06,4.8033954971984815e-06,0.974740797666938,-1.1158253077278613e-07,1.3530288388631197e-05,1.47561679310738e-05,0.9163032989864738,-1.2258795424426036e-06,6.62972478161628e-07,7.384700601687741e-07,0.8857702043714787,-7.549758200714607e-08,3.500291058307577e-07,4.204262748816574e-07,0.8132150062795206,-7.03971690508997e-08,0.0,Train189.csv,Normal,1.0592130987881354,1.3504986018795029,1.1175352148685198,1.1073390667237475,1.2340169083740111,1.1917909611572566,0.0264615028217292,0.0183053465619984,0.0223834246918638,0.869035782373865,0.920308255264636,0.8946720188192505,-0.0117683819003655,-0.0100531081087173,-0.0109107450045414,0.1452653370189706,0.4814628195056376,-1.5248475475422083,0.1513714264386383,2.1410241274497155,1.7255455250824609e-06,0.8965964760459015,-1.579195521907341e-06,0.9303514836747432,-9.295727745037152e-07,1.163530317778594,5.70404388149757e-08,1.2598384096309367,3.9047903377009023e-08,0.0825335278933069,1.2961209086439478,1.1490557881606278,1.2443327818010266,-0.09527699364039877,0.9968260924997464,0.008473363184473112
835,12.387474366029757,44.59490771770712,0,0,0.4373681591410793,0.5542636464181798,0.789097668729509,-0.1168954872771005,1.3489742495973722,1.5453466907082696,0.8729266053883604,-0.1963724411108973,0.7389057197546504,46.03835923259773,26.930902329519004,19.107456903078724,-0.0226347786513135,0.8948935064202727,-0.1416264376074306,0.7434478466241236,-0.2016774881698751,0.7038851064930102,0.1171215351069471,1.2887205350702922,0.187317533514699,1.4794959155164105,-0.1382250311305277,0.7226442333222688,-0.3355228469537948,0.5864376609038712,-0.2846059168348249,0.5602832372982413,0.187317533514699,-0.3355228469537948,1.4794959155164105,0.5602832372982413,0.5228403804684939,0.0003220138862339,0.0006646168567845,0.4845032711916935,-0.0003426029705505,6.235724362424628e-05,0.0001530597412637,0.4073779906428888,-9.070249763948634e-05,5.766068250761254e-05,7.302178270227787e-05,0.7895286185560153,-1.5361100194665333e-05,8.19485771307603e-05,9.080591550218704e-05,0.902359202983389,-8.857338371426744e-06,4.927492356336542e-06,5.349524699595926e-06,0.9193898027390458,-4.22032343259384e-07,1.4281199303546178e-06,1.7968139427076237e-06,0.7904078536246466,-3.686940123530057e-07,0.1268477362092238,Train190.csv,Normal,1.7094993198590305,1.49492479051767,1.2769431004074685,0.8658902541200091,1.3859339454625692,1.2125860483483824,0.1905837101753648,0.1118535808033541,0.1512186454893594,0.5483471379785246,0.5783305467180672,0.5633388423482959,-0.3411390545175363,-0.2915593862340291,-0.3163492203757827,0.3192027301726022,0.9465776525391452,56.69732462595925,0.4486420724627624,0.870982968179321,-1.464072749573116e-05,0.4639742434307286,-1.3989831954546549e-05,0.3945731184229677,-8.103605811902529e-05,0.6318949328281558,-7.421632678352542e-05,0.3949237697159442,-0.0002209328685358,-0.1469491963179745,0.5498150611109525,0.6231217105081271,0.7807421531791355,-0.1576204426710084,0.496814098227284,-0.046123816944497895
0,0.0,0.0,1,1,0.0769404038937568,0.0600572446345947,1.2811175662604617,0.016883159259162,1.483544614004805,1.5964906081840298,0.9292535747515396,-0.1129459941792248,0.9013640885322992,21.28720414279212,27.668949056809574,-6.38174491401746,0.0078317988588323,1.108885582089171,0.0019764206220433,1.0298212839178311,0.0459145362394295,2.1471949471594707,0.0484965778126424,2.13958699071606,-0.0165810574449363,0.782765335242114,0.0018769193450502,1.039719392835893,0.0221965678611501,1.3311459351573007,0.0243068872471153,1.4215752351249946,0.0484965778126424,-0.0165810574449363,2.1471949471594707,0.782765335242114,0.0650776352575787,6.395316343993278e-07,7.443732394365818e-07,0.8477655369601583,-1.0484160503725397e-07,1.1189335844209945e-07,1.5902768345628937e-07,0.6619824407108739,-4.713432501418994e-08,6.753665191456194e-07,1.0203606419464677e-06,0.6554661461736114,-3.449941228008483e-07,2.409044056153478e-07,3.281724769750321e-07,0.7123714140495657,-8.72680713596843e-08,1.930913468449859e-07,2.324195654429497e-07,0.7965171725812185,-3.932821859796377e-08,2.9695313431066385e-07,3.610797557063147e-07,0.8002407292347222,-6.412662139565084e-08,0.0,Train191.csv,Normal,0.7693535483184394,1.343038303316269,0.9571757179283684,0.9319495200930272,1.1501070106223188,1.0773878471125549,0.0074690096278887,-0.0014332223410496,0.0030178936434195,0.7429871931718246,0.7774601021309844,0.7602236476514045,-0.0099721702682268,-0.0077569656139488,-0.0088645679410878,0.1749404531955752,0.6000511101444443,52.32719683738185,0.121526686025307,1.0,0.0,1.0,0.0,1.0,0.0,1.0,0.0,1.0,0.0,0.4220789814790499,1.9235100973439194,1.2641468543727294,1.4286339377221575,-0.16448708334942808,1.0,0.016883159259162
0,0.0,0.0,1,1,0.0762033458645505,0.0593149229460227,1.2847244712203665,0.0168884229185278,1.3995047158575875,1.4947850019041098,0.9362581941297696,-0.095280286046522,0.9587378335767754,19.954813351843747,17.02659875882825,2.928214593015497,0.0066032510049161,1.0918196926574584,-0.0007218186562529,0.9893873981313884,0.0441086656605577,2.058598143420808,0.0399994197253005,1.7540730331936722,-0.0138356951610279,0.7981929941855888,0.0071288867024007,1.1741025957728957,0.0216818117323637,1.321061585926966,0.027027179251352,1.5053136340090625,0.0441086656605577,-0.0138356951610279,2.058598143420808,0.7981929941855888,0.0579443608215856,5.926233576916339e-07,9.221500039305156e-07,0.6357596472593153,-3.295266462388816e-07,7.247234343132273e-08,1.114282342210858e-07,0.5968327209582204,-3.895589078976307e-08,4.825164214065211e-07,9.71322373612772e-07,0.4917002143038076,-4.888059522062508e-07,2.580191572892649e-07,2.998192821490711e-07,0.8328053551073612,-4.1800124859806194e-08,1.806912873618209e-07,2.173640681032779e-07,0.7947222657880297,-3.6672780741456984e-08,2.681339298812959e-07,3.44106181457552e-07,0.7572133555466841,-7.597225157625602e-08,0.0,Train192.csv,Normal,1.171978832811658,1.1954555350671157,0.9167528755989758,0.8568493218619287,1.0561042053330456,0.9896859108426732,0.0038770327575146,-0.0031253622728273,0.0003758352423436,0.7618469398245081,0.7775053854148815,0.7696761626196948,-0.0075860971709287,-0.0074191452230108,-0.0075026211969697,0.1308002910651751,0.4336085952426075,125.457736002994,0.4294133698086577,1.0,0.0,1.0,0.0,1.0,0.0,1.0,0.0,1.0,0.0,0.4222105729631949,1.9050836466137624,1.333492605236308,1.3799350780698851,-0.04644247283357705,1.0,0.0168884229185278
360,5.340707511102648,19.22654703996953,0,0,0.2880352395917361,0.2773856807966569,1.0383925672751666,0.0106495587950792,1.3785307841765957,1.5509571535990276,0.8888258273862877,-0.1724263694224319,1.113540369044622,33.979456969034274,57.18166920220732,-23.202212233173043,0.0925649653997612,1.777400322295435,0.1515748661418605,1.5503577731125693,-0.0393254260401063,0.8655579095568345,-0.0306166730855525,0.9288142223276964,0.0115593945395685,1.0385641126262812,-0.0261202456656611,0.886705683598287,0.0122301940213121,1.076707166467059,-0.0826492421797836,0.7190619206952706,0.1515748661418605,-0.0826492421797836,1.777400322295435,0.7190619206952706,0.2342241083216441,0.0001905907177813,0.0001330124668101,1.4327708871420697,5.757825097124969e-05,3.316800080884024e-05,3.885437800436599e-05,0.8534293487242783,-5.686377195525756e-06,2.860436056796516e-05,3.17167909712676e-05,0.9015837937681696,-3.1124304033024453e-06,7.762300997216128e-06,7.361637825766333e-06,1.0529954374703945,4.006631714497946e-07,1.0879469027535613e-06,1.085466884470108e-06,0.9931353637219404,2.4800182834533476e-09,4.851153681376786e-07,6.28587552789664e-07,0.7596693139702715,-1.4347218465198538e-07,0.0546888443536773,Train193.csv,Normal,0.5942368846025262,1.973750143809844,1.5696239573488124,1.049401484786283,1.7716870505793278,1.5309251953149794,0.1534823463017898,0.0978818448352887,0.1256820955685392,0.6772082955114902,0.8215780284887866,0.7493931620001384,-0.0938157789288079,-0.0519493783117594,-0.0728825786202837,0.4083272999103958,1.296541848298353,-28.478545677784865,-0.5309639325504829,0.9775625882602929,-4.075273043734221e-07,0.7777110274957642,-1.1012102745184196e-05,1.539907697648672,3.409248700839917e-05,1.805615442007244,2.920873197233183e-05,0.8128434801390004,-8.880675408118807e-07,0.07202263968893463,1.9479734961806263,0.8941582569202056,1.3977720016549462,-0.5036137447347406,1.3744113890505603,0.016399337565104578
855,12.68418033886879,45.66304921992764,0,0,0.9517242132151272,0.7717119017215283,1.2332636036316051,0.1800123114935988,1.6718075384362094,1.7492943434920347,0.9557039586270076,-0.0774868050558252,1.3029564868817776,19.778635581141813,27.42872977319259,-7.650094192050776,0.1431791254789709,1.461960175397422,0.0550357937460467,1.1371041182895705,0.476288060583075,1.7676661215781364,-0.0278381187114511,0.9732471140936432,0.788847446086216,1.7513313617373314,-0.2858125546999335,0.7830898759224261,-0.0268846992779833,0.917065369729959,-0.0449252583872057,0.8548102102502578,0.788847446086216,-0.2858125546999335,1.7676661215781364,0.7830898759224261,1.0746600007861495,0.0020115930722595,0.0017352287947414,1.1592600847535357,0.0002763642775181,0.0005920799143615,0.0003152333654824,1.87816772434024,0.000276846548879,0.0002318735425775,0.0001449522723038,1.599544066827679,8.692127027364201e-05,0.0002610308927218,0.0002065134902238,1.263928342673468,5.451740249793206e-05,1.850641890139581e-05,1.859121377610774e-05,0.9949038339189624,-8.479487471192725e-08,5.20447525767757e-06,4.657537265882851e-06,1.1150366802038072,5.469379917947186e-07,0.1298860053399837,Train194.csv,Side I,0.7210919257829249,1.7650213491937443,1.75432701915481,1.4691735936292538,1.7596741841742771,1.6628406539926026,0.7902953253265823,0.4743300009554253,0.6323126631410039,0.7828093858364034,0.8295169208652657,0.8061631533508345,-0.2860891370799541,-0.0522730451336832,-0.1691810911068186,0.3807984525743889,0.9822119633573412,4.452890470326366,0.3860101966637783,1.484832902845186,0.0001197573213677,1.786108184706425,5.441306809841686e-05,1.916327871480237,0.0002359196597104,1.2593382659536985,0.0001365002689256,0.9738185466289524,-2.736583713208708e-05,0.2158302926878709,1.1410937051583772,0.8516551519675476,1.4555768050883762,-0.6039216531208286,1.6539247740467868,0.3449626097247656
624,9.257226352577923,33.32601486928053,0,0,0.2680105948585227,0.2198457585326396,1.2190846184912232,0.048164836325883,1.5375888434442522,1.6263240129384755,0.9454381917485948,-0.0887351694942233,1.0185671699595154,18.115801404217542,15.554592710023543,2.561208694193997,-0.0107534709713862,0.9488949470792588,0.013795295045486,1.0611454172152537,0.2270006195010731,1.7191225628997575,-0.1023366874807124,0.6964734643391086,0.0313440996908779,1.2348132792930675,-0.0551799816367402,0.668585411644726,0.0896449516786073,1.68230963574704,0.0746027239625708,1.6019905435077448,0.2270006195010731,-0.1023366874807124,1.7191225628997575,0.668585411644726,0.3293373069817855,0.0001655901055759,8.142786582476527e-05,2.0333306122277084,8.416223975122264e-05,9.961756186607856e-06,9.249014471927416e-06,1.0758981117062834,7.127417146804405e-07,2.8140001184171703e-05,2.9189913638864503e-05,0.9637015209085386,-1.049912454692803e-06,1.3542242501104912e-05,1.2743838691083776e-05,1.0618169814686702,7.984038100211351e-07,1.3166905039723023e-06,1.2522728854681848e-06,1.0431108194833274,6.441761850411774e-08,6.373061988434757e-07,5.766949056628151e-07,1.086265097399274,6.061129318066059e-08,0.0278805875190884,Train195.csv,Normal,1.1646593215453938,1.752391353555644,1.7067392171472346,1.5837070312889625,1.7295652853514394,1.6809458673306137,0.2221702015002021,0.0873412118065641,0.1547557066533831,0.6352616269815873,0.6514884565837661,0.6433750417826767,-0.1168184487958934,-0.0592649470013978,-0.0880416978986456,0.4246452693462718,1.1171297265740567,-63.50955377603077,-0.8015138598276828,0.9660499315426088,-9.708737382669786e-07,1.1278997119434917,8.060387169116639e-07,1.6588927261489002,5.673523944485979e-06,1.5518240562277166,2.0600186156520143e-05,2.998363337148781,4.343400089854794e-05,0.10841848391367125,0.6032887181586306,1.317628530299837,1.2430543090647566,0.0745742212350804,1.4462054981067027,0.07990029663715963
0,0.0,0.0,1,1,0.0764807862315589,0.0589080171041769,1.2983083968557487,0.017572769127382,1.3181787725651726,1.404480494875053,0.9385525594621492,-0.0863017223098807,0.9028571158081627,21.74461432386865,22.34947737481468,-0.6048630509460331,0.0094788571471393,1.139895000255407,-5.539823870163996e-05,0.9991081751986078,0.0471564412129645,2.229136447395992,0.0400127310016701,1.7967239788197056,-0.011717759504065,0.8363108065421857,0.0062205324225954,1.1320271638135946,0.0212250508590907,1.2985821196401537,0.0270293109554999,1.500325494852754,0.0471564412129645,-0.011717759504065,2.229136447395992,0.8363108065421857,0.0588742007170295,8.727986156787671e-07,1.256022734685613e-06,0.6894020081681284,-3.83224119006846e-07,9.47801909974329e-08,1.0550408969495925e-07,0.8205786587102054,-1.0723898697526336e-08,6.256687973914702e-07,7.530425099135088e-07,0.8199658462834398,-1.2737371252203858e-07,2.397819836279084e-07,2.608446252167281e-07,0.8853119512193991,-2.1062641588819668e-08,1.809235643884061e-07,1.9707288392242357e-07,0.8737192478382934,-1.6149319534017414e-08,2.476408185614728e-07,2.90293027575092e-07,0.8246638976642476,-4.2652209013619225e-08,0.0,Train196.csv,Normal,0.9729361429562106,1.1189888140166282,0.9972672808010676,0.968984339066627,1.058128047408848,1.028413477961441,0.003574511144133,-8.046951086623441e-05,0.0017470208166334,0.6758836275911411,0.783138792423482,0.7295112100073116,-0.0077500382377089,-0.0073207358666567,-0.0075353870521828,0.1268335845733332,0.4431051864254871,68.62559897716346,0.2460859064620946,1.0,0.0,1.0,0.0,1.0,0.0,1.0,0.0,1.0,0.0,0.4393192281845499,1.9120196557889724,1.310311592768834,1.456046540950002,-0.14573494818116806,1.0,0.017572769127382
736,10.918779800476525,39.30760728171549,0,0,0.3533529729387588,0.5076138621416185,0.6961058243896402,-0.1542608892028597,1.4933494318083018,1.629339766932408,0.9165365339695212,-0.135990335124106,0.8089975616770462,16.634163491953764,15.41173535678716,1.222428135166604,-0.6026361204977446,0.4686280535559857,-0.0732958429570535,0.8626568020472224,0.2125264407163848,1.7358068987317858,-0.191656985980036,0.6457057539228465,0.0007646006256319,1.0036167082883167,-0.031618276545949,0.8221927053759382,0.0446469945198508,1.301911384070123,0.0392439981966848,1.3091018120960587,0.2125264407163848,-0.6026361204977446,1.7358068987317858,0.4686280535559857,0.8151625612141296,0.000228632160888,0.0007304730630319,0.3129876275832141,-0.0005018409021438,5.408098382413533e-05,7.382442257708418e-05,0.7324630157115947,-1.9743438752948853e-05,4.644992103566358e-05,7.647774190241395e-05,0.6072858196667148,-3.002782086675037e-05,3.566582233420927e-05,5.536033158757834e-05,0.6441323595434357,-1.969450925336908e-05,3.257806570555154e-06,3.766269961181485e-06,0.8627048924054893,-5.084633906263307e-07,9.178190066196456e-07,1.143759511398204e-06,0.7955028734778274,-2.259405047785586e-07,0.1118083040119625,Train197.csv,Normal,1.0793180064459824,1.7210130369031906,1.2817847787227636,1.2408632299472029,1.5013989078129772,1.4145536818577191,0.2072361231804299,0.0378544655361182,0.122545294358274,0.4647853419320206,0.6270452306610875,0.5459152862965541,-0.6060409992698089,-0.2012957406810958,-0.4036683699754523,0.3776196887848674,1.25622769497117,53.3706304304045,0.8917126964579225,0.5987988348451755,-3.334777609641833e-05,0.7730009865760327,-7.559597038703524e-06,0.5841229605841193,-3.5164985793110584e-05,0.2059282789903495,-0.000441655252765,0.6911752444899102,-3.6261391616045416e-05,-0.24959887427112926,0.5717360033487736,1.1444019671807066,1.0223639181116646,0.12203804906904203,0.5210174087168338,-0.09010732730351322
1062,15.755087157752811,56.718313767910125,0,0,0.4294158201295327,0.7007700029451949,0.6127771054654361,-0.2713541828156621,1.5330564507709912,1.7517669826303277,0.8751486112140199,-0.2187105318593363,0.7323553011314317,14.940826823881308,17.459397775203524,-2.518570951322216,-0.0106243488847859,0.9617301455226293,-0.0814467985226944,0.7717317015443845,0.140300371690182,1.3565499243209942,-0.2819464704238045,0.6514149545494794,0.1141807601247688,1.3985073028989436,-0.1583123966693439,0.6421573452423324,0.0025413625491415,1.0052748063703398,-1.0126682481262446,0.3470409008872217,0.140300371690182,-1.0126682481262446,1.3985073028989436,0.3470409008872217,1.1529686198164266,0.0002278156708951,0.0010197240457439,0.2234069479645143,-0.0007919083748487,6.601535041083546e-05,0.0002327270798068,0.2836477559382534,-0.000166711729396,8.102970128229303e-05,0.0001265971317093,0.6400089804445674,-4.556743042702709e-05,0.0002220441762648,0.0002331346201291,0.952388162085232,-1.1090443864289648e-05,6.4181370215895145e-06,1.078214310124732e-05,0.5947045884563676,-4.364006079657805e-06,1.6642399093654586e-06,2.8169689670067213e-06,0.5887011597186387,-1.1527290576412626e-06,0.0278158779673369,Train198.csv,Side II,0.8557469740762392,1.4237252898879538,1.343992738105398,0.9974314469955275,1.383859013996676,1.2550498249962931,0.1350218357536203,0.1182123478629314,0.1266170918082759,0.3434788417608589,0.6377265497402796,0.4906026957505693,-1.01779081674225,-0.2880177489241453,-0.6529042828331977,0.3437544000662735,1.0802464481270948,134.2582525034958,0.7243007930002303,0.8938379897298698,-2.91301995268468e-05,0.6487286365584033,-3.035095790325468e-05,0.4343661657712433,-4.350946533702717e-05,0.1601032369151753,-0.000415759518093,0.1849574752214557,-0.0005118834452218,-0.21087733645854007,0.33371169532916733,0.6648243508332979,1.0300039237960028,-0.36517957296270487,0.4143993464149407,-0.11786707595562815
938,13.915510126150789,50.09583645414284,0,0,0.8825579224493034,1.0160451613693826,0.8686207536027452,-0.1334872389200792,1.5975355164487397,1.860323053051424,0.8587409080594619,-0.2627875366026846,1.0390854787753363,16.919757000495903,19.13401781282917,-2.2142608123332685,0.0591476351195451,1.082227681371457,0.0086035264393644,1.0142845666443374,0.2223544235206145,1.304993490626552,0.0931995190561231,1.1425815093188765,-0.4711803365084508,0.5614826720728419,0.6313671424187562,2.044614245607799,-0.3336790502304647,0.7404007088083063,-0.8060359870315114,0.5527441454214977,0.6313671424187562,-0.8060359870315114,2.044614245607799,0.5527441454214977,1.4374031294502676,0.0011952477000036,0.0020222567914139,0.5910435285188087,-0.0008270090914102,0.0005071627480665,0.0007901741099475,0.641828583594563,-0.0002830113618809,0.0003420688215687,0.0003517277955397,0.9725108473026955,-9.658973971005689e-06,0.0001915878256455,0.000174687598536,1.09668265191361,1.690022710940919e-05,1.6627114643467352e-05,1.7665189102840487e-05,0.9407036352892708,-1.038074459373135e-06,4.863358517966613e-06,5.294817583733684e-06,0.9167814804564196,-4.3145906576707057e-07,0.1424948222326371,Train199.csv,Side II,0.8842762224413008,2.047389826805598,1.3012874420436205,1.1367367823470065,1.6743386344246094,1.4951380170654085,0.6318368366254461,0.2194752140274245,0.4256560253264353,0.5512517839680765,0.5604076797618897,0.5558297318649831,-0.8084542705287823,-0.4714664141021634,-0.6399603423154728,0.4546099910771684,1.4961380428375215,33.34186162906278,0.6138702590751084,1.1070859959034134,3.985660117660113e-05,0.8140860712716047,-3.648699884867349e-05,0.6287852615315958,-0.0001477998429213,0.3902209755830769,-0.001159649158604,1.51570333846883,0.000188512129939,-0.13297698865949054,0.8791843759323668,1.1125863666125344,1.1338352462141155,-0.02124887960158106,0.6110307694620923,-0.0839348084354926
165,2.447824275922047,8.81216739331937,1,0,0.0854172946695564,0.0704942612292782,1.211691293207954,0.0149230334402781,1.4592219528566357,1.57509110106616,0.9264365360229264,-0.1158691482095244,0.9882746851699934,19.519157401587456,18.69008094172301,0.8290764598644458,0.0033368069546406,1.0322387665696726,0.0020895146716937,1.0329816450180005,0.044308089623328,1.9600897646636448,0.041826494067891,1.757881043031047,-0.0112934861005758,0.8754527496636015,0.0082583796836287,1.1733045067657069,0.0161982376709477,1.205542117404491,0.0252586769786029,1.4500509359714706,0.044308089623328,-0.0112934861005758,1.9600897646636448,0.8754527496636015,0.0556015757239038,1.2251381914823292e-06,2.363017218333276e-06,0.5162786776333731,-1.137879026850947e-06,1.8955805607306985e-07,2.81946266479653e-07,0.649290906709646,-9.238821040658321e-08,1.1701816374920715e-06,7.981489090112906e-07,1.447977748214374,3.720327284807809e-07,6.103397238812205e-06,5.668034442931975e-06,1.0749137399843922,4.353627958802298e-07,2.1915044804294418e-07,2.6177242012861405e-07,0.8063748629799633,-4.2621972085669866e-08,2.815737391457651e-07,3.462844371754082e-07,0.7903060301428181,-6.47106980296431e-08,0.0,Train200.csv,Normal,1.0443591684811837,1.2073440958148538,1.0998879687837526,1.037863204941034,1.1536160322993032,1.1150317565132135,0.0064233618871589,0.0040584423668202,0.0052409021269896,0.7743936118563544,0.786306541574667,0.7803500767155107,-0.0105591524393098,-0.0074162711628781,-0.008987711801094,0.1376031433912782,0.4329504839584994,43.33638232882811,-0.2843202041080905,1.0,0.0,1.0,0.0,1.0,0.0,1.0,0.0,1.0,0.0,0.37307583600695243,2.1354323667389097,1.2762991867138893,1.3417700587504395,-0.06547087203655022,1.0,0.0149230334402781
722,10.7110856194892,38.55990823016112,0,0,0.4385942814030093,0.473100486472913,0.927063667598837,-0.0345062050699036,1.5117221690232896,1.598271603664961,0.9458480999714396,-0.086549434641671,0.9376149271552808,29.95148877902117,29.204047467651947,0.7474413113692258,-0.0861013881904559,0.8373695751971063,0.1344867942401011,1.2282290607149315,-0.1195763127798806,0.7802795804228,-0.0073224068970749,0.983278762963022,-0.0789965705487857,0.8000244749082526,-0.0399386484178839,0.8024958584780688,-0.0904099319353517,0.7402008863432987,-0.0873918636875036,0.8537524920656256,0.1344867942401011,-0.1195763127798806,1.2282290607149315,0.7402008863432987,0.2540631070199817,0.0004998840690205,0.0006960978703675,0.7181129395313968,-0.0001962138013469,5.329468620377083e-05,5.5465516284224335e-05,0.960688422090924,-2.170830080453505e-06,3.711059359127445e-05,3.902496585624477e-05,0.9507013206555052,-1.914372264970317e-06,4.2522861865456015e-05,4.11239863284273e-05,1.0337646715282949,1.398875537028717e-06,4.450546133951084e-06,5.245113864570336e-06,0.8468981355392506,-7.945677306192527e-07,3.579404308091621e-06,1.1544204965887052e-05,0.3097923499418222,-7.964800657795431e-06,0.1096815156204306,Train201.csv,Normal,1.0255937572331777,1.2299235185386987,0.9668214397445242,0.8463127072402293,1.0983724791416114,1.014352555174484,0.1348195480380353,-0.014477063018323,0.0601712425098561,0.7089575231733545,0.7667044382223677,0.7378309806978611,-0.1267822669761633,-0.0996284421534558,-0.1132053545648096,0.1537435851660665,0.5209659953653443,0.1266019311654815,0.1795091467542326,0.9375187448029738,-2.536847043996878e-06,1.0296060197712118,5.507941789524696e-07,0.7687661472819804,-1.6521662583742524e-05,0.9181223646016624,-3.031406987703469e-05,0.447505467018174,-0.0001443580942097,-0.05801833006303701,0.7374473005840575,0.7988164122956644,0.9486260721116127,-0.1498096598159483,0.905498177218285,-0.026527202328911734
1254,18.60346449700756,66.9724721892272,0,0,0.7779138657313521,0.8435237739084929,0.9222192433352202,-0.0656099081771407,1.7214364014080925,1.7059843375566637,1.0090575589826247,0.015452063851429,0.8783232466504142,20.69440481334209,21.35809403920608,-0.6636892258639904,-0.0315171234874266,0.956651836181664,-0.399024353807496,0.602518833758465,0.024058146784244,1.0274655253217904,0.0015620491549105,1.0016180937309302,0.1257144781967742,1.152565389312246,-0.1631892625848213,0.8248330799060664,-0.0889991331507056,0.8672643573272297,-0.0333726567022397,0.9508050232588068,0.1257144781967742,-0.399024353807496,1.152565389312246,0.602518833758465,0.5247388320042703,0.0009715217362503,0.0018381928778248,0.5285171446363847,-0.0008666711415744,0.000165423488864,0.0002013795352393,0.8214105497954811,-3.595604637534266e-05,0.0001563079029949,0.000174632560755,0.8950160964149921,-1.832465776015061e-05,0.0003535270058538,0.0003999725501267,0.883856072575737,-4.644554427289378e-05,2.066054218654365e-05,2.31320813822472e-05,0.8927694032911321,-2.471539195703549e-06,4.846389146854889e-06,5.156386589862109e-06,0.9380616534513418,-3.099974430072199e-07,0.1904994744986427,Train202.csv,Side I,0.9689256337978966,1.154163585305225,1.0236988788049484,0.99835756269501,1.0889312320550868,1.0587400089350611,0.1266487489526679,0.0207482694486188,0.0736985092006434,0.6005679427950543,0.8243617961989008,0.7124648694969775,-0.4003609597028382,-0.163499048721853,-0.2819300042123456,0.1533983101668964,0.5535956425101707,60.031039138029456,0.6622530316409527,0.8774003429491642,-5.025947964243019e-05,0.919324944163564,-1.2496524087246254e-05,0.8075125225758345,-1.3741882889313947e-05,0.8951247164514964,-1.893152992315476e-05,0.7768596226505882,-7.502331118528405e-05,-0.036569310965257264,0.43358960331584123,0.880967486830701,0.8622120650873065,0.018755421743394507,0.8739873943969649,-0.052980822458091756
641,9.509426429491104,34.23393514616797,0,0,0.357526802206827,0.3206999372028819,1.114832744205747,0.0368268650039451,1.28495165064422,1.421093827672813,0.9041990166873572,-0.1361421770285926,1.0740426694707668,23.57684344564584,26.62940921693576,-3.0525657712899203,0.0139516811073577,1.1036448758817197,0.0115735633360584,1.0603968822016483,-0.0009814152433429,0.9956768941839528,-0.0322951593451096,0.8872871347929326,0.3977552478024894,2.515479781472428,-0.3719936704768706,0.4613737969493227,0.2705536347979062,2.088580095048335,0.0280822108286005,1.1719244064184071,0.3977552478024894,-0.3719936704768706,2.515479781472428,0.4613737969493227,0.7697489182793601,0.0002597493694065,0.0001702841193195,1.525298527303818,8.946525008704054e-05,1.601570711787635e-05,1.581885377249376e-05,1.011804603673027,1.9685334538258978e-07,4.07769746216357e-05,4.96223820825952e-05,0.8215800433228679,-8.845407460959498e-06,3.269205498528252e-05,3.671105624583452e-05,0.8902808995041085,-4.019001260552003e-06,2.316083155488252e-06,2.0820421911955536e-06,1.107091991373589,2.3404096429269838e-07,6.830298940099037e-07,7.586428956345997e-07,0.8886179757714237,-7.561300162469603e-08,0.0263179800995926,Train203.csv,Normal,0.8853686255194035,2.5884198718105385,2.124746074769269,1.1155413479000282,2.356582973289904,1.9429024314932783,0.4037702865294599,0.2709730696300959,0.3373716780797778,0.458100496563476,0.8422137739394232,0.6501571352514497,-0.3737436156772507,-0.0448203481969514,-0.209281981937101,0.6633708709897912,2.1303193752470624,-53.90639465230194,-0.6920243324332507,0.8004805625275351,-9.761008694664634e-06,0.9737648799958458,-2.3759377659542563e-07,1.0859376942593482,1.5641803189932109e-06,1.2654552437639768,1.9980040572609164e-05,2.150787229555882,5.63837971211081e-05,0.07855812536374399,0.7626670189182169,1.2406260994720215,1.0532395507557735,0.18738654871624805,1.1083859393397237,0.03999168086918443
945,14.019357216644451,50.46968597992002,0,0,0.3608856010848299,0.3189418895909188,1.131508909766039,0.0419437114939111,1.3991707512435891,1.5382559558208928,0.90958252874184,-0.1390852045773036,1.2452986680524396,37.58377351411579,27.434772853914588,10.149000660201205,0.0603878297291291,1.3131833186640984,0.0736905046488285,1.211174907472506,0.0513798129218489,1.1397563604018917,0.0058136381466969,1.014211316320622,0.0096160325362363,1.023495279378423,0.0666515577041411,1.208257892902863,0.0783765648937004,1.377636906219617,0.0131018632388008,1.0660679451958808,0.0783765648937004,0.0058136381466969,1.377636906219617,1.014211316320622,0.0725629267470034,0.0001533536036332,0.0001657677794398,0.9250552405238466,-1.2414175806607858e-05,3.273283083241456e-05,3.448646628639493e-05,0.9488748952040944,-1.7536354539803646e-06,3.344093446431808e-05,2.3847343579510658e-05,1.4017040226154125,9.59359088480742e-06,0.0001200614853001,0.0001282096442568,0.9363735642537078,-8.148158956723019e-06,4.095502336660742e-06,3.87385447506146e-06,1.054494282151479,2.216478615992822e-07,8.96789171223168e-07,1.3587989122719832e-06,0.6551650232791639,-4.620097410488152e-07,0.0247514168353421,Train204.csv,Normal,1.3699320092986935,1.3730812656798348,1.323784695486961,1.214814606742124,1.348432980583398,1.3038935226363064,0.0743131203938058,0.074093867563808,0.0742034939788069,0.997159383996892,1.0238046664948302,1.010482025245861,-0.0011570865583785,0.0046157383630052,0.0017293259023133,0.1329803041819933,0.3759218816829427,4.162789513675193,0.1664156621632599,0.989092686921596,-1.4851648014608794e-06,0.9020303343020184,-2.1383392106700497e-06,1.225863895002746,2.9747742024186106e-06,1.0215976639554651,7.297698856691384e-07,0.8195615295706051,-2.301908161497429e-05,0.04116666269427938,0.35419983787648696,1.217320914772787,1.2213715288461653,-0.004050614073378256,1.0498306310867431,0.05141728154279731
1181,17.520487696145075,63.07375570612227,0,0,0.5995020370366517,0.5241694990066649,1.1437178751063692,0.0753325380299868,1.4705510535781443,1.567041018911585,0.9384253675856468,-0.096489965333441,1.0319574757495802,22.277808850591228,20.928763218252307,1.349045632338921,-0.0922498038617745,0.8791287622866808,0.057068565667753,1.1114830364799086,0.282546633852252,1.341982783301068,0.1365196062197888,1.2615833754356591,-0.0111631302730872,0.9718233938429228,-0.015151979183626,0.9608387154650272,0.0921504921836854,1.405488216533042,0.02310818574726,1.115247643975668,0.282546633852252,-0.0922498038617745,1.405488216533042,0.8791287622866808,0.3747964377140265,0.0008944788042065,0.0005846584693127,1.5298906152027614,0.0003098203348937,0.0001033949927935,7.66890595692506e-05,1.3480607633811823,2.670593322429215e-05,8.574454137451095e-05,6.97513203793733e-05,1.2291129369143003,1.5993220995137643e-05,9.715779657234075e-05,0.0001019415889591,0.9529797187491168,-4.783792386834883e-06,7.902596218006587e-06,7.661746635794733e-06,1.0300908767157089,2.408495822118539e-07,2.3447854639695083e-06,2.1490454149583177e-06,1.0860287827779558,1.9574004901119057e-07,0.1794097921713693,Train205.csv,Normal,1.064458927057754,1.4053589914562317,1.3389892178105232,1.2546430991212727,1.3721741046333773,1.332997102796009,0.2799437123409243,0.1325346623355046,0.2062391873382144,0.8766325924428804,0.9591904550172448,0.9179115237300626,-0.0938200549517601,-0.0157180372655593,-0.0547690461086597,0.1787812836652047,0.5287263990133513,-33.29599039230257,-0.3823791220461858,0.9529771969626478,-5.103840942397025e-06,1.2758098591439242,1.586725636872649e-05,1.5652439927356925,1.662556462755246e-05,1.0105194519323109,1.2176234752931203e-06,1.7215711535833422,0.0001508669019035,0.047339669849773454,0.3767326742168801,1.1605248586579124,1.110864860689219,0.04965999796869336,1.2838577679373093,0.11791380260896993
0,0.0,0.0,1,1,0.0765134507098771,0.0589392449926158,1.2981747176726792,0.0175742057172612,1.2891972287169458,1.4116824952187377,0.9132345438517616,-0.1224852665017919,0.9042675620474838,22.80918310604788,24.64104563759733,-1.8318625315494472,0.0100043117726612,1.1487958109172007,0.0014702693565923,1.0241629835606143,0.0472455733261139,2.226110592907141,0.040662544377301,1.8405139651157056,-0.0118880136806511,0.8361277801033566,0.003988547877089,1.0804728812642983,0.020403825384238,1.283939207780123,0.0280082719991965,1.5237824984740136,0.0472455733261139,-0.0118880136806511,2.226110592907141,0.8361277801033566,0.059133587006765,6.941042402684231e-07,9.80134592204682e-07,0.701020089322298,-2.8603035193625885e-07,7.039888049400131e-08,1.0404067265919409e-07,0.6173137956173367,-3.364179216519275e-08,7.5297399434575e-07,9.019665019319312e-07,0.8256597065250009,-1.489925075861812e-07,2.343077672788949e-07,3.422342503321656e-07,0.6652043833271094,-1.0792648305327068e-07,1.779075286098849e-07,1.9583714676809489e-07,0.8643120612739702,-1.792961815821005e-08,2.6148247455866017e-07,2.718014090954376e-07,0.9278962635353748,-1.0318934536777433e-08,0.0,Train206.csv,Normal,0.9256580841678664,1.0315398293736595,0.9790074214383256,0.965243523514108,1.0052736254059926,0.9919302581086978,0.0006696134270605,-0.0007197849096781,-2.508574130879668e-05,0.7237366173803431,0.8483241289594368,0.7860303731698899,-0.0086547192392744,-0.0035123521377098,-0.0060835356884921,0.0883302853655507,0.3078032119933166,103.13932302225088,0.2056769449819846,1.0,0.0,1.0,0.0,1.0,0.0,1.0,0.0,1.0,0.0,0.43935514293152994,1.912836267746927,1.296064862506145,1.466356462461652,-0.17029159995550702,1.0,0.0175742057172612
922,13.67814534787956,49.24132325236641,0,0,0.8416190283138865,1.0227863166126256,0.822868869494229,-0.1811672882987391,1.5582274228135935,1.7786568694234246,0.8760697135237876,-0.2204294466098311,0.8961442198771024,18.7970191645122,15.82767195846182,2.9693472060503794,0.0592475836684341,1.0950849065263937,0.0812842992593055,1.1331487834652427,-0.0743808005626831,0.870913716469662,0.2078910869264212,1.275817340740619,-0.6550657105280601,0.4859961217815112,0.6272421107733003,1.9041735049691768,-0.4112392155320583,0.6901523771097532,-0.9249731056164028,0.4511967591454155,0.6272421107733003,-0.9249731056164028,1.9041735049691768,0.4511967591454155,1.552215216389703,0.0010371073195192,0.0019874727220163,0.5218195398786069,-0.0009503654024971,0.0004673545910573,0.0009528596061703,0.4904706667427818,-0.000485505015113,0.0003369348363596,0.0003381808204782,0.9962861673274211,-1.2459841186585594e-06,0.0001603023581779,0.0001676242330698,0.9562626633141228,-7.321874891852887e-06,1.6063906853093726e-05,1.6563174578087596e-05,0.9692715645639064,-4.992677249938702e-07,4.750053153447595e-06,5.519575132950361e-06,0.8590267858270616,-7.695219795027659e-07,0.1400642069280292,Train207.csv,Side II,1.187604797595445,1.905894425578296,1.2719580313731729,1.1346642475296485,1.5889262284757342,1.437505568160372,0.6275758730421928,0.2047445684189711,0.4161602207305819,0.4488788059977691,0.4847946423063343,0.4668367241520517,-0.9285628444813212,-0.6557270260232891,-0.7921449352523051,0.4480778904981524,1.4570156195805264,41.38079535373481,0.744581239962872,1.1057143012804982,3.575025957493731e-05,0.7913909029797412,-4.050293825850189e-05,0.4487542236945557,-0.0003368043439351,0.3700178382319493,-0.001171580723215,1.1570133607283148,5.484528199440318e-05,-0.18679289898162657,0.8677530011798751,1.0151742137414483,1.0330491354870996,-0.017874921745651307,0.536720988302082,-0.08129958581934843
359,5.3258722124606965,19.173139964858507,0,0,0.2847774182338342,0.2463730237876477,1.1558790093857745,0.0384043944461864,1.385722546307204,1.4952455221993692,0.9267525075088726,-0.1095229758921652,1.1373717729670754,36.65037435493768,40.28076391579165,-3.6303895608539705,0.0827164164234575,1.627930516393673,0.2072824381446529,1.6965335838839817,-0.0112316906035446,0.9587882215294794,-0.0828711045751685,0.7570769179658228,0.065039402646129,1.2777008889151695,-0.0307383449487162,0.8363785480805853,0.0238882401784806,1.1052553780519332,-0.0285624016668418,0.8687769493477133,0.2072824381446529,-0.0828711045751685,1.6965335838839817,0.7570769179658228,0.2901535427198214,0.000191286253147,0.0001174518992346,1.6284961710421533,7.383435391233322e-05,3.3965157142985755e-05,3.413749877807456e-05,0.9946601759539156,-1.723416350888008e-07,3.006568899077609e-05,2.180676048910721e-05,1.3781005207343888,8.25892850166888e-06,7.610760231749266e-06,7.0676409011088445e-06,1.075324439045346,5.431193306404217e-07,1.1160908505534825e-06,9.715118392646546e-07,1.1371139969026296,1.445790112888279e-07,4.841422175645569e-07,5.421549887544064e-07,0.8768230432124177,-5.8012771189849486e-08,0.0545369308971393,Train208.csv,Normal,0.9098728718863884,1.7446292472922362,1.7154807339403912,1.3098247119688942,1.7300549906163138,1.589978231067174,0.2090615697674906,0.0860257277010141,0.1475436487342523,0.7160831604019299,0.8075757111663361,0.761829435784133,-0.096323136432745,-0.0409799971834087,-0.0686515668080768,0.3829036832134061,1.0285460868903065,-21.944122234785908,-0.4278831262960523,0.9622869516299484,-7.564802870645046e-07,1.220399410157899,7.347901767510649e-06,1.927537567978461,5.422263761434663e-05,1.4017086287869214,1.3306602284814311e-05,0.9102800847539112,-5.405795286779201e-07,0.2611767088887763,1.936685369805151,0.9368036251600773,1.4277507739357114,-0.49094714877563406,1.5165485356410937,0.07402591307048766
379,5.622578185299733,20.24128146707904,0,0,0.3184501761266286,0.3600628408218255,0.8844294139197698,-0.0416126646951968,1.4299278430194653,1.5910254659964165,0.8987460380695288,-0.1610976229769509,0.8604676911718226,19.642123334656105,17.851271284203285,1.7908520504528198,-0.0665426005288912,0.8477611960982406,-0.0173607306377169,0.951962017485502,0.1913768954389745,1.7344625889598966,-0.2094066374595641,0.5949502398132728,-0.0183122685105693,0.8725144504926045,0.0366439249505536,1.120282809976095,-0.1164858319441786,0.708146046883326,-0.1166213250522164,0.6444521209606155,0.1913768954389745,-0.2094066374595641,1.7344625889598966,0.5949502398132728,0.4007835328985387,0.0002912344726181,0.000314894395891,0.92483457334421,-2.365992327293617e-05,3.79607546068177e-05,6.274861789201996e-05,0.6048691937756103,-2.4787863285202254e-05,1.77531927548405e-05,3.0034127366022183e-05,0.5909039240366862,-1.2280934611181684e-05,8.024619439726543e-06,8.958712663234417e-06,0.8947348121232593,-9.34093223507874e-07,3.662462773288407e-06,3.638419908249541e-06,1.0038490265353266,2.4042865038866172e-08,8.189741084272057e-07,1.2081605432207692e-06,0.6723039200250814,-3.891864347935635e-07,0.0575752000278992,Train209.csv,Normal,1.100320700466546,1.7160733399705392,1.1200739383875962,0.9491884332447896,1.4180736391790676,1.2617785705343083,0.185459509395105,0.0363176141815334,0.1108885617883192,0.5725735321100411,0.6053038187071146,0.5889386754085779,-0.2204120486035894,-0.1281886533227783,-0.1743003509631839,0.346086359876452,1.143499807860498,-9.03911192870946,-0.3127910429884553,0.6160265680927097,-1.4393218507598082e-05,0.6462499791619769,-3.0790335128159336e-05,0.983203089399391,-3.501505116828646e-06,0.9610213439979568,-1.5879466615178423e-06,0.7829886271530163,-1.5447277001818308e-06,-0.25391568410501314,1.9431462733000167,0.8242936592733455,1.178061934181213,-0.35376827490786755,0.8634914708531083,-0.04091370048645846
901,13.366604076398572,48.11977467503486,0,0,0.4283533337332481,0.429602716491095,0.9970917485369524,-0.0012493827578469,1.316060357184209,1.4707039555069803,0.8948506212333068,-0.1546435983227712,0.9136309197921768,30.68712033368935,26.145550336977784,4.541569996711566,-0.0324028601131828,0.8676946575905353,-0.0110226421684423,0.9236436415256838,0.0583576039354079,1.3851789125625804,0.0243566647217104,1.0740051377522657,0.0444764556942818,1.0987724356269897,0.0538623629166208,1.0885562636023298,0.0983464545303449,1.2281909214407571,-0.1891554730114281,0.7340641337376835,0.0983464545303449,-0.1891554730114281,1.3851789125625804,0.7340641337376835,0.287501927541773,0.0004352481176193,0.0003775751495194,1.1527151376936682,5.767296809994622e-05,4.075653612391076e-05,5.351685001287415e-05,0.7614222789891073,-1.2760313888963385e-05,4.911573266439324e-05,6.12758924738985e-05,0.8014198811792046,-1.2160159809505256e-05,8.760687342994751e-05,9.340959712024051e-05,0.9377783262883114,-5.802723690293018e-06,4.942729969345203e-06,4.485938541615399e-06,1.0993766759919434,4.567914277298044e-07,1.816670986675161e-06,1.300338242549724e-06,1.386413772935596,5.163327441254369e-07,0.1368740243407313,Train210.csv,Normal,1.173703361621398,1.30666874746994,1.2241755414827136,1.104993989724386,1.2654221444763267,1.2119460928923464,0.0957085808624135,0.0538026254998945,0.074755603181154,0.7279777067958167,0.8424602304490225,0.7852189686224196,-0.1931559431175286,-0.0374955880768856,-0.1153257655972071,0.1829969716037182,0.5786910406741231,-19.08637211184268,-0.3730471027302906,0.8830811982739197,-1.5642792038420876e-05,0.7584373749728132,-6.308179028762008e-06,0.8489066133244445,-3.193465715356509e-06,0.7822776403287318,-3.429548918009492e-05,1.4414557459305952,7.076083125430739e-05,-0.0013489266868133953,0.4624821653966421,1.0169371062602568,1.0588390705595998,-0.04190196429934301,0.7965405428753298,-0.0010606092857097665
381,5.652248782583636,20.34809561730109,0,0,0.3310973785522451,0.308610724785069,1.0728641010586906,0.022486653767176,1.516050502073175,1.6236769232843309,0.9337143806105248,-0.1076264212111557,1.0975002927650384,19.59083901887928,21.95516950866248,-2.364330489783203,0.0394749875122428,1.1240419843933378,-0.1067854256274061,0.7100997860472252,0.2181342952011313,1.7118900738658194,0.0314150910892535,1.1349634968324165,-0.047833424899601,0.8124727388569553,0.0829116392120671,1.2651262904442917,-0.0167222483293398,0.9476097134226588,-0.1234217763041811,0.6314605610077005,0.2181342952011313,-0.1234217763041811,1.7118900738658194,0.6314605610077005,0.3415560715053125,0.0003137432087331,0.0002439138116659,1.286234445872024,6.982939706719635e-05,4.644259000155128e-05,5.683161259800325e-05,0.8170526464476612,-1.0389022596451975e-05,2.0112080970300533e-05,2.545946537720421e-05,0.789654618675323,-5.347384406903676e-06,5.829614927703646e-06,6.265839944861394e-06,0.9288979608979492,-4.362250171577478e-07,1.274093571939606e-06,1.2626510046151138e-06,1.0011335136807034,1.1442567324492124e-08,8.384080909769411e-07,7.926083298101213e-07,1.0446042731394145,4.5799761166819784e-08,0.0578790269409752,Train211.csv,Normal,0.8923109886364823,1.6984931132429693,1.2667803351877207,1.1236380852194103,1.4826367242153449,1.3629705112167,0.2130485052437573,0.0828542603324375,0.1479513827880974,0.5925124698998478,0.6992381778354504,0.6458753238676491,-0.1351659450557913,-0.1094440047822175,-0.1223049749190044,0.3303409275894724,1.1059806433431214,-13.396989993371008,-0.3489100972465979,0.9977042262502732,-5.375286185471068e-08,0.9266258605445188,-4.749920882844099e-06,1.3859957276460608,6.86154146411846e-05,0.8283785414723517,-4.902058804778228e-06,1.079257330078988,2.630146715082285e-07,0.13577421551463037,1.9991630278713235,0.9480655216248836,1.182010614768794,-0.23394509314391054,1.0470000432209772,0.031166406050362132
926,13.73748654244737,49.45495155281053,0,0,0.5911081806853299,0.5848283103892994,1.010737955186319,0.0062798702960304,1.5690438091251846,1.6696475562157196,0.939745513289038,-0.1006037470905349,0.9432492930630432,26.6659043914936,27.12026719654417,-0.4543628050505681,-0.2307652415082677,0.5653299853264927,-0.0684219071669467,0.9126300410263316,0.1140830887422785,1.2044413084595431,0.057776995908514,1.0990037759856746,0.0283444380893898,1.0555425711143236,0.3330894677467195,1.6745583250004707,-0.0491749227572728,0.8644666272041888,-0.2347990855922362,0.6843126210603269,0.3330894677467195,-0.2347990855922362,1.6745583250004707,0.5653299853264927,0.5678885533389557,0.0008973727574079,0.0006269625852645,1.4312790997539293,0.0002704101721433,9.312880392678344e-05,0.0001037528531046,0.8975158367403797,-1.062404917786031e-05,8.319859773043424e-05,7.086141156963764e-05,1.1739373590532205,1.2337186160796604e-05,0.0002590269356947,0.0002372657177797,1.091670644255258,2.176121791499716e-05,1.3982358137654452e-05,1.392333820861624e-05,1.0035181754942186,5.9019929038212583e-08,2.534963035551769e-06,2.551413688407837e-06,0.9896734162951596,-1.6450652856067723e-08,0.0216418249189305,Train212.csv,Normal,0.9832463739538332,1.6769103657199746,1.1964472144893754,1.0916134402263056,1.4366787901046751,1.3216570068118854,0.3333488336954528,0.1094891956014616,0.2214190146484572,0.5520140336517254,0.6775015871702391,0.6147578104109823,-0.2393981274828263,-0.2361290723008097,-0.237763599891818,0.3250706015318506,1.1248963320682492,-29.75056161709614,-0.3799364511097955,1.096493237535488,2.5596939156666782e-05,1.2064952173135175,6.399590403760648e-06,1.0576658690236211,3.045125185020711e-06,0.9918004212627124,-1.0971814490485284e-06,1.5800289895168036,0.0002538396364342,0.006419055358694859,0.6042093157871438,1.0744458577549956,0.8941337782707892,0.18031207948420636,1.0853205025332837,0.006642004474006618
687,10.191850167020888,36.6906606012752,0,0,0.6650020526749214,0.3065172937535124,2.169541636088795,0.358484758921409,1.3080253293520776,1.384934713978545,0.9444671338692936,-0.0769093846264674,1.5117235651132694,33.0364703928806,33.273158534430685,-0.2366881415500827,-0.0053103112183514,0.9661254666780246,-0.0154922425747796,0.9279498313337344,-0.0067674286109851,0.9771373110348744,0.0355307118339822,1.14780189303323,-0.0046718804188795,0.981495545675503,-0.0079879100903646,0.9698922133181412,0.7639483747857703,2.782372331803335,0.8622666126816887,2.848619901562585,0.8622666126816887,-0.0154922425747796,2.848619901562585,0.9279498313337344,0.8777588552564684,0.0012676811637038,0.0001276977874309,9.926420222335556,0.0011399833762729,5.102843535774449e-05,2.2355556256409653e-05,2.281563434985904,2.867287910133484e-05,6.983240609882672e-05,6.66788795546775e-05,1.0471371923646111,3.1535265441492126e-06,0.0001013315511659,8.493001414638819e-05,1.19297779950091,1.6401537019546136e-05,4.427254632139613e-06,3.917516719199806e-06,1.127240174560383,5.097379129398066e-07,1.6775821517728422e-06,9.75334506459859e-07,1.7025509010134157,7.022476453129831e-07,0.0163069602411422,Train213.csv,Side I,0.9928865138777242,2.858072695538365,2.8017449749794787,1.1043294050072112,2.829908835258922,2.2547156918416853,0.8623507372145927,0.7648009889836151,0.8135758630991039,0.9179591497734204,0.9272765430309284,0.9226178464021744,-0.0171156769163726,-0.0170069544983817,-0.0170613157073772,0.8051264281343965,1.940113545764945,-218.46084169639732,-2.351882410029228,1.0451138840334484,3.004460794170792e-06,2.3278328788732945,2.189617763384618e-05,2.528395494299335,3.130250478358966e-05,3.7017346040641352,6.974314501378626e-05,12.686597138677651,0.0009296934873372,0.6657323216014264,1.2349572732994374,2.2002948155613535,0.9570708696822111,1.2432239458791425,2.852654325745588,0.9063912492318739
1048,15.547392976765488,55.97061471635576,0,0,0.387263220598161,0.4648118053206743,0.8331613092300324,-0.0775485847225133,1.3230525590007516,1.484009763054145,0.8915389797453034,-0.1609572040533933,0.8870194545302489,40.21690168100112,36.98037469883639,3.236526982164726,0.029788529328922,1.1280620161586308,-0.0365637300578764,0.8621122203054673,0.0393911524468399,1.1054228059127311,-0.2640939259393231,0.6764433115480144,0.1363235588439584,1.4652131978077103,-0.1000144251147663,0.7159751133982905,0.1500617106033424,1.5703470198342,-0.2908014734864784,0.5963638741203467,0.1500617106033424,-0.2908014734864784,1.5703470198342,0.5963638741203467,0.4408631840898209,0.0001931867143336,0.0002887411665526,0.6690421951883146,-9.555445221909357e-05,7.847213286379198e-05,0.0001369598663485,0.5729153057949513,-5.848773348479093e-05,4.522727600435969e-05,5.501731451138889e-05,0.8219059281004727,-9.790038507029196e-06,0.0001280236425586,0.0001309412488173,0.9776435407436946,-2.9176062587474272e-06,5.511483924401944e-06,5.051532613864907e-06,1.0888962582804462,4.599513105370363e-07,1.4509700730870556e-06,1.5611490015035856e-06,0.9235088917082218,-1.1017892841652997e-07,0.1592053024518163,Train214.csv,Normal,1.0875201237858565,1.580033195265486,1.491231548643244,1.1270532903745272,1.535632371954365,1.3994393447610858,0.1483532956210819,0.1403457139997406,0.1443495048104112,0.5876577983736334,0.6685808700798807,0.628119334226757,-0.2964726635053125,-0.2702225164919748,-0.2833475899986436,0.3510767335932839,0.9923753968918526,43.57067040620714,0.3111644859752207,1.0117207749713475,1.6272944918778811e-06,0.6959591967755451,-1.512672966873619e-05,0.8755912686554396,-3.2844807034903097e-06,0.3789106629710467,-0.0001767059576451,1.1573903645637793,1.200158513591209e-05,-0.06188618788410558,0.3090481214621564,0.960895335784279,1.0318656807922764,-0.07097034500799737,0.6501537094673439,-0.06790086367961926
357,5.296201615176793,19.066325814636457,0,0,0.1980819018932116,0.1863534162458987,1.0629367320128416,0.0117284856473129,1.308691341760806,1.481257479244878,0.883500236294472,-0.1725661374840719,1.0798822727962023,54.84456802684852,40.7904130410293,14.054154985819215,0.0759817093609953,1.5071345252305852,0.0061222966351092,1.0196789982176555,-0.0093680553854742,0.9349974133841108,0.0435316643060798,1.4398958309383068,-0.0118244064713114,0.9513324069191332,-0.0047462827567435,0.9766084609961464,-0.0071614677248199,0.9474477649639522,0.0240086515217464,1.2496334087693148,0.0759817093609953,-0.0118244064713114,1.5071345252305852,0.9349974133841108,0.0878061158323067,5.074532764168573e-05,5.14117863994202e-05,0.9868448996991264,-6.664587577344746e-07,6.030480640881767e-06,6.029670661885542e-06,0.9984783903761888,8.099789962247164e-10,1.0830134141184656e-05,8.379698187674051e-06,1.2908848326744384,2.4504359535106047e-06,5.356593061852173e-05,5.695254101310954e-05,0.9403711573574972,-3.386610394587818e-06,7.925804256341255e-07,7.873857115740269e-07,0.9939736994654496,5.194714060098532e-09,3.597483740659564e-07,3.882469848837628e-07,0.9033298122042454,-2.8498610817806404e-08,0.0102326612140807,Train215.csv,Normal,1.3445455420673798,1.551063484271728,1.2505845059475644,1.1048253423271446,1.4008239951096462,1.302157777515479,0.076078123962287,0.0230291830212459,0.0495536534917665,0.7786527027842661,0.7936955533546514,0.7861741280694587,-0.0314692273727475,-0.0253718803929405,-0.028420553882844,0.2367294890759073,0.7724107814874618,-1.4265339092896738,0.0428685619423303,1.1969017651555318,1.1958519059689737e-06,1.082704978373574,1.4499622681489103e-06,0.9800126787376652,-6.29718034797463e-07,0.6000639692291871,-1.823647883161399e-06,0.9895446485566672,3.201899360385661e-09,0.08065808914772321,1.3622310826729513,1.0578965449098046,1.1539369789441174,-0.09604043403431284,0.8875938754468088,0.011494064636759374
788,11.69021532985802,42.08477518748887,0,0,0.2673614304967757,0.5423731916712428,0.492947346352919,-0.275011761174467,1.412034890148118,1.5547783291344976,0.90819048259584,-0.1427434389863797,0.6438371061761974,34.90703519030923,36.12800279139167,-1.2209676010824424,-0.8019006623320503,0.3544044057147907,-0.4137694894147435,0.4504726800133621,0.0253650242109843,1.1133984441762304,-0.0282800652548841,0.8910772048452655,0.0289795517799936,1.135683283868209,-0.0158268066236873,0.915881360583102,0.01912263816252,1.104021906154127,0.0268724978353224,1.2526136200627631,0.0289795517799936,-0.8019006623320503,1.2526136200627631,0.3544044057147907,0.8308802141120439,0.0001199607265472,0.0007404570530412,0.1620068388654386,-0.000620496326494,1.478968425801965e-05,2.2931455453672736e-05,0.6446707048681144,-8.141771195653086e-06,3.963810429889827e-05,4.6487181729638815e-05,0.8524840178352499,-6.8490774307405455e-06,2.2969136255641244e-05,2.4069351900984148e-05,0.9538934581832524,-1.1002156453429043e-06,2.088371601730712e-06,2.4860138391033286e-06,0.8366827014392443,-3.976422373726166e-07,8.75687191901202e-07,1.308884098519613e-06,0.6639606868292073,-4.33196906618411e-07,0.0332521679547899,Train216.csv,Side II,0.9662043977965088,1.1651076016929092,1.127186227737114,1.0604631285254746,1.1461469147150116,1.1175856526518326,0.0335597689530816,0.0131905546921187,0.0233751618226001,0.3495690916319253,0.4450151705172063,0.3972921310745658,-0.8068929162484983,-0.4165783321359735,-0.6117356241922359,0.2914058329000938,0.8155385100609838,133.35500879237873,1.8250205021386785,0.862335712393149,-6.664767740082882e-06,0.7413040293680399,-3.529801026881799e-06,0.6437716178124064,-7.25788451981942e-06,0.2730903755105607,-7.20618137718945e-05,0.1414941932142308,-0.0004634418529578,-0.38818723744297373,0.3773885693474146,1.090838962266664,0.6394251766347944,0.45141378563186974,0.552722007563669,-0.17704476640872577
880,13.055062804917586,46.99822609770331,0,0,0.6312262170479002,0.6711555315268425,0.9405066009168228,-0.0399293144789423,1.3994266656852472,1.5616712541976765,0.896108353766896,-0.1622445885124293,0.9373483187781312,29.20339651360974,26.42921719448999,2.774179319119749,-0.0123587047128047,0.8973524500784036,-0.0402204235145097,0.9078135758136602,-0.0008336502646919,0.997450503526327,-0.0903667948946869,0.834948084542198,-0.0960083154119539,0.8547441451678981,0.0837867067845761,1.079779629206585,0.0555332207756378,1.1008653422197756,-0.2168820974674521,0.7976767791103752,0.0837867067845761,-0.2168820974674521,1.1008653422197756,0.7976767791103752,0.3006688042520282,0.0009546090174046,0.0011059117495227,0.8631795312974293,-0.000151302732118,0.0001583926568187,0.0001648430232798,0.9608113558820957,-6.450366461074127e-06,8.257342129874567e-05,8.762367104743784e-05,0.9422567868239484,-5.050249748692173e-06,0.0001345784609455,0.0001337598595262,1.006044720552933,8.186014192415885e-07,8.132045809156169e-06,9.224813234208034e-06,0.8805858443387959,-1.0927674250518651e-06,2.315779042948919e-06,3.648444966646418e-06,0.6329954568297691,-1.3326659236974996e-06,0.1336838417534335,Train217.csv,Side II,1.1049663820027342,1.0966844200884165,1.0798597061357609,0.9729439875247934,1.0882720631120886,1.049829371249657,0.0838177570809093,0.0529199321609397,0.0683688446209245,0.7720863110785042,0.7954570715951429,0.7837716913368236,-0.2190886063731574,-0.096849064097904,-0.1579688352355307,0.1174652850447229,0.3245981090099122,7.098720689263217,0.151806657962771,0.9641589243674626,-6.525900131182843e-06,0.9708382288675634,-1.3969967932936088e-06,0.8942798514466878,-7.187824276849559e-06,1.0989795939686142,3.286116534460592e-05,0.7264739358076768,-0.0001565011734057,-0.045192766774607165,0.7144339836865381,0.9927739168455787,0.9342055098061303,0.058568407039448434,0.9880325580942885,-0.0357079814205966
113,1.6763887465405534,6.034999487545992,1,0,0.2081768475119536,0.1970582688983191,1.0564227429357158,0.0111185786136344,1.4632853730126325,1.5877471365737466,0.9216110866080316,-0.1244617635611142,0.962688404932963,15.027918667523268,14.108731421957303,0.9191872455659632,0.0053417400510041,1.051415253989766,0.1079997228463921,1.564996672971131,-0.0342284966309099,0.8404472475592815,0.0558453599675747,1.2925869545029838,-0.0710819709964508,0.7290100522302997,0.0780639883350386,1.434358098281738,-0.0328551610174984,0.8373795258729203,-0.0550150313833052,0.7212342024330767,0.1079997228463921,-0.0710819709964508,1.564996672971131,0.7212342024330767,0.179081693842843,8.02224737728258e-05,7.027180336929178e-05,1.1414401726617818,9.950670403534022e-06,3.671676105327485e-05,2.9854243121583665e-05,1.2294556036057278,6.862517931691184e-06,9.03645276211895e-06,1.004183873142022e-05,0.8989850517470643,-1.0053859693012684e-06,9.842918582547462e-07,9.375351399273984e-07,1.038791931590172,4.6756718327347776e-08,2.615207838653912e-07,3.271455313529948e-07,0.7756910875131139,-6.562474748760361e-08,3.418856620357168e-07,4.114555237336269e-07,0.8112022331727683,-6.956986169791009e-08,0.0,Train218.csv,Normal,1.0651502397645711,1.604509358597231,1.4428949809357876,1.2347784140522469,1.5237021697665094,1.4273942511950886,0.1104283381112979,0.0780387317379715,0.0942335349246347,0.6193594461028222,0.7240913886318556,0.6717254173673389,-0.0730898450659829,-0.0700970685384323,-0.0715934568022076,0.3454335034438719,0.9851499124944088,-8.013356757875854,-0.0869153406716396,1.0,0.0,1.0,0.0,1.0,0.0,1.0,0.0,1.0,0.0,0.27796446534085995,5.204421187798839,0.997657275529245,1.152286391506726,-0.15462911597748108,1.0,0.0111185786136344
0,0.0,0.0,1,1,0.0767344430724308,0.0592147345678733,1.2958671633629348,0.0175197085045574,1.4459147376190704,1.4843457567320903,0.9741091125973776,-0.0384310191130199,0.9117646777631012,18.27107123114496,17.47903189506497,0.7920393360799878,0.008609566559577,1.1250012381769847,-0.0007517011748086,0.9885074414737304,0.0435081890742134,2.0213236839017465,0.0405084577857141,1.7689851078804055,-0.0114904595371965,0.8296662905075158,0.0063483545280393,1.1400157500164383,0.0215813018505817,1.3100368046632975,0.0272134480778554,1.497888153605987,0.0435081890742134,-0.0114904595371965,2.0213236839017465,0.8296662905075158,0.0549986486114099,9.143823555007056e-07,7.413075765546054e-07,1.2170546178889063,1.730747789461001e-07,7.39043869333451e-08,8.73282151505685e-08,0.7593315753197949,-1.34238282172234e-08,7.690315649424934e-07,6.690663656340127e-07,1.1324836626601058,9.99651993084807e-08,2.674736321840867e-07,3.07512413755296e-07,0.8424037001281667,-4.0038781571209226e-08,1.768792223434157e-07,2.0610308064706618e-07,0.8184946823238034,-2.9223858303650477e-08,3.043711702937886e-07,3.7532937574343147e-07,0.7898986930507258,-7.095820544964288e-08,0.0,Train219.csv,Normal,1.045313683868869,1.13805394203629,1.10733453500975,0.9570367045506648,1.12269423852302,1.067475060532235,0.002942747302603,0.0024067647347225,0.0026747560186628,0.767463165001769,0.7851967532062435,0.7763299591040063,-0.0073055441876741,-0.0068210070989334,-0.0070632756433037,0.127100257346003,0.370590777034521,-150.06495633698864,-0.4637877499935809,1.0,0.0,1.0,0.0,1.0,0.0,1.0,0.0,1.0,0.0,0.43799271261393496,1.9183610768107695,1.3159802360952408,1.3782774545174874,-0.06229721842224656,1.0,0.0175197085045574
953,14.138039605780063,50.89694258080824,0,0,0.5640256588830881,0.5675048081432219,0.9938693749393755,-0.0034791492601338,1.5386326662836511,1.7193747521536429,0.894879173610994,-0.1807420858699915,0.996720295412845,18.1744698691198,15.878447064794893,2.296022804324908,-0.1115102094571563,0.7132485433020613,-0.0495292546382053,0.9252882633434916,0.1654519141118351,1.4832152827419935,0.0753848647612208,1.119971660358951,0.1135322364614929,1.2082538552928408,-0.0100944419506768,0.9845497243180806,-0.0987606943862816,0.8336623996503103,-0.1342164603645975,0.7870180281945649,0.1654519141118351,-0.1342164603645975,1.4832152827419935,0.7132485433020613,0.2996683744764327,0.0006741886562974,0.000884054848836,0.7626009078237134,-0.0002098661925386,0.0001162352015097,0.000124053817908,0.9368984726546132,-7.818616398296024e-06,0.0001339830074067,0.000101059680755,1.325649852713177,3.292332665165085e-05,9.912083121793195e-05,8.496215432067755e-05,1.16650957022766,1.4158676897254417e-05,8.582792001914283e-06,9.577414497148156e-06,0.8952144506182864,-9.946224952338748e-07,1.699437720037332e-05,3.3744035067097925e-06,5.021380330885753,1.3619973693663529e-05,0.1447735240807069,Train220.csv,Normal,1.1445999588945672,1.4688619797784888,1.2129536449433762,1.1134321056536491,1.3409078123609324,1.265082576791838,0.1599889660631849,0.1152604683272844,0.1376247171952347,0.6976757782288836,0.7794373857080519,0.7385565819684677,-0.1386043723278794,-0.1159412704759305,-0.127272821401905,0.2383411782025095,0.7711862015496052,63.7477013620624,0.4556524379422395,1.250175724635983,3.412071040900078e-05,1.331992838257949,1.8813969213047328e-05,0.93884777206138,-2.323019049876888e-06,1.031065518281429,1.165648587458999e-05,0.6177435564771886,-0.0001743549970013,-0.0033576055974083177,0.544321490040051,0.8684100507209852,1.0405840297958486,-0.17217397907486343,1.1006353762002528,-0.0032663915315456165
676,10.028661881959415,36.1031827750539,0,0,0.4147317174724243,0.4448561892446807,0.932282652633807,-0.0301244717722564,1.6077717314005584,1.7232027841192274,0.9330136516069956,-0.115431052718669,0.8740060307847859,16.798641390142233,18.16326064875652,-1.3646192586142831,-0.1696524191791217,0.6784415293131224,0.1136192888240908,1.226529983602312,-0.0310782109494967,0.9337605465356392,0.0105700482771471,1.025918136715778,0.08262177755109,1.2910839055923538,0.0517881521698963,1.1962872987190354,-0.1751345852308304,0.7126952191288872,-0.098349263253288,0.7417595482028198,0.1136192888240908,-0.1751345852308304,1.2910839055923538,0.6784415293131224,0.2887538740549213,0.0005009830046027,0.0007001468293493,0.7155296979225736,-0.0001991638247465,3.940972193118728e-05,4.09856941433638e-05,0.9613136880514744,-1.5759722121765183e-06,3.382441873675954e-05,3.109472901716325e-05,1.087436534749928,2.72968971959629e-06,3.415842912874941e-05,3.176267953291121e-05,1.075088082935119,2.3957495958382003e-06,3.662935469791751e-06,3.950077514735463e-06,0.9249655988202136,-2.871420449437118e-07,2.505300413744797e-06,5.413695296722167e-06,0.4619176182811902,-2.90839488297737e-06,0.102693496619683,Train221.csv,Normal,0.9248692569989408,1.3127768689890664,1.2286674813883858,1.1974808156234402,1.270722175188726,1.246308388666964,0.1139753864346383,0.0864048835800138,0.1001901350073261,0.6689730361783122,0.7015508892135789,0.6852619626959455,-0.18100978810265,-0.1733270121978498,-0.1771684001502499,0.2415080583880247,0.6438038328107543,12.708889656476812,-0.094477406915058,1.087436534749928,2.72968971959629e-06,0.9287138318134244,-1.2588620196187249e-06,0.5146204604099059,-4.007909376219972e-05,0.8847698357200939,-4.31031911906762e-05,0.5905004900325476,-9.247203765959864e-05,-0.05777879350908063,0.7954562140264444,0.8835806886835808,0.9462440198170246,-0.0626633311334438,0.7760347093144748,-0.015502669533043804
808,11.986921302697056,43.1529166897094,0,0,0.7133438296248866,0.6260717445322265,1.139396282392369,0.0872720850926601,1.4874549194662896,1.586377224570939,0.9376426281536973,-0.0989223051046495,1.2106182307756648,24.9224948812688,33.90879666082146,-8.986301779552658,0.2140742505680103,1.6124053036265722,0.0006442904275795,1.0017100291458836,0.028232822151005,1.0373166176301756,0.156022188450953,1.2522310647300376,0.2350545175278617,1.2298415239634954,-0.0331926614809041,0.9619983993792532,-0.0040740191408856,0.9853247668101824,0.0039377820292862,1.0224813486475928,0.2350545175278617,-0.0331926614809041,1.6124053036265722,0.9619983993792532,0.2682471790087659,0.0015134283373031,0.000811657558805,1.8645913845950528,0.0007017707784981,0.0001971685739684,0.0002370514709542,0.831719187326379,-3.988289698578525e-05,8.161685820182308e-05,7.38597102941609e-05,1.1048758398646998,7.757147907662179e-06,0.0001409630176462,0.0001343751981376,1.0489475001696855,6.587819508645958e-06,7.986369210159742e-06,7.703195748778183e-06,1.0354163786683142,2.83173461381559e-07,2.2240730956735614e-06,2.290803046219446e-06,0.96665079582889,-6.672995054588451e-08,0.122746072882698,Train222.csv,Normal,0.7349861194783899,1.6220760611698597,1.2470378422997657,1.2313063569519582,1.4345569517348125,1.3668067534738608,0.2360529518521006,0.214405726931633,0.2252293393918668,0.9587884382877824,0.9595795451047652,0.9591839916962738,-0.0333424566217201,-0.0111855442936225,-0.0222640004576713,0.2176289445109964,0.6632876228820771,-37.30427813173748,-0.6520748774763168,1.070843866840051,8.811718786899962e-06,0.9121177267522298,-2.514566704309378e-06,0.8286518704865564,-3.675344078348406e-05,1.605280155342775,0.0001620154280092,2.0989298071639224,0.0005091126829447,0.11716423228587579,0.957676009059805,0.9899348382790095,1.2171439834675437,-0.2272091451885342,1.115349917527187,0.07231817655329471
254,3.7681658550557575,13.565397078200728,1,0,0.0952257076814681,0.0849415000516786,1.121073873345701,0.0102842076297895,1.2640281724748288,1.4287390161859277,0.8847159273371286,-0.1647108437110986,0.8602461820775976,17.570905354407373,19.328484649264546,-1.7575792948571731,-0.0131377890649306,0.8964695176078813,0.001506693112706,1.0191085537606142,0.0361363303720587,1.629197401680368,0.0368122595533239,1.4916793160462831,-0.0031936572305168,0.9704988015816,0.0056272168656979,1.090173899360094,0.0115018555617046,1.1320355384424834,0.0233888437598089,1.4075009431061258,0.0368122595533239,-0.0131377890649306,1.629197401680368,0.8964695176078813,0.0499500486182545,4.1907757413793816e-06,4.682190706107305e-06,0.893138408872579,-4.914149647279237e-07,4.475640704488826e-07,4.67879511573038e-07,0.9365625845218476,-2.031544112415538e-08,1.255950169374891e-06,1.6066501859377208e-06,0.776884313192585,-3.507000165628298e-07,2.050688547596988e-05,1.569798092526354e-05,1.3055074088476986,4.80890455070634e-06,2.376692449519918e-07,2.5944854558998664e-07,0.8820579989830317,-2.1779300637994827e-08,2.5316706609691056e-07,3.1602028952442185e-07,0.7765377623160048,-6.28532234275113e-08,0.0,Train223.csv,Normal,0.9090679204375844,1.095848631557618,1.0640502764740123,1.0475909928777245,1.0799494540158152,1.0691633003031182,0.0062294537882513,0.0041125456958976,0.0051709997420745,0.7035011754164796,0.7577177921721125,0.730609483794296,-0.022449683797523,-0.0149099648813733,-0.0186798243394481,0.1413655559870142,0.3923474561411383,35.52618183318441,-0.5031389765034966,0.8351855290999151,-1.128177341223401e-07,0.95706839263767,-1.3693515708012113e-07,0.7047877212910824,-1.684368410647479e-07,0.4743175279484986,-9.088288281065097e-08,0.0,0.0,0.13971589701868342,1.2936869467140046,1.209903460302901,1.1815918243496213,0.02831163595327979,0.7120578806257504,0.007248183260683705
775,11.497356447512646,41.39048321104553,0,0,0.5571823658649139,0.6603254191067487,0.8437996498463477,-0.1031430532418348,1.640108643320181,1.74139122382617,0.9418381185464844,-0.1012825805059889,0.7611758638789603,25.75381410090188,28.39795876835781,-2.644144667455933,0.0053996054497323,1.020885807661257,-0.2396935821297973,0.6526737151520354,0.0599660153734973,1.0766051310522258,-0.0667677804630222,0.9348358647710906,-0.520303564768318,0.4473441163233964,-0.0759795709866482,0.8217977121200056,0.1099337177597351,1.3777698684210118,-0.0102147987920999,0.9716403264886406,0.1099337177597351,-0.520303564768318,1.3777698684210118,0.4473441163233964,0.6302372825280531,0.0008032185089825,0.0010049372404762,0.799264356009295,-0.0002017187314936,0.0001065603522658,0.0001288792936602,0.8267587573779694,-2.2318941394373817e-05,6.196421699919616e-05,0.0001117231658999,0.5545731788778016,-4.975894890071798e-05,8.640562517543822e-05,7.92037132545892e-05,1.0907912484513198,7.201911920849016e-06,5.732456570152997e-06,7.061228561727838e-06,0.8106733533093838,-1.3287719915748402e-06,8.711898290162952e-06,1.132039905260458e-05,0.7688959806018749,-2.6085007624416274e-06,0.1177329288169443,Train224.csv,Normal,0.9068896219586374,1.3784882318436285,1.0722020735207616,1.0125429387815867,1.225345152682195,1.1544110813819923,0.1076325078258598,0.0564842253368561,0.082058366581358,0.4448425764766637,0.6492069477772326,0.5470247621269482,-0.5214491165565691,-0.2412779017704049,-0.381363509163487,0.2625317979813014,0.9336456553669648,5.3943282413573,-0.025998289962831,0.5793731804598663,-5.10149506479541e-05,0.9418074225665288,-2.162153217806068e-06,0.790921110431134,-2.872174973505816e-05,0.6849508950867362,-0.0002160540102121,1.116564758456165,2.642354800110237e-05,-0.15051472822711875,0.8130858039898055,1.0570693023432194,0.916721551288506,0.14034775105471342,0.8058931426947996,-0.08157801820328955
275,4.079707126536745,14.68694565553228,1,0,0.2378129030367109,0.2363836897008495,1.006046116283272,0.0014292133358614,1.428512591578356,1.6074166119664317,0.8887008956214393,-0.1789040203880754,0.9195118372650803,19.210499544903456,18.86898782487234,0.3415117200311144,0.0926924944761845,1.5011806337347553,0.0320320197775441,1.2984600729187217,-0.021858354307721,0.90284198058535,0.0740847945652253,1.287849452089755,-0.1591700355450301,0.5834703848092739,-0.0290649912098058,0.8533679525860955,0.0433555313501258,1.1665009709434078,0.0080340258444693,1.0453982947031846,0.0926924944761845,-0.1591700355450301,1.5011806337347553,0.5834703848092739,0.2518625300212146,0.0001780883449342,0.0001451170585115,1.2271201990909884,3.297128642264406e-05,2.0429967381745392e-05,2.209458612844888e-05,0.924241117342241,-1.664618746703484e-06,9.73373667288975e-06,8.53213136496218e-06,1.1394974224834864,1.20160530792757e-06,4.531668989082031e-06,4.20974501185468e-06,1.073920100942368,3.219239772273516e-07,6.373740642005225e-07,7.0887005918015e-07,0.8866332045146362,-7.149599497962743e-08,4.71691889330637e-07,5.321505791147763e-07,0.8700385234316557,-6.045868978413929e-08,0.0,Train225.csv,Normal,1.018099100652339,1.5439362535417038,1.3808668877494552,1.2561368527768704,1.4624015706455795,1.393646664689343,0.0943271785934687,0.0652115580182007,0.0797693683058347,0.5766956605490564,0.833330976117052,0.7050133183330543,-0.1593560675865176,-0.0371982472452719,-0.0982771574158948,0.3005700759220915,0.9672405929926474,-9.07415407191192,-0.1306773055514756,0.9571789144711016,-7.572471995620554e-07,1.3373920359903413,2.1147137608271843e-05,1.148138297091556,1.0131226619071072e-05,1.1303930764244887,1.3695023925344595e-06,1.1354629722958085,4.088046464763353e-07,0.01656433834160441,2.756210909216742,1.021755739410896,1.2341608957462757,-0.2124051563353797,1.2053078031687952,0.0016409345656164499
1127,16.71938156947968,60.189773650126845,0,0,0.5821030775655452,0.568730762242794,1.0235125405119498,0.0133723153227512,1.3990798074833677,1.530618887265454,0.9140615015160932,-0.1315390797820863,1.103031143707223,23.143494824805348,18.16560640461857,4.97788842018678,-0.0254448031152587,0.8852279480891018,0.0368002334233834,1.1314944138394163,-0.0377062409263238,0.917844956117523,0.0499891667212547,1.0883196550436274,-0.0590546193397715,0.9052307256289248,0.1066360420798018,1.1932450610965883,-0.0692275724054488,0.9106012540579552,0.0773224430628619,1.0969029578962537,0.1066360420798018,-0.0692275724054488,1.1932450610965883,0.8852279480891018,0.1758636144852506,0.0006430249251479,0.0006394686560577,1.0055455628684111,3.5562690901755345e-06,9.193289506367838e-05,0.0001167444862767,0.7874035336491874,-2.4811591213033367e-05,8.962210914470964e-05,8.363255496512908e-05,1.0714893774116951,5.989554179580562e-06,0.0002037312582072,0.0001835201253322,1.1100698473253618,2.021113287492863e-05,1.2774602789853888e-05,1.0987740530027764e-05,1.1615661194201348,1.7868622598261224e-06,2.2257972988128214e-06,2.108508516226414e-06,1.0506435455721064,1.1728878258640757e-07,0.1712064655183177,Train226.csv,Normal,1.2740281990355615,1.1935744753097497,1.1339962476341847,1.094569877806573,1.163785361471967,1.1407135335835026,0.1065784420508871,0.075325976014768,0.0909522090328276,0.8583952797961841,0.9017975545004142,0.8800964171482992,-0.0719057401117705,-0.0580553541214333,-0.0649805471166019,0.1210278669426781,0.3351791955135655,10.774168412968294,-0.0143911454581084,1.1126236028276224,2.13419221698284e-05,1.0421430972734544,2.91259028570511e-06,0.7885846476116579,-6.793412537777184e-06,0.7219370181285619,-4.861695162070896e-05,1.0096721421896326,3.057186955325889e-06,0.009227864254535138,0.40169320362816957,1.0669164243502658,0.978189106015347,0.08872731833491876,0.8508882543378914,0.010545202566543729
371,5.503895796164118,19.814024866190824,0,0,0.2675674020400694,0.3058316225491045,0.8748846540493439,-0.0382642205090351,1.5090708953934344,1.606986924007765,0.9390685533639458,-0.0979160286143305,0.7948946243933385,32.9796131730055,46.39059772348742,-13.41098455048192,-0.1290216642603904,0.6397464039596942,-0.0016924827252825,0.9863610325605484,-0.065961614199697,0.7876116835276664,0.1273017670478893,1.6386129001755183,-0.1134180541326403,0.7375147605623875,0.0849491213591516,1.3938465816433483,-0.0561279147794268,0.8045242288662896,-0.0851513368044243,0.7821177047456319,0.1273017670478893,-0.1290216642603904,1.6386129001755183,0.6397464039596942,0.2563234313082798,0.0001390762495295,0.0002000767504306,0.6950797553069515,-6.1000500901158623e-05,4.714084570547633e-05,6.16148533288034e-05,0.7649648341384815,-1.4474007623327063e-05,1.932137940681297e-05,3.222579999269356e-05,0.5993764513736989,-1.2904420585880588e-05,4.298897536126304e-06,5.2068089749875926e-06,0.8240473355911078,-9.079114388612888e-07,1.4181618306521995e-06,1.6130157724613385e-06,0.8737819155642134,-1.948539418091388e-07,1.1533919765089348e-06,7.552791050030018e-07,1.5071520559866989,3.98112871505933e-07,0.0563598923755952,Train227.csv,Normal,0.7109115808869798,1.6106824973410243,1.3997078169540706,0.9660129922499032,1.5051951571475477,1.3254677688483327,0.1195022107590224,0.0849885368871113,0.1022453738230668,0.6163651101137968,0.7362722547129085,0.6763186824133527,-0.1351447816370894,-0.1125891171928299,-0.1238669494149597,0.336959639797005,0.9943173872272276,12.740489496802011,0.01689641342778,0.6836062783463408,-1.2671032103222629e-05,0.9009822441856395,-5.805736888807226e-06,0.632612065921448,-4.898542828649131e-05,0.6807977603498528,-9.989734485770058e-06,0.7858824334737907,-4.363614779406069e-07,-0.24366181333967551,1.7038360511296702,0.9934961717517566,0.8045730400159696,0.188923131735787,0.7381306901523135,-0.024206407587094535
0,0.0,0.0,1,1,0.076278398074089,0.0594165882223323,1.2837893847214392,0.0168618098517566,1.4239636874714503,1.518015439799721,0.9380429478891804,-0.0940517523282706,0.9572071789497614,36.5269337944894,37.795471221245776,-1.2685374267563745,0.0058133594605067,1.079246926321233,-0.0010769920964145,0.9842348609605692,0.0453770478133143,2.1003752601883963,0.0406426240111984,1.7835918049260524,-0.0157780510727288,0.7758976948605254,0.0046539440980698,1.1092432091427735,0.0247091175150785,1.3837157666854492,0.0271648844474038,1.5057372939223612,0.0453770478133143,-0.0157780510727288,2.1003752601883963,0.7758976948605254,0.0611550988860431,5.00846986422089e-07,6.194356038352063e-07,0.7957080650830434,-1.185886174131173e-07,9.232239970668864e-08,1.442734850436843e-07,0.5984333580105908,-5.1951085336995615e-08,4.913100258136323e-07,6.663813644809956e-07,0.7263801926160796,-1.750713386673633e-07,3.20263258013428e-07,4.730075545910737e-07,0.6630605566502392,-1.527442965776456e-07,2.0765141305030177e-07,2.220382696319868e-07,0.8949015754152856,-1.4386856581684993e-08,2.777899097512084e-07,3.434283688977548e-07,0.7859864521276493,-6.563845914654646e-08,0.0,Train228.csv,Normal,0.966436787386642,1.2198096508706369,0.9545879143207124,0.9277876043795767,1.0871987825956746,1.0340617231903086,0.004164850215118,-0.0010290819224468,0.0015678841463355,0.6353052328866742,0.7857644008246716,0.7105348168556729,-0.0090062443277709,-0.0081265557076681,-0.0085664000177195,0.1584697842723266,0.5845044179839627,57.5936363141883,0.091238177891503,1.0,0.0,1.0,0.0,1.0,0.0,1.0,0.0,1.0,0.0,0.42154524629391493,1.9069599518522244,1.3328987565835277,1.387952349156733,-0.05505359257320519,1.0,0.0168618098517566
0,0.0,0.0,1,1,0.0762496728235401,0.0583186326739944,1.3074665206078524,0.0179310401495456,1.3380455122345118,1.3953481426684609,0.9589330875420852,-0.057302630433949,0.9066666378573068,20.119232538377148,21.64251364132088,-1.5232811029437343,0.0081376089322923,1.1183836255056767,0.000735048265817,1.011707523150978,0.0456795228325023,2.1340175956659566,0.0400396982731988,1.7751912249897432,-0.0117968651151481,0.8260206191756335,0.0066770344064081,1.147891784378337,0.0230107089491244,1.33608006105993,0.0270106357046183,1.499224948532254,0.0456795228325023,-0.0117968651151481,2.1340175956659566,0.8260206191756335,0.0574763879476505,7.399522286848441e-07,7.226644534493631e-07,1.0099469480212535,1.7287775235480923e-08,7.029474493398258e-08,8.857677799960351e-08,0.7130963941047588,-1.828203306562093e-08,7.558988268566991e-07,7.626371177335297e-07,0.9783361548485644,-6.738290876830571e-09,2.6164547999877104e-07,2.685387077953319e-07,0.9393505199680404,-6.893227796560832e-09,1.78050724704891e-07,1.722924119342708e-07,0.976731410899817,5.7583127706201574e-09,2.640982684069148e-07,3.066164166487247e-07,0.8341268946263232,-4.2518148241809846e-08,0.0,Train229.csv,Normal,0.9296162572663658,1.1342189815675183,1.1302463094214008,0.9699115237347274,1.1322326454944596,1.0781256049078822,0.0035784053821948,0.0023733178540419,0.0029758616181183,0.7550816701942086,0.8070637842669016,0.7810727272305551,-0.0065250334574662,-0.005704826631413,-0.0061149300444396,0.1341521682161948,0.3791373113733097,-54.282841800245706,-0.1986856010862681,1.0,0.0,1.0,0.0,1.0,0.0,1.0,0.0,1.0,0.0,0.4482760037386399,1.9062418205885021,1.3277322646568404,1.4213695814408702,-0.09363731678402987,1.0,0.0179310401495456
1007,14.939145732445462,53.78092463680367,0,0,0.4181388749399279,0.3947669224724358,1.0592044078289764,0.023371952467492,1.449122113028833,1.554404421355044,0.9322683876843868,-0.1052823083262111,1.1141422927535387,17.825667715565437,20.44038197341979,-2.6147142578543523,0.079923645725569,1.4890234227396315,-0.0130941547490431,0.9395593421969844,-0.0300029059198179,0.9205600011141256,-0.0326164299216256,0.9191677796997068,0.2917577038527549,1.6321175647302764,-0.2839517527007447,0.605968944792378,0.1359003108171666,1.4165392379520658,0.0907093541251589,1.5342447856292627,0.2917577038527549,-0.2839517527007447,1.6321175647302764,0.605968944792378,0.5757094565534997,0.0002016081030788,0.0002563893847372,0.7863049409630694,-5.478128165846806e-05,0.0001443193352817,0.0001344019911007,1.0737087822290698,9.917344181017908e-06,3.556646221213011e-05,3.1937408197575435e-05,1.1132816155906298,3.629054014554679e-06,6.563382649886544e-05,6.303359926721656e-05,1.0410862841233088,2.6002272316488843e-06,6.520819125019791e-06,6.528722295031611e-06,0.9972619773093248,-7.903170011820155e-09,1.2164393036976903e-06,1.264184033217225e-06,0.954681013092172,-4.774472951953478e-08,0.1529768507337585,Train230.csv,Normal,0.8720809488797578,1.644637923997578,1.541528071825203,1.5196065625536668,1.5930829979113903,1.568590852792149,0.2945370378414644,0.1335523977902143,0.2140447178158394,0.6041787254794699,0.8971436223476446,0.7506611739135572,-0.284868640984738,-0.0413281342172044,-0.1630983876009712,0.3658286613453778,1.0404591985181082,16.548516490946866,0.1301575763042564,1.0237337518008849,1.7127539895597655e-06,1.065562947251277,1.842302939201221e-06,1.2397370770915652,4.667270426630827e-06,0.8742166622227424,-3.226053695230108e-05,0.8370947872414364,-1.2893230937067524e-05,0.020201260723721724,0.36141321282994976,1.1855843227912355,1.1163809220169139,0.06920340077432163,1.0598388955218616,0.028975076037971528
735,10.903944501834571,39.25420020660447,0,0,0.5033151986961829,0.5868329116619111,0.8576805767317791,-0.0835177129657281,1.5499105711776209,1.7398702107174382,0.8908196443172138,-0.1899596395398175,0.864252422850171,17.96575892878397,17.28705570028282,0.6787032285011492,0.057354526376175,1.3164577702077649,-0.1112401047988215,0.7847376421537556,0.1263302272244448,1.19786773758563,-0.155998658996034,0.8151163709526775,-0.4433188521140632,0.5195211417570187,0.128178363950963,1.3610751701099677,-0.1151442763428746,0.7500424575237177,0.0237500385572241,1.062157956981153,0.128178363950963,-0.4433188521140632,1.3610751701099677,0.5195211417570187,0.5714972160650262,0.0004833333172232,0.0009187170483992,0.526090222406489,-0.000435383731176,9.122964616639166e-05,7.465539909524543e-05,1.2218463608560692,1.6574247071146238e-05,5.175732630383658e-05,6.347672197219523e-05,0.815246475105524,-1.1719395668358651e-05,4.0555893197524265e-05,5.333486032098326e-05,0.7602586819703708,-1.2778967123458991e-05,5.127454089787851e-06,6.771610754465517e-06,0.7560820394198464,-1.644156664677666e-06,4.1568270333959285e-06,8.70324165750857e-06,0.4770700959285129,-4.546414624112642e-06,0.1116563905554245,Train231.csv,Normal,1.0392607758010195,1.3628725820822951,1.3391747013827482,1.1915076098636288,1.351023641732522,1.2978516311095574,0.1281631991789221,0.1221583301780654,0.1251607646784937,0.5174570340450414,0.7325776299573066,0.625017332001174,-0.4440114865913409,-0.1606601840063584,-0.3023358352988496,0.2891473305285601,0.8454155480372539,22.0965881523488,0.5064735925880344,0.827260218212206,-1.1392038580313466e-05,0.9911552874794196,-2.2520826989039705e-07,1.305319277012802,2.5689334086773563e-05,0.4313171739329814,-0.0002893476675101,0.6248058657902682,-0.0001151535907118,-0.1355021966015472,0.8165970137887193,1.0577585282049462,1.0996877166490502,-0.04192918844410398,0.909263912808401,-0.10901728070618692
342,5.073672135547516,18.26521968797105,0,0,0.1144630736203175,0.099210860565736,1.153735200261906,0.0152522130545814,1.5534959792148362,1.7079324829727016,0.9095769215743038,-0.1544365037578654,0.9993931879863514,14.61238994822992,13.827718585847926,0.7846713623819941,0.0151949333840279,1.1601497173794506,-0.005965860654581,0.9386009286125556,0.0406180741048179,1.5790178644144073,0.039549046178003,1.350633129403808,-0.0021450245160185,0.9841633109140168,0.0025749863371914,1.0292835206464412,0.0129321724484188,1.1142507980917842,0.0225097038102248,1.366823237400002,0.0406180741048179,-0.005965860654581,1.5790178644144073,0.9386009286125556,0.0465839347593989,3.746873288243792e-06,5.196219542537516e-06,0.7196917566825394,-1.4493462542937249e-06,1.3249253032800918e-06,1.0715816953185662e-06,1.2249886522810025,2.533436079615256e-07,1.9204142979944924e-06,2.026707007745596e-06,0.9429016008150204,-1.0629270975110337e-07,4.116384180609073e-05,4.053549776538568e-05,1.015250621518647,6.283440407050449e-07,3.415758683849937e-07,4.251482717486487e-07,0.7849643226488454,-8.357240336365494e-08,3.207100571995531e-07,4.073887752109879e-07,0.7683725012428418,-8.667871801143489e-08,0.0064943003251881,Train232.csv,Normal,1.0567462627289514,1.1727386826273385,1.171593188487065,1.1657016733942034,1.1721659355572016,1.1700111815028689,0.0184090373697458,0.0119771413472691,0.0151930893585074,0.7695426266879555,0.8735209822009691,0.8215318044444623,-0.0099193316472757,-0.0093886399057216,-0.0096539857764986,0.1390366704161713,0.403196055939383,11.494269461330418,-0.0869969893493314,1.4351233354002348,3.251592418259693e-07,0.545130714804978,-1.084611757747178e-06,0.8695161933289615,-3.024836408293605e-07,0.892874978187336,-4.7025902011433385e-08,0.6277975229722697,-4.388391931422018e-08,0.11429390510830179,0.8577398983313756,1.170119185379409,1.2259228368021378,-0.055803651422728695,0.7691739621070918,0.01326204623506191
856,12.699015637510742,45.71645629503868,0,0,0.4352116128368206,0.4829474045222683,0.9011573511938812,-0.0477357916854477,1.3827604996944445,1.4859241918590649,0.930572702136791,-0.1031636921646204,1.0104201278696865,28.76439456056096,30.57891502455622,-1.814520463995258,-0.2391124459920447,0.8025499664034402,0.0447022216346202,1.2110312322238312,-0.0190138863273758,0.9462304740592858,0.1897597488328864,1.5926382273011692,-0.0133762622016551,0.9359605345417272,-0.0149744577424569,0.9228965336980324,0.0402735416010625,1.292906061820906,0.0125250242224284,1.0766741173639198,0.1897597488328864,-0.2391124459920447,1.5926382273011692,0.8025499664034402,0.4288721948249311,0.0004011806067277,0.0006195068610297,0.6475701178834555,-0.0002183262543019,9.089862652921716e-05,7.452089369410089e-05,1.219610043887234,1.6377732835116263e-05,3.773636496146228e-05,4.481229242533257e-05,0.8419106413248627,-7.075927463870287e-06,6.847579975935527e-05,8.554729819696048e-05,0.8003501887322099,-1.707149843760521e-05,4.1021541731005385e-06,3.963310865062443e-06,1.0324271904247468,1.3884330803809557e-07,1.4470344797228697e-06,1.3232233143707378e-06,1.085365417875136,1.2381116535213165e-07,0.1300379187965217,Train233.csv,Normal,0.9406610577273676,1.5803694352977944,1.2611294434879248,1.221797216846109,1.4207494393928597,1.3544320318772762,0.1846503181906559,0.0455148324435507,0.1150825753171033,0.8013628694733491,0.914721003862658,0.8580419366680034,-0.2402811347155157,-0.0270536405473531,-0.1336673876314344,0.2383410883373239,0.7790065658244453,11.580051352041892,0.2949534238619797,0.8075138139096969,-1.9935381236246244e-05,0.9743655246614912,-4.04143095801462e-07,1.2461073080975038,1.583915089409348e-05,0.3863601386459643,-0.0002015581168613,0.6958872476019472,-6.48524860828026e-05,-0.05710038293593915,0.5205894544475717,1.0974922376276195,0.9866038908955191,0.11088834673210035,0.8689443238016531,-0.05948391887705644
369,5.474225198880214,19.70721071596877,0,0,0.2473966569217559,0.2470614616406963,1.0013566877863782,0.0003351952810595,1.458150913474879,1.5619161954638376,0.9335653912636472,-0.1037652819889587,1.0845226509034072,26.45471370386694,31.0614339106538,-4.606720206786857,0.0793558157553386,1.688738041388465,0.0115944696800732,1.1045415298522625,-0.1178839578984348,0.6926875108770174,-0.0022422583051888,0.9929601368294398,0.0592666191682737,1.2181112842920936,-0.0015275476291803,0.9931060493313462,0.0503205234654125,1.220442552586065,-0.0229501279735538,0.8839420057790179,0.0793558157553386,-0.1178839578984348,1.688738041388465,0.6926875108770174,0.1972397736537735,0.0001296991866329,0.000145819104753,0.8893916399788886,-1.611991812008076e-05,3.54555653613031e-05,3.8283236397194455e-05,0.9258962860579928,-2.827671035891355e-06,2.756205758840973e-05,2.663491601018481e-05,1.034420884564783,9.27141578224916e-07,6.469123832791153e-06,6.528598101049808e-06,0.9893747455976076,-5.94742682586545e-08,9.970281393432794e-07,9.980005547081976e-07,0.989114673286966,-9.724153649181655e-10,4.822619141244358e-07,5.504470260869212e-07,0.860495089949216,-6.818511196248538e-08,0.0560560654625192,Train234.csv,Normal,0.8516900337391153,1.886556205360015,1.2366863431710018,1.2070440870980397,1.5616212742655082,1.4434288785430187,0.0846457504491929,0.0625491684817026,0.0735974594654478,0.6608648780417326,0.8138723871957106,0.7373686326187217,-0.1297478411647297,-0.0357698824531017,-0.0827588618089157,0.3454065351126757,1.225691327318282,7.843099855720851,0.0603613509112888,0.9969940122201078,-6.06641509596882e-08,0.8535525835725852,-4.993578795847426e-06,0.6694928461033789,-2.298509622884528e-05,1.15413758126279,8.164990547609321e-06,0.8712949498014353,-8.542063193691327e-07,0.002157682723164575,1.5925149385202464,1.032496869232143,1.1619890273725817,-0.12949215814043868,0.8923943369795847,0.00022441084271694665
238,3.5308010767845284,12.710883876424305,1,0,0.1157834822713665,0.1027670211014203,1.126659795757847,0.0130164611699462,1.4176547025193629,1.517113982997856,0.934441781608013,-0.099459280478493,1.117817267754068,22.29321551062043,28.55971926252447,-6.26650375190404,0.0176804645451736,1.258846187250238,0.0193004175772062,1.153784413902416,0.0104468365471347,1.095361023112251,0.0259052016184746,1.316426617462668,0.0088639981377116,1.074389032825263,-0.0018211967669296,0.9850284156976444,0.0234992301648728,1.3094438261736925,0.0076303977682392,1.0740931199673496,0.0259052016184746,-0.0018211967669296,1.316426617462668,0.9850284156976444,0.0277263983854043,1.3522741504935812e-05,1.4677143044694196e-05,0.9207196705162458,-1.1544015397583845e-06,1.9265586585975564e-06,1.5639875778562335e-06,1.223998642493433,3.625710807413229e-07,2.1276864978346023e-06,2.0351428924659604e-06,1.0403608010338652,9.254360536864193e-08,9.736218619870552e-06,7.384532417767224e-06,1.3166780628991277,2.3516862021033274e-06,4.295171999733133e-07,3.978075072094065e-07,1.053235147416644,3.1709692763906945e-08,3.238066222080037e-07,3.856704994132958e-07,0.8183744370332069,-6.186387720529202e-08,0.0,Train235.csv,Normal,0.7805824454327656,1.2842299072511236,1.1813556405307306,1.1739759495651532,1.2327927738909272,1.213187165782336,0.019774654387839,0.0178533581385122,0.0188140062631756,0.8633000008100591,0.8812129756692478,0.8722564882396535,-0.0146431255078589,-0.0112451258638027,-0.0129441256858308,0.1492888681621084,0.4209299064410645,30.548281378722265,0.166389158037763,1.067524958076795,1.4871001609131933e-07,0.8548352272199176,-1.5752830757325589e-06,1.5482122209830815,1.0661500407552443e-06,0.4629639113916226,-4.237383745330105e-07,0.0,0.0,0.20141018740696115,1.7915754949394496,1.1228551206128954,1.169330541421635,-0.046475420808739676,0.9553371198648738,0.020152244257262444
316,4.687954370856769,16.876635735084367,0,0,0.2904020656426166,0.2186398899591751,1.3282208128381012,0.0717621756834415,1.3611564071272657,1.4113195251239254,0.9644565764532872,-0.0501631179966597,1.2495945698426405,27.68173142154283,44.93860856550442,-17.256877143961596,-0.0100892488759969,0.9330419777219352,0.3617314103464195,2.7669755578686512,0.0176771613117236,1.1193524766488825,0.0934256802024202,1.4903951697326243,0.0235616960912704,1.1026414512103504,-0.0567438746900102,0.8116687226368987,-0.0149883437860416,0.9399606243874244,-0.0151353027481321,0.9347386065734672,0.3617314103464195,-0.0567438746900102,2.7669755578686512,0.8116687226368987,0.4184752850364297,0.0002023698579872,8.833348880595412e-05,2.2907161662104505,0.0001140363691812,5.0898313600383454e-05,3.216296007379803e-05,1.5820214703164823,1.8735353526585423e-05,1.580103268301079e-05,2.123036113041516e-05,0.7439154440921668,-5.429328447404367e-06,1.021737958661322e-05,9.789000195015598e-06,1.0426961305512004,4.283793915976227e-07,1.1281089978762151e-06,1.063944390844317e-06,1.0504352064163351,6.416460703189841e-08,5.282055013419877e-07,4.67540620769537e-07,1.1060954364275992,6.066488057245063e-08,0.0,Train236.csv,Normal,0.6159899538285183,2.8636732220305743,1.447311662023643,1.1252119586384972,2.155492442027109,1.8120656142309048,0.3665569523048395,0.0835965429403831,0.2250767476226113,0.8058264135119522,0.8771905682202429,0.8415084908660975,-0.0580841465869481,-0.0247881725469671,-0.0414361595669576,0.643393693554103,2.0578468085186223,-59.488398748953145,-0.9138880399809376,1.1715110375271198,3.550654201626087e-06,1.9537788292614875,4.751482763835284e-05,4.51439352879001,7.608235198826069e-05,1.2078957165344173,4.833889076526968e-06,1.0603044203823693,2.489137029271498e-07,0.6298887509601788,2.5489889717222036,0.8954559845325968,1.6064566707464898,-0.711000686213893,2.558689358195305,0.3239627015172201
996,14.775957447383991,53.19344681058237,0,0,0.4405584274045038,0.544503638119542,0.8091009654866118,-0.1039452107150382,1.4214905435874334,1.5076495189674135,0.9428521126929345,-0.0861589753799803,0.7970088361051592,22.10569757522649,17.870840408347156,4.234857166879333,-0.354580400962072,0.4164619311749825,-0.3299307657928187,0.5592572678546673,0.1924238488338904,1.4216585066356242,0.0325753793805863,1.0547290486758678,0.0512196158057822,1.106114208658847,-0.382822352644231,0.501459624511929,0.0233444523122897,1.1353891886748977,-0.0019158590786585,0.988422128683399,0.1924238488338904,-0.382822352644231,1.4216585066356242,0.4164619311749825,0.5752462014781214,0.0003553512691466,0.000772656992142,0.4599022253577833,-0.0004173057229953,9.824303489348734e-05,0.000162078394659,0.6061077666919017,-6.383535976558739e-05,7.882323574261514e-05,7.696933728550146e-05,1.0239531609667545,1.8538984571136769e-06,7.509919052310147e-05,7.801398159778716e-05,0.9625142037769496,-2.91479107468569e-06,5.2841170978850525e-06,6.164320775096667e-06,0.8558216021425163,-8.802036772116144e-07,1.2519233859476849e-06,1.5880969755627507e-06,0.7833838653670157,-3.361735896150661e-07,0.1513058027118406,Train237.csv,Normal,1.236970229588733,1.4129797145176313,1.1110911046484064,1.0916536357133653,1.2620354095830189,1.205241484959801,0.1881093603932837,0.05312419220275,0.1206167762980168,0.4009894056612902,0.4990899464747625,0.4500396760680263,-0.3842063604196255,-0.3618959942176959,-0.3730511773186607,0.3336780392675867,1.0119903088563411,56.847424798708886,0.6674723284569097,0.9627686320948102,-4.440887362656409e-06,1.0176099242092729,7.299114464372645e-07,0.7225677896380664,-1.4795880889154388e-05,0.4239985026944262,-0.000170536936685,0.3937099007324872,-0.0002231078421612,-0.09183922868904963,0.3892487771871599,0.875090313956742,0.7991259018884248,0.07596441206831717,0.7213920721805884,-0.07510746114982822
603,8.945685081096936,32.204466291948975,0,0,0.1793915991836848,0.1643482866831618,1.0915330599958954,0.015043312500523,1.281415760516132,1.374468451067942,0.9322991373119546,-0.0930526905518098,1.1983109066584294,28.218161683558243,31.75964785698425,-3.541486173426012,0.0135270486450799,1.081114406238871,0.0316837805733626,1.211846349890128,0.0029246521386976,1.0140720032454322,0.040077980957945,1.2072124563102054,0.0075959081855438,1.0443028541835946,0.0123385046830424,1.0808032410243698,0.0021086360443276,1.0135862829052182,0.0032853259740394,1.0356367217937894,0.040077980957945,0.0021086360443276,1.211846349890128,1.0135862829052182,0.0379693449136173,4.529239499603602e-05,3.688021385320016e-05,1.227761790058232,8.412181142835859e-06,1.6437113630354575e-05,9.694686364608013e-06,1.6937295047781278,6.742427265746564e-06,9.141652274339416e-06,9.440234156352288e-06,0.967346641690836,-2.985818820128708e-07,4.5549596935808354e-05,3.985214020087815e-05,1.1426781579280307,5.697456734930201e-06,8.211546797410489e-07,7.20019543219871e-07,1.1248393106288792,1.0113513652117797e-07,3.0158420577130093e-07,3.322943709218094e-07,0.8810667991972094,-3.071016515050844e-08,0.0111711969653706,Train238.csv,Normal,0.8884910122977909,1.2349996846660225,1.1448017557494152,1.078646149023077,1.1899007202077188,1.1528158631461716,0.0325821942530871,0.0274633863431263,0.0300227902981067,0.6931804324832758,0.9234944812166176,0.8083374568499466,-0.0246379156929654,-0.0114183080839381,-0.0180281118884517,0.1554182594232869,0.5418192521827465,-24.624367421606905,-0.2153265673236255,0.9704271970905594,-3.467219427027203e-07,2.852167938581216,6.7865046105973545e-06,0.82589702282223,-2.504787733820776e-06,1.663493144267318,1.2831405287934838e-05,0.7060442918844256,-8.991048515596862e-07,0.03626195992572019,0.4324241074154033,1.0433420819077925,1.1023442531248104,-0.059002171217017896,1.7805193685569212,0.012424227007566381
0,0.0,0.0,1,1,0.0772376510404569,0.0601067853656847,1.285006970851622,0.0171308656747721,1.454793257478542,1.5961961366893167,0.9114125857877432,-0.1414028792107746,0.9483666755944538,17.981300637753172,18.575996224491305,-0.5946955867381334,0.0094847648632267,1.136290355644566,0.0035120701447003,1.0553913454248705,0.0437367965987121,1.9971047805940545,0.0501773472999104,2.319795176552512,-0.0145538347073703,0.8093790808235627,0.0018124039534951,1.0368601246073863,0.0196595695983074,1.2795317166673277,0.0248564086880335,1.421558105235474,0.0501773472999104,-0.0145538347073703,2.319795176552512,0.8093790808235627,0.0647311820072808,5.582135355707203e-07,1.068413591524459e-06,0.517624722052717,-5.102000559537387e-07,9.896688508427494e-08,1.4299698792722616e-07,0.6468551206468788,-4.4030102842951225e-08,6.586151543152901e-07,9.40468269337114e-07,0.6929375504293569,-2.81853115021824e-07,3.906686256318021e-07,4.768370804269249e-07,0.8024627567177318,-8.616845479512265e-08,2.2003094845270045e-07,2.3172170125248121e-07,0.9102655959833555,-1.1690752799780762e-08,3.021656239113524e-07,3.780335016544841e-07,0.7787101438999181,-7.586787774313168e-08,0.0,Train239.csv,Normal,0.9679858033329096,2.1153651266040745,1.0386799229191082,0.9962239398554444,1.5770225247615914,1.3834229964595426,0.0112734238276545,0.0010981477544905,0.0061857857910725,0.7323784761780489,0.8467032269598441,0.7895408515689465,-0.0091862885970981,-0.005918109752512,-0.0075521991748051,0.4159489326556773,1.3829866504260258,143.67061013191244,0.4596788914552956,1.0,0.0,1.0,0.0,1.0,0.0,1.0,0.0,1.0,0.0,0.42827164186930244,1.9309412760114222,1.245983315503396,1.396262160554497,-0.150278845051101,1.0,0.0171308656747721
879,13.040227506275636,46.94481902259229,0,0,0.3191405385331278,0.6270601632052489,0.5089472305374224,-0.3079196246721211,1.4507588614496256,1.662583596706461,0.872593026658999,-0.2118247352568354,0.9087351796729258,20.88729309100435,16.054908572361107,4.8323845186432415,-1.1023601770631255,0.3378725171821452,0.0199199984479192,1.125963734339912,0.0116385473450258,1.030195413096838,0.148256169186555,1.5710125869074238,-0.0310323200830938,0.844780065370075,-0.0151117873388215,0.915102237025438,0.0731927542323657,1.5055737596387986,-0.0004118092427652,0.9979467010883588,0.148256169186555,-1.1023601770631255,1.5710125869074238,0.3378725171821452,1.2506163462496804,0.0001847179549243,0.0011170853441538,0.1653555857080664,-0.0009323673892295,2.929537495430017e-05,4.912751142537163e-05,0.5961916691445186,-1.9832136471071463e-05,4.738663666107925e-05,7.053194981379915e-05,0.6717511606378884,-2.3145313152719897e-05,6.4386861412093e-05,6.0185343570765046e-05,1.0696319281972442,4.2015178413279535e-06,3.6855836110050143e-06,4.62087716566798e-06,0.7958715982209362,-9.352935546629654e-07,8.235605847382894e-07,1.478168774460642e-06,0.5534053656224396,-6.546081897223527e-07,0.1335319282968955,Train240.csv,Side II,1.3009910946458076,1.5524572866201358,1.5220837475156228,1.1340960673907616,1.537270517067879,1.4028790338421733,0.1420073234674619,0.0689688838557769,0.1054881036616194,0.3352966541222466,0.8502410727396003,0.5927688634309234,-1.1060333170395742,-0.0281915458910761,-0.5671124314653252,0.3645806012040756,1.2171606324978892,145.61357839205277,2.019159380907311,0.7875782224095319,-2.2394825415694524e-05,0.6484876080655229,-8.114255690095303e-06,0.6984976335611789,-6.3790085270098285e-06,0.2256031627555555,-0.000324406021022,0.1182117262539985,-0.0005971709876471,-0.34930277760528805,0.36203173693385593,1.139540899250865,0.8313438882062986,0.30819701104456654,0.5241961347940858,-0.21508112916052297
954,14.152874904422015,50.95034965591926,0,0,0.6133079682440468,0.5910625772867921,1.0376362528025491,0.0222453909572546,1.5627027767447963,1.5206113829340622,1.0276805658607606,0.0420913938107343,1.0045855963352237,17.06275176247992,19.54027452248808,-2.4775227600081564,0.1457015286500278,1.2350057346801615,-0.0008324418440077,0.9989349393478304,0.0638297732891693,1.1685800853299002,-0.0528432988195366,0.9253927896369256,-0.0682560778162845,0.8452818521307167,0.1370166521422073,1.3594012469916106,0.0836790314355243,1.127588255257415,-0.1369366702814515,0.7791374517469378,0.1457015286500278,-0.1369366702814515,1.3594012469916106,0.7791374517469378,0.2826381989314794,0.0008936089573954,0.0007528806800234,1.1869039969621271,0.0001407282773719,0.0002068736204022,0.0001502640377133,1.3766424563423427,5.660958268884496e-05,0.0001443338749568,0.0001415922158355,1.0192910760980896,2.741659121341416e-06,0.0001221079495447,0.0001241411312195,0.9835427864834958,-2.033181674795704e-06,9.710364510183422e-06,1.0169995533285866e-05,0.953867266290356,-4.596310231024438e-07,1.23992414830794e-05,3.748909338384713e-06,3.298627438672844,8.650332144694688e-06,0.144925437537245,Train241.csv,Normal,0.8732094185325301,1.3611890689117585,1.2358849091477104,1.1514597393371906,1.2985369890297345,1.2495112391322198,0.1454723156762191,0.1370746894722202,0.1412735025742196,0.7709791025790317,0.8464503855481603,0.808714744063596,-0.1416007367647729,-0.0669893560617458,-0.1042950464132594,0.18922694020705,0.5902099663327266,3.6795782951994624,0.0142035007554719,0.9821801917290928,-3.5495280480076527e-06,1.0295348007768357,2.415383144537903e-06,1.5070787314563552,2.832056444255789e-05,2.1049406582221755,0.0002683748110272,0.8519789973452909,-6.81959154676688e-05,0.021423267661560892,0.5906419351274845,1.0887089846653213,1.1341735864526308,-0.04546460178730949,1.5471847301517887,0.033525555584609935
956,14.18254550170592,51.05716380614132,0,0,0.4724777397875497,0.3318386458903269,1.4238176637977469,0.1406390938972228,1.5334205553752802,1.6214391364854157,0.9457157604089418,-0.0880185811101352,1.1078595283036463,26.567991981388303,27.94767789337254,-1.379685911984236,0.036632848597383,1.1706956809481277,-0.0100913654185274,0.9516573910262108,-0.0550737733008788,0.852947617367463,0.0757919398401257,1.223714920211674,-0.0069479130123701,0.972881839707662,-0.0133877580366982,0.9467922365511628,0.3344673958101948,1.6139769469716356,0.3868542094214183,2.163500633612185,0.3868542094214183,-0.0550737733008788,2.163500633612185,0.852947617367463,0.4419279827222971,0.0004092707926184,0.000221000116872,1.851819266967834,0.0001882706757463,0.0001585970995056,6.335823175737361e-05,2.502785624709732,9.523886774825578e-05,7.173306234149184e-05,4.715857710807464e-05,1.5207807133366356,2.4574485233417207e-05,6.301858468770362e-05,4.772058212952132e-05,1.3202978441934126,1.5298002558182305e-05,4.55783546420166e-06,4.024084976077591e-06,1.129831297860592,5.33750488124069e-07,1.4855225589317486e-06,1.0443895975342823e-06,1.408893413218114,4.411329613974661e-07,0.1452292644503209,Train242.csv,Normal,0.9506332537982428,2.1712240059174284,1.6167175066891784,1.204132939184947,1.893970756303304,1.6640248172638514,0.3857072744646085,0.3337605695596545,0.3597339220121315,0.8265715895422763,0.9429097068849982,0.8847406482136373,-0.0647726096429268,-0.0142075304937369,-0.0394900700683319,0.4224246371972234,1.344652416375152,-31.30230124410488,-0.3775003290828715,1.3547735387489126,2.6101296895552105e-05,1.4700837491052012,1.0964986036558776e-05,2.0831452135648822,1.2780894211214149e-05,2.83771358387388,0.0002487802373067,1.206681174168589,2.2777828213232414e-05,0.13487538446632671,0.45311452910949984,1.574756605711661,0.9917668964472671,0.582989709264394,2.130314182181321,0.2929716552921017
770,11.423179954302888,41.1234478354904,0,0,0.4139795214576729,0.4799186709447781,0.8626034740775335,-0.0659391494871051,1.5999968943447005,1.5875945472111952,1.0078120305194869,0.012402347133505,0.8087935179517632,33.69179190331136,36.16074784651214,-2.4689559432007755,-0.0161289637619086,0.954113405923975,-0.0605298831585477,0.90942883229385,-0.241523810760519,0.6388931294113644,0.0616653521181151,1.143419298547834,-0.0514952051206116,0.8676869291043999,-0.038082256234505,0.8904712475946879,-0.00824004095514,0.9728022786621384,-0.1153734671818482,0.7803951174178453,0.0616653521181151,-0.241523810760519,1.143419298547834,0.6388931294113644,0.3031891628786342,0.0003719142899163,0.0005019998657506,0.7408505595008943,-0.0001300855758343,3.606312855344488e-05,4.560107620901905e-05,0.7906660300708673,-9.537947655574173e-06,3.46184117497782e-05,3.801794560991264e-05,0.9103413606638356,-3.3995338601344366e-06,4.540909577985351e-05,4.798229388061262e-05,0.9461747315686728,-2.573198100759108e-06,3.242659650479241e-06,3.910909072365696e-06,0.8270173040566763,-6.682494218864545e-07,6.832166643769502e-06,4.28788569352912e-06,1.5896575970031,2.544280950240382e-06,0.1169733615342543,Train243.csv,Normal,0.9317227629528644,1.1314735175419512,0.9505338138527386,0.9452581576853878,1.041003665697345,1.009088496360026,0.0562966687079946,-0.0146813998676462,0.0208076344201742,0.6276878318476413,0.7690823274280962,0.6983850796378688,-0.2488180701983036,-0.1208700557718878,-0.1848440629850957,0.1365248514438651,0.5037856856943099,31.52593426118503,0.1451224966212727,0.857786059284587,-6.134709636782814e-06,1.111412639527089,1.7792290394201923e-06,0.5431894408239805,-2.1847608690406515e-05,0.771642053312103,-7.818756349304429e-05,0.7572957818556593,-2.8491371928684027e-05,-0.0974774840573449,0.6119836624651801,0.8812228812248906,0.8341451225430632,0.0470777586818274,0.8087480445543909,-0.03581744973830948
0,0.0,0.0,1,1,0.0764857665481849,0.0591216151778758,1.2937020306540383,0.017364151370309,1.44169838023599,1.4847180432844989,0.9710250219202624,-0.0430196630485089,0.9363128217375656,26.138520870814467,31.927876202451884,-5.789355331637417,0.0062977845351906,1.088349792320905,-0.0010963571915583,0.9836571603728732,0.0465704057347143,2.1597652152024045,0.0401382726089334,1.7617113608534718,-0.0123849859652883,0.8178191046921284,0.0067963244427739,1.1566017613730026,0.0219551665933933,1.3220129286669506,0.0276729232347821,1.5194093851334896,0.0465704057347143,-0.0123849859652883,2.1597652152024045,0.8178191046921284,0.0589553917000026,7.443055367810511e-07,8.987103682110765e-07,0.8190789527870367,-1.544048314300254e-07,7.013096025195456e-08,1.1757421409146685e-07,0.54972676689721,-4.7443253839512295e-08,8.285899685209381e-07,1.1869275543989697e-06,0.6922640935749951,-3.583375858780314e-07,2.342067411271093e-07,2.656864475309631e-07,0.8495402774588869,-3.1479706403853835e-08,1.6950363421363249e-07,2.2164529667488757e-07,0.7317378623556928,-5.2141662461255043e-08,2.865238392008172e-07,3.343160023538162e-07,0.8321537112480406,-4.7792163152998983e-08,0.0,Train244.csv,Normal,0.8186739605505117,1.1535126971376084,0.9962947230735896,0.9814531470418352,1.074903710105599,1.0437535224176775,0.0037025046950455,-0.000105788861908,0.0017983579165687,0.7489461922602522,0.8020586251004149,0.7755024086803335,-0.0078410383504589,-0.0069003616107616,-0.0073706999806102,0.1157822189645576,0.4045665048773562,41.99598790036305,0.1156317234197112,1.0,0.0,1.0,0.0,1.0,0.0,1.0,0.0,1.0,0.0,0.4341037842577249,1.9121441637046221,1.332674691724481,1.4105907226320609,-0.07791603090757993,1.0,0.017364151370309
0,0.0,0.0,1,1,0.0767128028623405,0.0594356413847986,1.2906866682706335,0.0172771614775419,1.3127848251917091,1.458250736962218,0.900246290239495,-0.1454659117705088,0.9319727614159788,29.264674778989537,31.953552659230954,-2.6888778802414173,0.0104794810023419,1.1556338117368947,0.0016050705762024,1.0264393250294557,0.0465521360836635,2.1359726669211083,0.0423889680147401,1.9479038933883743,-0.011780556308278,0.8404550152681172,0.0026058581822682,1.0509588463306152,0.0182684838273348,1.248174197372727,0.0282804427307839,1.5272779427236884,0.0465521360836635,-0.011780556308278,2.1359726669211083,0.8404550152681172,0.0583326923919416,8.517085287586824e-07,1.2100482332790154e-06,0.69809414540081,-3.583397045203331e-07,9.246523358035604e-08,9.596714566698672e-08,0.8725839787261809,-3.501912086630677e-09,6.841008608241854e-07,9.263512113021538e-07,0.7306028470586674,-2.422503504779684e-07,2.093771979032485e-07,2.832628612027765e-07,0.7139574272873054,-7.388566329952808e-08,1.8572423611718538e-07,1.9702995841480026e-07,0.8970886993324548,-1.130572229761488e-08,2.696131106029216e-07,3.160199408372864e-07,0.826983496501777,-4.64068302343648e-08,0.0,Train245.csv,Normal,0.9158504245810948,1.223916549069372,1.0197402553135708,0.9822699337234132,1.1218284021914715,1.0753089127021187,0.0042525806606807,0.0005947649504642,0.0024236728055725,0.506806822688994,0.7932435317351048,0.6500251772120493,-0.0124852006154931,-0.0079749158734955,-0.0102300582444943,0.1945155524508664,0.717109726380378,64.51106345299263,0.285461768515213,1.0,0.0,1.0,0.0,1.0,0.0,1.0,0.0,1.0,0.0,0.43192903693854745,1.917820071558512,1.2754703288090103,1.4393486012291528,-0.1638782724201424,1.0,0.0172771614775419
955,14.167710203063969,51.003756731030286,0,0,0.5435199623995851,0.5908293845528443,0.9199270845536311,-0.0473094221532591,1.4430680001830822,1.5953026935054615,0.904573155309106,-0.1522346933223792,0.9002920781398193,17.768372374144604,19.528468665351184,-1.7600962912065796,-0.09072689622508,0.8608922118050688,-0.2631790813627841,0.530430654643798,0.057805682487953,1.073441414703859,-0.117381163209434,0.7831766741183274,0.2125372540383275,1.5313299401810303,-0.0929287725918928,0.8005155830758123,-0.0685330041520383,0.8562889469696433,-0.1116918160088302,0.8474545965631239,0.2125372540383275,-0.2631790813627841,1.5313299401810303,0.530430654643798,0.4757163354011116,0.0006369447406741,0.0007941273146208,0.802058698095853,-0.0001571825739467,0.0001163670964885,0.0002443958072784,0.4761224693648697,-0.0001280287107899,0.0001047564437241,0.0001284134513913,0.8157111694879369,-2.365700766724017e-05,8.739020305350538e-05,0.000112518408226,0.7766056983400472,-2.512820517257025e-05,7.571521828426458e-06,8.18640482247899e-06,0.9237613310242117,-6.148829940525319e-07,4.014719909098007e-06,5.478866797211393e-06,0.7314296479443948,-1.4641468881133863e-06,0.1450773509937829,Train246.csv,Normal,0.909870234555146,1.546230641565229,1.0689055051991465,0.8575673255331352,1.3075680733821875,1.1575678240991705,0.2155404246873596,0.0541994949615854,0.1348699598244725,0.5224012998482465,0.7685349287742359,0.6454681143112412,-0.2663531832221762,-0.124991477198091,-0.1956723302101336,0.2793337236820869,1.0238293417169824,2.7262825346385284,0.0251648451881205,0.828231197831197,-2.905117941287121e-05,0.7436321764367322,-2.139085139228028e-05,0.4534260854122131,-4.5570418520256136e-05,0.5456896748807154,-0.0002011375024176,0.8305840395834476,-6.9733180665125e-05,-0.04546564126050969,0.5223374647936363,0.83475304220286,0.8215880937175752,0.013164948485284711,0.5809159789098869,-0.021451326090066104
514,7.625343501963226,27.451236607067614,0,0,0.1609801797731165,0.1559072206551658,1.0325382542979744,0.0050729591179507,1.2498241790784237,1.4422663736576489,0.866569583289334,-0.1924421945792254,0.9041501898215564,28.17338398052115,30.89932576041302,-2.725941779891869,-0.0068608015257693,0.9633171459718566,0.0197730197414323,1.137049811273831,0.0117046511148533,1.0684756539527267,0.0070503759406775,1.037238253843574,-0.0146208528406023,0.9010090158351972,0.0224576545739364,1.156118832417015,-0.0040821458265761,0.9727482743299748,0.0040590021757427,1.0436410901056443,0.0224576545739364,-0.0146208528406023,1.156118832417015,0.9010090158351972,0.0370785074145387,2.1286536749557323e-05,2.890818787798085e-05,0.7360951121617654,-7.621651128423532e-06,1.2064593494580546e-05,1.161150690884205e-05,1.0381264313839869,4.530865857384966e-07,7.928892839668952e-06,8.808843671922925e-06,0.8990853148823398,-8.799508322539722e-07,5.568079462203033e-05,4.489548158443276e-05,1.2399554053849189,1.0785313037597572e-05,5.849252562219654e-07,5.658395055407071e-07,1.0157782691076864,1.9085750681258365e-08,3.056974315393065e-07,3.2734011578229534e-07,0.906199462315328,-2.164268424298884e-08,0.0097604396700195,Train247.csv,Normal,0.9117798941586602,1.1586025448271944,1.1527459210990194,0.9684617152587336,1.155674232963107,1.0932700603949823,0.022061219722316,0.0202307998033171,0.0211460097628165,0.7212646128812716,0.8585371145786045,0.7899008637299381,-0.022520809183806,-0.0193180872096194,-0.0209194481967127,0.135118831207204,0.4373379319459227,65.91652086945277,-0.0630965743065763,0.9698661785860816,-3.187330158599731e-07,1.117655228231852,6.628518903307018e-07,0.8321453248508773,-2.6643264280681207e-06,0.6182443478972466,-5.063834659939148e-06,0.694409248172805,-1.594978540376351e-07,0.016829745358914967,0.534058203589141,1.0575027322842114,1.0562808703994715,0.0012218618847399387,0.8560149669933251,0.004221439213162305
1016,15.07266342022303,54.26158831280291,0,0,0.5360083822130216,0.7530063625361707,0.7118244967937165,-0.2169979803231491,1.6862254655396722,1.804334056936308,0.9345417217571138,-0.1181085913966353,0.889986123942671,20.48737354809476,15.004896560194211,5.482476987900547,-1.205630291148676,0.3522641128154575,0.046927236124824,1.1573813581881571,0.3880498773499793,1.528733374799304,0.0853114710932369,1.2106425462797232,-0.0263176737116146,0.913245258017856,0.0092732076219262,1.0366820999608937,-0.0502928274399989,0.8404741229143565,0.028411392753934,1.1803857386151806,0.3880498773499793,-1.205630291148676,1.528733374799304,0.3522641128154575,1.5936801684986557,0.000643557601032,0.0017253417313219,0.3730008144710175,-0.0010817841302898,9.786356200407728e-05,7.9224406445303e-05,1.235114471030137,1.863915555877429e-05,0.0001066610976263,9.73852944352469e-05,1.0951360457899573,9.27580319111802e-06,0.0001750478220901,0.0001824572699852,0.959338198594826,-7.409447895084299e-06,6.979938012110271e-06,9.11837217178998e-06,0.7646421378042453,-2.138434159679709e-06,2.785750668215377e-06,3.608190337589166e-06,0.7699292763220271,-8.224396693737886e-07,0.0270779075694396,Train248.csv,Side II,1.3653791915361122,1.526049929631245,1.1977157919262733,1.1605507489603557,1.3618828607787592,1.2947721568392911,0.3858750511697371,0.0797453052364548,0.2328101782030959,0.350254882027072,0.8117424567025902,0.580998669364831,-1.208866669214742,-0.0582951985460584,-0.6335809338804003,0.3203619544084048,1.175795047604173,74.71999368636304,1.3412712128828712,0.9904925369003722,-2.049664614659321e-06,1.3498567562208632,1.5299867679617883e-05,1.3632271307346977,1.31831443699318e-05,0.558595607775337,-0.0001050765786707,0.3082926554677654,-0.0009306449944919,-0.1842513575393943,0.455120697105899,1.0191806538301436,1.0127929486009728,0.006387705229170759,1.090559831576966,-0.2958175340911509
0,0.0,0.0,1,1,0.0762783736550465,0.0594453948042048,1.2831668638860212,0.0168329788508417,1.4299437937741917,1.5360720951972622,0.9309092906094784,-0.1061283014230707,0.8387096529629918,23.72935374808697,24.50522096778524,-0.7758672196982666,0.0052825437430667,1.072005572711929,-0.0005535873960132,0.9918954864223968,0.0470025633886819,2.1683672615350966,0.0395084255199885,1.7454457128955805,-0.015404124797958,0.7804534778555513,0.0058933126976138,1.144696032210926,0.0233115696434433,1.3553809921736315,0.0268478699812346,1.4976849765254745,0.0470025633886819,-0.015404124797958,2.1683672615350966,0.7804534778555513,0.06240668818664,8.723796639729843e-07,1.1429980411880143e-06,0.7566185134834321,-2.7061837721503e-07,6.876820326806212e-08,1.1020976966926449e-07,0.5720683390149189,-4.1441566401202365e-08,5.914590896495831e-07,7.127020649245694e-07,0.8183996121711863,-1.2124297527498632e-07,3.274965358611926e-07,3.504803594450303e-07,0.9085003587029896,-2.298382358383764e-08,1.917451421672153e-07,2.484153001933862e-07,0.7420038288124658,-5.66701580261709e-08,2.946659452904112e-07,3.765761816685972e-07,0.7622454751830041,-8.1910236378186e-08,0.0,Train249.csv,Normal,0.9683386968678384,1.0920367887154954,1.0435988433684087,1.0282308695081772,1.067817816041952,1.0546221671973603,0.0017508485235644,0.000909670419051,0.0013302594713077,0.6358396677943722,0.772099477444254,0.7039695726193131,-0.0091425033695475,-0.0081995604562674,-0.0086710319129074,0.144256458365696,0.4561971209211232,20.796087382934616,0.0278931350636266,1.0,0.0,1.0,0.0,1.0,0.0,1.0,0.0,1.0,0.0,0.42082447127104244,1.906959341376162,1.3325873336366774,1.4107561068898076,-0.07816877325313021,1.0,0.0168329788508417
129,1.9137535248117823,6.889512689322417,1,0,0.2186518751329355,0.2122687171567602,1.0300710710507128,0.0063831579761753,1.4617703210422872,1.575529631660396,0.9277961406691012,-0.1137593106181087,0.9323807031278896,14.622379861928128,15.796131918512948,-1.1737520565848207,0.0353456345760241,1.3102173859380457,0.0948426956417133,1.436641133872705,-0.0540325708248405,0.8243499626787062,0.049503630132855,1.2642870714400394,-0.0586704810184213,0.7570037673614616,0.0530052494383144,1.2617408264529528,-0.0552131740248847,0.7609442575253388,-0.0206295732662347,0.8459759332591086,0.0948426956417133,-0.0586704810184213,1.436641133872705,0.7570037673614616,0.1535131766601347,8.106581219508489e-05,0.000102950673591,0.7873473372669375,-2.188486139591606e-05,3.939165044985208e-05,3.114180591969142e-05,1.2645061590137912,8.249844530160663e-06,1.2671594451909497e-05,1.0408549152306844e-05,1.2162532677694176,2.26304529960265e-06,9.642290470280311e-07,1.2902554096487685e-06,0.7415689562779774,-3.2602636262073735e-07,3.0967670247958445e-07,3.772958151505938e-07,0.7995870091164594,-6.761911267100936e-08,3.730046489650605e-07,3.909863781897342e-07,0.9302177561467349,-1.7981729224673668e-08,0.0,Train250.csv,Normal,0.925693703249836,1.4598704600627148,1.3780165243202205,1.26553442996923,1.4189434921914676,1.3678071381173884,0.0964801101000537,0.0528858328025849,0.0746829714513193,0.6511961725765688,0.6880687625811154,0.6696324675788421,-0.0694576486572533,-0.0668094728205228,-0.068133560738888,0.3138441900466653,0.808674287486146,14.076054211127328,0.309835328512654,1.0,0.0,1.0,0.0,1.0,0.0,1.0,0.0,1.0,0.0,0.15957894940438247,5.466296878323386,0.9562203390791334,1.1904028274964855,-0.23418248841735212,1.0,0.0063831579761753
939,13.93034542479274,50.149243529253866,0,0,0.7598763715520754,0.8480241925677785,0.8960550527345853,-0.088147821015703,1.487775348205936,1.6387119715983038,0.9078931288186756,-0.1509366233923679,0.8626517877168567,33.39837985453707,33.25608896501792,0.1422908895191525,0.1684288246246496,1.4793057430087893,0.186294630300694,1.4013689422917903,0.6384295446869038,1.8371289945633973,-0.522546807375671,0.6001885510311898,-0.041098486027127,0.9287442819580436,-0.6311146869698593,0.6097390923117842,0.0633234148880499,1.4506530338603385,-0.1794765187654058,0.546743927148782,0.6384295446869038,-0.6311146869698593,1.8371289945633973,0.546743927148782,1.2695442316567631,0.0010944907970041,0.0010025947584253,1.0916473194512433,9.18960385787467e-05,0.0003050114577521,0.0002928617913234,1.0414504461964753,1.2149666428717153e-05,0.000140952662327,0.0001652540823141,0.8528935044646303,-2.430141998709806e-05,0.0002223348427026,0.0002494739542389,0.8911789272417632,-2.713911153624484e-05,1.5102222460809604e-05,1.6055877907288764e-05,0.9400185005736929,-9.5365544647916e-07,4.673290759741618e-06,4.798652647321575e-06,0.9718503502939948,-1.253618875799567e-07,0.1426467356891751,Train251.csv,Normal,1.0042786414128868,1.8351759565906964,1.4854523870174623,1.4515152008811258,1.6603141718040797,1.5907145148297617,0.6366194801450585,0.1870865032916208,0.4118529917183396,0.5177962404878108,0.5968516542589491,0.55732394737338,-0.6313896644649407,-0.5266949459689663,-0.5790423052169535,0.4700981418751961,1.3173797161028855,-16.875153900160086,-0.1647830113616413,0.866654334100712,-4.650368634024547e-05,0.9389090388686698,-4.080237455036321e-06,0.9993379882270936,-1.01844708149312e-07,1.1176303464426671,3.4562162702107564e-05,1.063469361739512,3.18991808068485e-05,-0.08762394804417716,0.7553603360089354,0.8690453511069682,1.5726012266213256,-0.7035558755143574,1.018625791179477,-0.08808946612043456
0,0.0,0.0,1,1,0.0760130142692761,0.058412960409176,1.3013036956828907,0.0176000538601,1.287720714499644,1.3783100843016276,0.9342750371077534,-0.0905893698019835,0.9110275389949368,21.70821080181966,20.60175569901785,1.1064551028018066,0.007089837934613,1.1025690228758678,-4.782930789828943e-07,0.9999921634876866,0.0476965118105413,2.233395967042684,0.0386845138810478,1.748054740830013,-0.0110858000683102,0.8371687814479556,0.0064832446109996,1.14224727926709,0.0217866269748939,1.31305474719472,0.0272442897409769,1.504977264789651,0.0476965118105413,-0.0110858000683102,2.233395967042684,0.8371687814479556,0.0587823118788515,6.998367522976231e-07,9.695232833191678e-07,0.7144666841672087,-2.696865310215447e-07,9.95186347121383e-08,8.609243561804397e-08,1.0356552424970586,1.3426199094094349e-08,5.37329467369804e-07,6.633757416840478e-07,0.7979638025361514,-1.260462743142438e-07,2.8839619398163386e-07,3.234252425049094e-07,0.8649500914058343,-3.5029048523275525e-08,1.7330350278527648e-07,1.743934119991477e-07,0.9398573458040764,-1.0899092138711927e-09,2.522347643233164e-07,3.040814656750652e-07,0.8030870709966289,-5.184670135174884e-08,0.0,Train252.csv,Normal,1.053706834913953,1.2389028533072586,1.107089131874863,0.956809014253748,1.172995992591061,1.1009336664786231,0.0043997184886306,0.0029772663988004,0.0036884924437155,0.6272016476643473,0.7127429092429254,0.6699722784536364,-0.0094890171182788,-0.0079285724604895,-0.0087087947893841,0.1897755034585122,0.6117012056429113,46.91455957196399,0.2585512659245763,1.0,0.0,1.0,0.0,1.0,0.0,1.0,0.0,1.0,0.0,0.4400013465024999,1.9003253567319023,1.3200930970838203,1.4453190511354128,-0.12522595405159254,1.0,0.0176000538601
158,2.3439771854283844,8.438317867542183,1,0,0.20596736146787,0.1944713384413734,1.0591141734689125,0.0114960230264966,1.3601542702547615,1.510132036832747,0.90068565401778,-0.1499777665779855,0.9983490504313394,34.83238120664396,37.42386087385015,-2.591479667206187,0.0695186492935206,1.598550069940904,0.0641652237499736,1.4184417024243352,0.0018889235814425,1.0081921437413273,0.0606951235017829,1.3533018765086815,-0.0867884009584548,0.6759923318605294,0.0569649533009024,1.2775923531110345,-0.000582148018739,0.9964284241391256,-0.0590226556980218,0.7135034578548136,0.0695186492935206,-0.0867884009584548,1.598550069940904,0.6759923318605294,0.1563070502519754,8.506107723655381e-05,8.337878528313453e-05,1.020054158934457,1.6822919534192871e-06,4.028204549733908e-05,3.2212619608115096e-05,1.2501170291938108,8.069425889223986e-06,9.7367882435708e-06,1.5124287749130765e-05,0.6433595293660271,-5.387499505559966e-06,9.692709899530498e-07,9.265968171245796e-07,1.0348860600752223,4.267417282847017e-08,2.2252512405361037e-07,2.9725922812101613e-07,0.7242260075130023,-7.473410406740584e-08,2.8823488856944885e-07,3.444106315910745e-07,0.8132794642064225,-5.617574302162563e-08,0.0,Train253.csv,Normal,0.9307532783629894,1.764060764265282,1.46800355758858,1.285781260062706,1.616032160926931,1.5059485273055226,0.073826150931299,0.0666840173278668,0.0702550841295829,0.6217344954495045,0.6668504693427532,0.6442924823961289,-0.0865012513558181,-0.0759445749397029,-0.0812229131477605,0.3733540723905468,1.1423262688157774,-4.374255073131579,0.0989476959779018,1.0,0.0,1.0,0.0,1.0,0.0,1.0,0.0,1.0,0.0,0.28740057566241495,5.14918403669675,0.9958414117016577,1.3417279720355222,-0.34588656033386445,1.0,0.0114960230264966
155,2.299471289502529,8.278096642209105,1,0,0.1966850547096078,0.1845253001432028,1.0658974346498498,0.0121597545664049,1.4554576623612552,1.5662471789762196,0.9292643412899708,-0.1107895166149643,0.9719205230521024,17.44227605799812,22.01748216089414,-4.5752061028960185,0.0635304897654499,1.5504522833747754,0.0550223271516663,1.3058180371599932,-0.0091082346664987,0.957099477084318,0.0457133414854197,1.22422313143382,-0.0534876607738002,0.778490269734842,0.0398585716491684,1.2280203213226797,-0.0090519543239657,0.9403806109041414,-0.0378765934110344,0.7742462693014914,0.0635304897654499,-0.0534876607738002,1.5504522833747754,0.7742462693014914,0.1170181505392502,8.942763012541532e-05,9.256285156798952e-05,0.9660243647105952,-3.1352214425742144e-06,4.318990563999368e-05,2.8420180586126567e-05,1.5191569223119743,1.4769725053867111e-05,7.985298921316e-06,1.0184934438996046e-05,0.7832614293988887,-2.1996355176800464e-06,8.945212310834416e-07,1.0215407957228e-06,0.8671699992792348,-1.270195646393584e-07,2.462925446995268e-07,2.7777884595816577e-07,0.8558396426932997,-3.1486301258639024e-08,3.09779024380863e-07,3.563472782790528e-07,0.8455884423000932,-4.656825389818976e-08,0.0,Train254.csv,Normal,0.7922012118649887,1.6987419743163277,1.329875016444399,1.2306863668678334,1.5143084953803634,1.4197677858761868,0.0671169097385055,0.0563418479416986,0.0617293788401021,0.6437244839742036,0.7772791634356063,0.710501823704905,-0.0574890849487351,-0.0517577455803456,-0.0546234152645403,0.3282700850182473,1.055017490342124,3.093591884659133,0.1804398096187247,1.0,0.0,1.0,0.0,1.0,0.0,1.0,0.0,1.0,0.0,0.3039938641601225,4.9171263677401935,0.9808824005094375,1.271123265873029,-0.2902408653635914,1.0,0.0121597545664049
1254,18.60346449700756,66.9724721892272,0,0,0.7960699627937836,0.8311151943077643,0.9578334732268916,-0.0350452315139806,1.7062870348076464,1.7879075648124343,0.954348568597932,-0.0816205300047878,0.9108463282327915,16.585402543217604,20.41947160083689,-3.834069057619281,-0.3729655365030158,0.5784969569250095,-0.3378436198618421,0.6056844248541488,0.1038092963011259,1.1662093347967175,0.1034320727744815,1.1269893713738115,0.0519209732857066,1.0514407852570018,-0.0279036014718618,0.9727082178218812,0.1716934874791661,1.2324192575988993,-0.117644602813722,0.7999090076630013,0.1716934874791661,-0.3729655365030158,1.2324192575988993,0.5784969569250095,0.5446590239821819,0.0017817997569264,0.0016754496989084,1.0634691828680218,0.000106350058018,0.0002120330005119,0.0002343230876401,0.9048359437722792,-2.229008712820125e-05,0.0001798373314501,0.0001668802621632,1.07757833871827,1.2957069286882294e-05,0.0003339809248261,0.0003707687152546,0.9007553861250884,-3.678779042847911e-05,2.380145841876193e-05,2.55333682725082e-05,0.931805788682104,-1.7319098537462635e-06,4.704561672217132e-06,5.077617827114505e-06,0.924708150668104,-3.730561548973737e-07,0.1904994744986427,Train255.csv,Normal,0.8122346581395136,1.2312086714979975,1.1603911140657974,1.1233028367432034,1.1957998927818974,1.171634207435666,0.1702005021894583,0.1003287105015761,0.1352646063455172,0.5740646217867633,0.602918159767275,0.5884913907770192,-0.3759053438997546,-0.3394677722815931,-0.3576865580906738,0.237245225780162,0.6571440497112342,-10.966563495072847,-0.1589617695188128,0.9134233868217956,-3.2871538202971086e-05,1.0521366505726475,7.72777049457327e-06,0.9692161432899112,-1.7950169414981504e-06,0.9951016028687272,-1.2961059582237177e-06,1.1124510580241675,4.177246054835703e-05,-0.019533329716359953,0.44370935470459233,1.001678827694594,0.7834635721919586,0.21821525550263543,1.0054847989104285,-0.033966404128682334
1060,15.72541656046891,56.61149961768808,0,0,0.3417860451753699,0.3807680136577776,0.8976227622584099,-0.0389819684824077,1.4786614613184714,1.6100665498683753,0.9183853004433268,-0.1314050885499038,0.7940070974301087,15.563119939422169,19.642126963633544,-4.079007024211377,-0.3142916574520696,0.5163431915966212,-0.0242440139273778,0.9043793113422616,-0.0308910229977861,0.9153952886328746,0.043375525881953,1.1076608684686668,0.0086485170486749,1.0305703302253553,-0.0021003026400238,0.9921183523392632,0.0006695811194427,1.0022000371863655,0.092818639055058,1.2535511244169035,0.092818639055058,-0.3142916574520696,1.2535511244169035,0.5163431915966212,0.4071102965071277,0.000177886139124,0.0002591183893554,0.6864787743503048,-8.123225023134114e-05,7.034446678604771e-05,3.050212000257595e-05,2.305459823182032,3.984234678347176e-05,2.464160287181785e-05,2.3670002429901538e-05,1.0406081226031492,9.71600441916312e-07,8.376825442089089e-05,7.066973841428017e-05,1.1851805948954437,1.309851600661072e-05,4.194451601955504e-06,5.362075157814151e-06,0.7807879597243366,-1.167623555858647e-06,9.06806466908092e-07,1.1897285752096934e-06,0.7558430178672679,-2.8292210830160135e-07,0.1463893309819771,Train256.csv,Normal,0.7923337406541155,1.2446878480394634,1.0917168978110274,1.0419989990589753,1.168202372925245,1.1261345816364887,0.0889049254461178,0.0367889175432714,0.0628469214946946,0.5063104975765663,0.8907763160964808,0.6985434068365235,-0.319243839137238,-0.0397531845691442,-0.1794985118531911,0.2003209488757119,0.7383773504628971,32.51855155476079,0.5642092553126128,1.1738905897090726,1.3264809619508344e-05,1.0584334262528134,9.58214897391494e-07,1.2833868205885064,3.964157932117292e-06,2.22021931619385,4.556346022440939e-05,0.5766918797315835,-5.711747395462373e-05,-0.03040846207495628,0.2666152684709831,1.0826231713141774,0.7787059305239191,0.3039172407902583,1.5206798543450566,-0.050028944590918584
0,0.0,0.0,1,1,0.0766774024516026,0.0597879117351262,1.2824898445425237,0.0168894907164763,1.311914495380325,1.480412754073066,0.8861815618036479,-0.168498258692741,0.9300699016535846,18.86966224179584,19.63591502934127,-0.7662527875454366,0.0086715220114728,1.126211066380121,0.0019032197454678,1.0312172444010206,0.0481275752559667,2.219599585799034,0.0413055226410853,1.883597019722525,-0.0125970520038509,0.8296178033090709,0.0023701417262302,1.0463363731346718,0.0187053638431981,1.254889605408695,0.0267099122651325,1.491886668939927,0.0481275752559667,-0.0125970520038509,2.219599585799034,0.8296178033090709,0.0607246272598177,6.177672260409369e-07,1.0177414301698366e-06,0.6010920722918114,-3.999742041288997e-07,1.0512701238637098e-07,1.151280312480801e-07,0.8401555697615437,-1.0001018861709114e-08,4.790187657595312e-07,1.0213515354108255e-06,0.4644573157771277,-5.423327696512943e-07,2.80355324202981e-07,3.4935520583242186e-07,0.7801621338796442,-6.899988162944086e-08,2.4314437299777e-07,2.276185243587473e-07,1.023255125642814,1.5525848639022706e-08,2.7253001067564573e-07,3.288216288060822e-07,0.8043465573197596,-5.629161813043649e-08,0.0,Train257.csv,Normal,0.9609769753021328,1.112422469437117,0.9244726205871676,0.9125807184543016,1.0184475450121422,0.9831586028261952,0.0030641000092977,-0.0023719178632127,0.0003460910730425,0.6529412550666248,0.7950591414734955,0.7240001982700601,-0.0097849501749198,-0.0065694593415863,-0.0081772047582531,0.1220047570885731,0.4594812143704921,181.4571770893034,0.6301646688446345,1.0,0.0,1.0,0.0,1.0,0.0,1.0,0.0,1.0,0.0,0.42223726791190735,1.9169350612900644,1.2643708824944313,1.4590092988600585,-0.19463841636562718,1.0,0.0168894907164763
951,14.108369008496162,50.790128430586186,0,0,0.4984885221035654,0.525404564325133,0.9487708072276672,-0.0269160422215676,1.7189846499072297,1.7329098941171834,0.9919642364690344,-0.0139252442099537,0.958543538412836,15.48186576267674,16.277210363765136,-0.7953446010883951,-0.2248880294574632,0.5840934410742903,-0.2021609336234209,0.5667342552139921,0.0627215813579518,1.136948124715215,-0.0585826069450756,0.9083784933050392,0.0547629910242104,1.0823779389260575,-0.1309507293381512,0.811770469400537,0.214704914865561,1.9930623490161627,0.1057060912347299,1.3230727481167175,0.214704914865561,-0.2248880294574632,1.9930623490161627,0.5667342552139921,0.4395929443230242,0.0004749719679534,0.0004733385151517,1.003429719857079,1.6334528017346002e-06,0.0001501054676384,0.0001272209653464,1.1797872257727056,2.288450229201352e-05,0.0001156664973998,0.0001359499571841,0.8507394367827168,-2.028345978430722e-05,6.87892489539054e-05,6.0721610028231546e-05,1.1326761948502304,8.067638925673859e-06,6.725224508473231e-06,6.698188036166212e-06,1.0025396533631987,2.7036472307019026e-08,1.0375633684730504e-05,3.284247279598377e-06,3.1496219937671057,7.091386405132127e-06,0.144469697167631,Train258.csv,Normal,0.9511375356817716,2.037720291974506,1.3141995936845527,1.1251493041536622,1.675959942829529,1.49235639660424,0.2150331485472757,0.1017847872003336,0.1584089678738047,0.5565862791819735,0.5720778472304933,0.5643320632062334,-0.2297367531428296,-0.2053999865421184,-0.217568369842474,0.4477434187986947,1.4811340127925328,15.939048642402328,-0.0357637553734546,0.9256815826687612,-1.0213149294179902e-05,0.9154159337890088,-6.964186836247086e-06,1.0153623045350697,6.880339671847481e-07,1.1503497771522158,3.25661398672109e-05,1.1333299627333628,2.956936904856613e-05,-0.02608510489871739,0.483099457299068,1.375968522177806,0.7625919403344991,0.6133765818433069,1.0270426718254313,-0.027329534659054116
301,4.465424891227492,16.07552960841897,0,0,0.2332856841649618,0.232635069687454,1.0027966739942311,0.0006506144775078,1.381627002664548,1.4930942006355674,0.9253448260819582,-0.1114671979710195,1.008878440207972,41.537433322949965,33.64865871931926,7.888774603630708,0.0029616522907102,1.0131609840500877,0.0805319281864375,1.6536664917134332,-0.0173388527406818,0.9276226649344044,0.0921160648973394,1.5069614836244554,-0.0870459842761064,0.7597244504282867,-0.0454106560978473,0.8363789450079598,0.0580821902789992,1.2863313622584642,-0.0245092245090056,0.8516949208619429,0.0921160648973394,-0.0870459842761064,1.6536664917134332,0.7597244504282867,0.1791620491734458,0.0001331495702582,0.0001206964243875,1.1030860282202843,1.2453145870780023e-05,2.4831983770844047e-05,2.420339127563289e-05,1.0255475364094773,6.285924952111524e-07,1.1792419556674252e-05,1.1553184820876146e-05,1.01982453271734,2.392347357981063e-07,5.337960711566668e-06,6.479025032238102e-06,0.8226136723232172,-1.1410643206714338e-06,7.254355010727999e-07,7.924201371056991e-07,0.9040594415905612,-6.69846360328992e-08,4.065698552880434e-07,4.5136480036131306e-07,0.8812329310117339,-4.479494507326963e-08,0.0,Train259.csv,Normal,1.234445439774898,1.781460397116853,1.460194446379649,1.2753007145038144,1.620827421748251,1.5056518526667722,0.08544838446164,0.0819280805446933,0.0836882325031667,0.7409646671914466,0.7585703360985773,0.7497675016450119,-0.0860139510451374,-0.0468264042206282,-0.0664201776328828,0.354554716543306,1.0404957299254065,-14.29700777331665,-0.2451269131130518,1.166490857792085,2.11871198541308e-06,0.6651771511384474,-1.9077949359415063e-05,1.551851495623953,3.195020966299164e-05,0.8745881815631581,-1.330803557565952e-06,0.7901652866680677,-1.0397311889705638e-06,0.006294092951907145,2.2568230976168513,0.9914684093761222,1.1981500468993083,-0.20668163752318602,1.030538942775186,0.0010096570499950762
598,8.871508587887178,31.93743091639384,0,0,0.2253449575134345,0.2656921904797545,0.8481429153980967,-0.0403472329663199,1.5574140235340828,1.680692278914954,0.9266503058329262,-0.1232782553808711,0.9335364645834892,20.971544477221503,17.090146609000122,3.8813978682213808,-0.2202391334108344,0.6138742367978005,-0.0255049229787688,0.8810961709799119,0.097790049979381,1.449804799418195,-0.0061528204890441,0.9727942605183983,0.0087449538357502,1.047140464935801,-0.0240213424998317,0.8653619563509477,0.0147330566327327,1.1057219265267222,0.0253797249244018,1.2629720658670796,0.097790049979381,-0.2202391334108344,1.449804799418195,0.6138742367978005,0.3180291833902155,9.852920371734295e-05,0.0001200020577709,0.8209942029774672,-2.147285405360232e-05,1.6732606327152747e-05,2.8733874198847125e-05,0.5821277330744742,-1.200126787169438e-05,1.6286148198503382e-05,2.528955964098297e-05,0.6437324771503654,-9.003411442479592e-06,4.681122365107612e-05,6.472518064628114e-05,0.7231187614483825,-1.791395699520502e-05,1.0017617990684723e-06,1.2018094803647304e-06,0.826666085139854,-2.0004768129625808e-07,4.660421219866041e-07,5.579398535211842e-07,0.8205835866195654,-9.189773153458022e-08,0.0113555309779605,Train260.csv,Normal,1.2271131983096153,1.4121812444001896,1.1059004575113018,1.0771348040186772,1.2590408509557456,1.1984055019767228,0.0888288126228032,0.0133955008915476,0.0511121567571754,0.6036142044772793,0.8516114918260045,0.727612848151642,-0.2246525963049398,-0.0276554095451459,-0.1261540029250429,0.2208865731208007,0.8085670399229102,3.599498365309671,-0.1426087596681196,0.6386685618884208,-9.21351386777982e-06,0.4208944050288538,-1.1493392341923164e-05,0.6574159686121874,-2.0202652515714483e-05,0.9427122128725596,-3.4048645923739147e-06,1.294236619223958,1.1915194364595545e-06,-0.0988903259802458,0.5523163465784692,1.078018649581583,0.9815917357319691,0.096426913849614,0.6736741955045336,-0.026524915241374777
854,12.66934504022684,45.60964214481662,0,0,0.2915300544436096,0.3620129790025606,0.805302746862344,-0.070482924558951,1.3590107772745446,1.3954088896425896,0.9739158017571998,-0.036398112368045,0.8422005040321172,24.295394664503984,22.48018091198648,1.815213752517512,-0.3237245322266782,0.4697221124480273,-0.0969418075284089,0.8296254390240886,-0.0151218810946121,0.9455860979350792,0.0305103133308831,1.0919981612889669,0.0011515702384849,1.0044904112465207,9.833761361272007e-05,1.0005440674226516,0.0068034508166329,1.0315131960855126,0.0207683716287603,1.1478406129575285,0.0305103133308831,-0.3237245322266782,1.1478406129575285,0.4697221124480273,0.3542348455575613,0.000163360120755,0.000395125032967,0.4134285930771629,-0.0002317649122119,1.76603351638376e-05,1.938572239230944e-05,0.910527321778954,-1.72538722847184e-06,4.591539717637617e-05,5.905257659736118e-05,0.7774025418733187,-1.3137179420985012e-05,4.3923729041591534e-05,5.93543507880008e-05,0.7399007730826521,-1.543062174640926e-05,3.0162661022075187e-06,2.7519401992120404e-06,1.0920823351164648,2.643259029954783e-07,6.4059254351055e-07,7.405637867060503e-07,0.8534818157453028,-9.997124319550036e-08,0.0350632683386148,Train261.csv,Normal,1.0807472924180146,1.066909448230583,1.064152885280315,1.0175959918638997,1.065531166755449,1.0495527751249325,0.0220488457327442,0.0085085641628209,0.0152787049477826,0.456572574696271,0.8270214278861141,0.6417970012911925,-0.3299842063821469,-0.097916509643044,-0.2139503580125955,0.189166077651193,0.610336873534312,65.90218511403384,0.775011856584702,0.8084841139601328,-1.2918094029452546e-05,0.7178319910343792,-3.0915169372502566e-06,0.8963096557933711,-1.4797301115497016e-06,0.4425916248893461,-8.311323151250229e-05,0.3809201714187666,-0.0001350972363765,-0.08470530199788603,0.3503563658521611,1.0599659588218975,0.7483112164690651,0.3116547423528324,0.6855777572390321,-0.06317452585074351
951,14.108369008496162,50.790128430586186,0,0,0.4749535291026365,0.5253099677417999,0.9041395542197096,-0.0503564386391633,1.5418050368853848,1.678154630172994,0.9187502748414452,-0.1363495932876091,0.8850348256384537,17.91777386519986,17.71596155069708,0.2018123145027779,-0.2651913539401965,0.5529983248925054,-0.2683387193244299,0.5024598098702684,0.1164044769177638,1.2787700532741983,-0.0578090588914803,0.9240717956391434,0.1502993045624403,1.7085471853140402,-0.2851943161185105,0.4396617938021089,0.1601736763335853,1.3544901631986972,-0.0138500280172891,0.974818868802105,0.1601736763335853,-0.2851943161185105,1.7085471853140402,0.4396617938021089,0.4453679924520958,0.0004151360080709,0.0005121234139031,0.8106012941179686,-9.698740583220311e-05,0.000118044050341,0.0001135344823748,1.0396282397174177,4.509567966142142e-06,0.00010040486365,0.0001000895081976,1.0030505190077923,3.153554524275147e-07,8.178740674855527e-05,7.229091933055083e-05,1.1312083927264245,9.49648741800444e-06,6.684326386841116e-06,7.852294637592304e-06,0.850175005510615,-1.167968250751188e-06,7.797226122485635e-06,2.264330523565752e-06,3.428361023911753,5.532895598919882e-06,0.144469697167631,Train262.csv,Normal,1.011391552403822,1.7761941415314644,1.3544047326826518,1.2664830293302534,1.565299437107058,1.4656939678481231,0.1586447358932548,0.1566288378469814,0.1576367868701181,0.433251455825145,0.4928914233668371,0.463071439595991,-0.2876793492920831,-0.2720022332002841,-0.2798407912461836,0.4454109128316523,1.3429426857063194,37.85229575121432,0.2605978049556059,1.0107836603708928,1.348063810226364e-06,1.0500362575469857,3.0142468720195737e-06,0.7765252394687039,-1.091652398301613e-05,1.190790717529299,2.908146967749229e-05,0.772906107728387,-7.290312673577398e-05,-0.0488018622283131,0.46029102372008185,0.922990275267637,0.7780760626789908,0.14491421258864623,1.0057840715149962,-0.039103045573067374
1310,19.43424122095686,69.9632683954447,0,0,0.7554190641409054,0.7456762040465829,1.013065791707973,0.0097428600943225,1.4585180440578498,1.575676679669919,0.925645504321948,-0.1171586356120693,1.00212167978267,19.963381417660152,21.758892750680307,-1.7955113330201549,-0.272937807632376,0.627446396253333,-0.3077209282962331,0.6062255107586435,0.261871873848629,1.3552694609734108,-0.2505453290966574,0.6842996788042097,0.3212633084127545,1.5319976426684012,-0.3819808851179876,0.6633283378229985,0.4306626517022539,2.0914309565648845,0.2905999330124674,1.513668009212178,0.4306626517022539,-0.3819808851179876,2.0914309565648845,0.6062255107586435,0.8126435368202416,0.0007080085925254,0.0006454014552827,1.0969879550947723,6.260713724261875e-05,0.00020229933383,0.0001634523207587,1.237590001726513,3.88470130712957e-05,0.0004068097548247,0.0003622102982714,1.1231003805308315,4.459945655321194e-05,0.0004941875253215,0.0004563964566987,1.082779435015278,3.7791068622845705e-05,3.587668439980079e-05,3.204677132208921e-05,1.119160879906811,3.829913077711577e-06,6.048604336676446e-06,6.084363201921284e-06,0.9924916084373816,-3.5758865244838165e-08,0.0523701656753494,Train263.csv,Normal,0.917481493071892,2.104183280983447,1.5388148192706337,1.51230012113267,1.8214990501270405,1.7184327404622504,0.4308575627971412,0.3233842628686874,0.3771209128329142,0.6034680028919562,0.6217429109731772,0.6126054569325667,-0.3825297163779216,-0.30913884546943,-0.3458342809236758,0.5328018151461469,1.5007152780914907,-4.151507605938377,-0.0475073578241662,1.1294578840456766,6.114664957176529e-05,1.0703812317475132,2.3030476565226736e-05,1.119090057055988,1.5245464416181612e-05,1.1178232272355408,9.814165796126609e-06,1.2496075835251208,0.0001086593940801,0.004976067872667214,0.3858226946789887,1.4228091012000201,0.8629804559951291,0.5598286452048911,1.1024315053463474,0.010903137858843876
254,3.7681658550557575,13.565397078200728,1,0,0.1195478145023723,0.1304968609478015,0.9160971725535952,-0.0109490464454291,1.3468761499611863,1.3888486749300128,0.9697789000167852,-0.0419725249688265,0.8769024068990732,30.42599982333702,36.05466878951633,-5.628668966179308,-0.0734340547289379,0.760705384298535,-0.0032270507185325,0.9593814843815872,0.0439935935071917,1.90186533223388,0.0292757494497141,1.344181655100134,-0.0069845661716741,0.9369122679468926,0.0022009003551186,1.0338745118158994,0.0203651985183526,1.248625159295755,0.0270532200040126,1.498317601738616,0.0439935935071917,-0.0734340547289379,1.90186533223388,0.760705384298535,0.1174276482361297,1.5468136268349562e-05,3.233352444844368e-05,0.4782452293659624,-1.686538818009412e-05,9.201449485715962e-07,1.3384366725157065e-06,0.6823790596372101,-4.182917239441101e-07,1.1805812382414195e-06,1.677884541035383e-06,0.6994443100457728,-4.973033027939638e-07,1.7812974321967563e-05,1.483114347647622e-05,1.20024271379101,2.9818308454913417e-06,2.753832745270864e-07,3.070945822482573e-07,0.8684578354337364,-3.1711307721170827e-08,2.7555832866767656e-07,2.961998674318699e-07,0.8999296145318836,-2.0641538764193362e-08,0.0,Train264.csv,Normal,0.8438851565250043,1.092260461054881,1.0077939582877171,0.9995432282976708,1.050027209671299,1.0331992158800896,0.0036556933602174,0.0004220524606735,0.0020388729104454,0.738812607643541,0.858923893770409,0.798868250706975,-0.0783513284248564,-0.0076642260257205,-0.0430077772252884,0.1028982284987074,0.35344785341134,158.19631671793763,0.6329985236684248,0.7722482792891641,-3.4527168526918537e-07,0.473479142495424,-1.2527860398771476e-05,0.4124191382355996,-4.401076847345869e-06,1.205694146833885,1.1257222154343212e-07,0.0,0.0,-0.14874805144843867,1.6241144423650646,1.2602724242834233,1.2073174003046674,0.052955023978755955,0.6971974758549696,-0.004515596299525425
929,13.781992438373225,49.61517277814361,0,0,0.5477125174993281,0.3694843843694558,1.4823698262927392,0.1782281331298723,1.4817185063577134,1.5538214205776526,0.9535963896487551,-0.0721029142199392,1.154820696771212,39.973275830850326,37.04423135878119,2.929044472069137,-0.0243355513734845,0.8883798753551708,-0.0293754665327894,0.8777479763161099,-0.0043797360183258,0.98623595678929,0.0256546367332801,1.0751984496677218,-0.0215991759628188,0.8968746120518023,0.0214618225432939,1.0819862443008823,0.1856430240134934,1.3254494172036422,0.6065297648462707,2.053497472162168,0.6065297648462707,-0.0293754665327894,2.053497472162168,0.8777479763161099,0.6359052313790602,0.0006708740733448,0.0002293743451291,2.924672444264708,0.0004414997282157,0.0001081871020954,7.737776771283673e-05,1.397987114667388,3.080933438258192e-05,6.795518268127562e-05,6.138909986551992e-05,1.1067781584765124,6.566082815755695e-06,7.598010892706064e-05,6.476098329328113e-05,1.1730578271913044,1.1219125633779503e-05,5.100429851637183e-06,4.4363372104698605e-06,1.147108194949119,6.640926411673229e-07,1.3851444307176204e-06,1.1497538181905468e-06,1.194343496862747,2.353906125270736e-07,0.1411276011237952,Train265.csv,Side II,1.079068841593986,2.055101514969133,1.324387717352144,1.0812855252890392,1.6897446161606386,1.4869249192034388,0.6055934154130078,0.1839784451982342,0.394785930305621,0.8608473474377115,0.8652108604411636,0.8630291039394375,-0.0314658884266417,-0.0289884061690876,-0.0302271472978646,0.3749776801158684,1.1942541675314216,-76.82048784957067,-0.8170315491251916,1.0551940179977592,5.109542628826226e-06,1.310286502631674,7.965314083433241e-06,1.902421247913517,1.4176043427077e-05,2.7749835295340435,0.0003096232247829,2.734735612927828,0.0001452616532436,0.18100361580013158,0.5562418477117237,1.4869777112222309,0.9174546028201901,0.5695231084020408,1.9958970933597449,0.33906498744222807
340,5.044001538263612,18.158405537749005,0,0,0.121590792099013,0.1147678131488285,1.0594501905062417,0.0068229789501844,1.50597942448323,1.597659017314473,0.9426162896689236,-0.091679592831243,1.0215723745062766,63.81767662342736,63.36364912428642,0.4540274991409418,-0.0397185771109201,0.7615067917257171,0.0100761203439804,1.1108611867254796,0.0352633425802574,1.3693239316138228,0.029751786067454,1.2538053553612574,0.0025121478432928,1.0173456149314486,0.011082739896269,1.1204345684368096,1.9324084259794705e-05,1.0001630521095894,0.0280439678301121,1.5082618898315157,0.0352633425802574,-0.0397185771109201,1.5082618898315157,0.7615067917257171,0.0749819196911776,9.163044161066184e-06,1.2985058846202085e-05,0.7051175581051071,-3.8220146851359e-06,1.880336492640752e-06,2.60067895600282e-06,0.720248075052366,-7.203424633620686e-07,2.0848682012634208e-06,1.9553100563144697e-06,1.0608342406659017,1.2955814494895112e-07,4.4633451622587775e-05,3.687834460196127e-05,1.2099608183614377,7.755107020626508e-06,4.454329073917642e-07,3.600261005708297e-07,1.2037878049808008,8.540680682093446e-08,3.353389327610735e-07,4.073861902032634e-07,0.8034260371618102,-7.204725744218991e-08,0.0065380475550468,Train266.csv,Normal,1.0071654252137328,1.1421224580492466,1.1173618825004048,1.1159970941807278,1.1297421702748256,1.1251604782434597,0.0107087238904341,0.0101194018945723,0.0104140628925032,0.6743740784272968,0.7998560540636196,0.7371150662454582,-0.0499379797602052,-0.0202537793443563,-0.0350958795522808,0.1592455442027421,0.4677483796219498,61.91081510912761,-0.3059362758211223,0.6114538231302661,-7.044482790520384e-07,0.6967869534080983,-1.9853202266485627e-06,0.7670491355767043,-1.4194505914977332e-06,0.5189607428859047,-4.514922347749184e-07,1.1655591829181324,2.048058796821678e-08,0.051731922450599155,0.921903097385793,1.2096198367926383,1.0805639700216731,0.12905586677096514,0.6609322772902357,0.0052335601057969935
1196,17.743017175774355,63.87486183278768,0,0,0.7119510805188974,0.9034982686410477,0.7879938427660798,-0.1915471881221502,1.4476456722309508,2.23428400675935,0.6479237471029511,-0.7866383345283994,0.9346455866655728,27.944383242004275,16.537684788622897,11.406698453381376,-0.7737524267962083,0.3791929202226923,-0.7384299906087433,0.4446923428674831,0.3785693778882945,1.5518779210969955,-0.4868417169347558,0.5675463974358267,-0.0378017858225957,0.9398608465329092,0.1965405676883375,1.3814547624281173,0.2975975292828355,1.479508471501196,-0.160364945648189,0.7540430863432454,0.3785693778882945,-0.7737524267962083,1.5518779210969955,0.3791929202226923,1.1523218046845027,0.0008143588951776,0.0019105265098167,0.4262461832020895,-0.0010961676146391,0.0002298727835695,0.0001923145836111,1.1952334914934215,3.755819995842545e-05,0.0002866620051189,0.0002778674745529,1.0316129638796432,8.79453056600927e-06,0.000504489775259,0.0003386652928204,1.4895972217449749,0.0001658244824385,2.152938661446975e-05,2.3924782563306088e-05,0.8995020764247927,-2.3953959488363367e-06,2.8369257162062216e-06,8.27505872158331e-06,0.3424146782225911,-5.438133005377089e-06,0.030794660265185,Train267.csv,Side II,1.6897397418247575,1.5487476216662142,1.4804829892734197,1.3824730756856545,1.5146153054698168,1.4705678955417625,0.3762037125221559,0.2968762235924229,0.3365399680572894,0.3752591810518109,0.4430527561384714,0.4091559685951411,-0.7778401131042871,-0.7399992576976673,-0.7589196854009772,0.4477236782668964,1.1734884406144033,105.3002244231505,1.148561650267064,1.4445142009000749,0.0001634183656236,1.0408063224226185,9.72379321906411e-06,1.1996418461624296,2.198983506918025e-05,1.3082487012565984,3.9693916714063696e-05,0.4160567721219936,-0.0006339001330718,-0.1173696588425964,0.4362447512402713,1.2050021067575194,0.7919210613957236,0.4130810453617958,1.1828989566138821,-0.22978802238607848
842,12.491321456523416,44.96875724348431,0,0,0.3087243123845526,0.2517999573449975,1.2260697077913505,0.0569243550395551,1.4887672093061468,1.5956019971534154,0.9330442069085486,-0.1068347878472686,1.1625576206703248,18.77137755557648,20.17509242365924,-1.403714868082762,0.0499600819469142,1.2664146631781945,0.0106025911772892,1.0467685997044092,-0.043689585167789,0.881145477721921,0.0049395908803013,1.0155008508247827,-0.0013832060468988,0.9931154395177688,-0.000552962214384,0.9972605255660764,0.0320677020705078,1.167620013989542,0.2992365480275614,2.162280020339877,0.2992365480275614,-0.043689585167789,2.162280020339877,0.881145477721921,0.3429261331953505,0.0001751128063566,0.0001157343027945,1.5129280848270603,5.937850356205904e-05,1.8225289538212825e-05,1.204214194359794e-05,1.5122033596604,6.183147594614886e-06,6.164275333339632e-05,3.690473308974386e-05,1.6698685910456363,2.4738020243652457e-05,4.17420810570306e-05,2.80894343110402e-05,1.48551321692018,1.3652646745990409e-05,2.6463092912012782e-06,2.1628352147518577e-06,1.2179061132822686,4.834740764494205e-07,6.827571300222532e-07,7.048728630537696e-07,0.9550749025577424,-2.211573303151637e-08,0.0319777828468368,Train268.csv,Normal,0.9304233731419804,2.1745765522406133,1.2808788516909877,1.1377299890345736,1.7277277019658004,1.5310617976553915,0.2977223403828565,0.0495198835006381,0.1736211119417473,0.8555030838707811,0.9858093102023456,0.9206561970365634,-0.0529605913349045,-0.0044898374890364,-0.0287252144119705,0.3913122945269938,1.3190734683698322,-2.1833131350915664,0.0745250866558118,1.749033174516731,2.9879761236548423e-05,1.409544787939762,2.3155711373180923e-06,1.463778915867411,4.123960260853221e-06,2.6561425388139503,8.295811857343841e-05,0.5622101945103352,-2.5481312387365103e-05,0.07037466754555678,0.38167091804898756,1.4423868532984985,1.064776246868175,0.3776106064303235,1.8431554142070412,0.08332467070625156
906,13.44078056960833,48.38681005058999,0,0,0.4322458777009785,0.4156645538216759,1.03989109325763,0.0165813238793025,1.5778600414554875,1.7373833984247762,0.9081818289528144,-0.1595233569692884,1.0160977476109003,17.57057336528501,23.08107226367662,-5.51049889839161,-0.2563417174011136,0.4796644439157091,-0.2528861982580929,0.5994797205387264,0.0209977146807656,1.0397710528982822,0.1186647887710618,1.2885603951141715,0.3539198399613507,1.8409299534040264,0.0017520626620508,1.00809606992747,-0.012761407668353,0.944747805340653,0.0086445180074706,1.069007289784044,0.3539198399613507,-0.2563417174011136,1.8409299534040264,0.4796644439157091,0.6102615573624643,0.0004209489964186,0.0004245764930295,0.9914328489703618,-3.627496610928674e-06,6.952260309398673e-05,6.099106060995594e-05,1.1396949888874552,8.531542484030784e-06,6.811478963452253e-05,6.523516331447628e-05,1.0439822076345322,2.8796263200462523e-06,7.264361081130384e-05,6.8111687460015e-05,1.0663800842271127,4.531923351288835e-06,4.521639340940979e-06,3.6707294361419775e-06,1.2284628412351914,8.509099047990004e-07,1.0268002181608674e-06,1.1773183680266086e-06,0.8648061428271075,-1.505181498657411e-07,0.1376335916234213,Train269.csv,Normal,0.761254640033505,1.8589698923508933,1.2764710643217498,1.0297684860891425,1.5677204783363217,1.3884031475872618,0.3571863164764454,0.1132155362493724,0.2352009263629089,0.4598564037169328,0.5940367428529716,0.5269465732849522,-0.2638402442838706,-0.2553013980533511,-0.2595708211686108,0.4007822164748414,1.3991134886339605,5.409477805828516,0.0855529218261379,1.0581411152437403,4.739994770796928e-06,1.126668974164621,2.645821018695557e-06,1.0368162227984177,1.2459986940801718e-06,0.8625766472979606,-2.1284897690384343e-05,1.0713163764858522,1.687182062353441e-05,0.017705378994569664,0.4615480126462714,1.0072837216840556,0.7063050724509058,0.30097864923314976,1.0086872814203331,0.017191785593535625
475,7.046766854927105,25.368360677737577,0,0,0.2131590408798358,0.1912962624264229,1.1142874776183722,0.0218627784534128,1.4103227798373386,1.533221275228232,0.9198429433670438,-0.1228984953908933,1.2600434220870569,33.26353176153185,30.813166442120483,2.450365319411368,0.1583473792483718,2.0444152125799744,-0.0421588295160023,0.7747289333089485,0.0347816823127267,1.1690667849140362,0.0410745763162982,1.2468631497426248,-0.0148421083076087,0.9347490075728035,-0.0079420033913399,0.9665655218446816,-0.0055158446194754,0.964134661976111,-0.0214235030001642,0.8819222875792538,0.1583473792483718,-0.0421588295160023,2.0444152125799744,0.7747289333089485,0.2005062087643742,8.20416090151264e-05,5.752119140261733e-05,1.4260370246981189,2.452041761250907e-05,4.232237068625969e-06,3.2143388430254955e-06,1.3125906657672282,1.0178982256004738e-06,1.90693844689441e-05,1.46800041411749e-05,1.2981197476652953,4.389380327769202e-06,2.8973708229692074e-05,2.482465847244224e-05,1.1666642511650698,4.149049757249841e-06,8.869254301570785e-07,1.0982148424210912e-06,0.8003190322008621,-2.112894122640127e-07,4.265777158262767e-07,4.5036613287410986e-07,0.9266053372847196,-2.3788417047833173e-08,0.0195024033499321,Train270.csv,Normal,1.0795233204357269,2.1532503554968243,1.169117958789137,1.116404706382533,1.6611841571429806,1.479591006889498,0.1616751644265682,0.0274314313625909,0.0945532978945796,0.7455407740386747,0.805684068830552,0.7756124214346134,-0.0456937457779536,-0.0343273040825657,-0.0400105249302597,0.4223312285412925,1.4077095814581495,-22.05665599660477,-0.25508119491609,0.7866466686491577,-1.270452709287762e-06,1.860617031837121,1.4563144657023366e-06,1.5934040721260196,1.608644420205966e-05,1.290883895419619,8.483970193730225e-06,0.9781090712787232,-7.82672880557537e-09,0.0849298887408097,0.8280545706758593,0.9375408238000155,1.3294036436009862,-0.3918628198009707,1.5816349997942531,0.034836240215656955
270,4.005530633326986,14.419910279977149,1,0,0.2127162061365169,0.2159385874896123,0.9850772794185144,-0.0032223813530954,1.3818372401241457,1.464326620374262,0.9436673563540716,-0.0824893802501163,0.8265450508464566,23.22453151903498,29.974331634852177,-6.749800115817198,-0.0907861201118898,0.6134400107671185,0.0048527772252443,1.0533989930147516,-0.0909848901266566,0.6827121730361843,0.1419990242743377,1.5788590046946804,-0.083584840319725,0.57255750308262,-0.0421321910110417,0.7993342991226684,0.0842966939061669,1.478676023965357,-0.0444464724898742,0.808516224213267,0.1419990242743377,-0.0909848901266566,1.5788590046946804,0.57255750308262,0.2329839144009943,0.0001021235973244,0.0001144311612564,0.8923677128333088,-1.2307563932045335e-05,2.09291309771129e-05,1.587745703245697e-05,1.317336747747367,5.051673944655931e-06,2.16167810791468e-05,1.522690474349181e-05,1.4187120969158806,6.389876335654983e-06,4.706061379266512e-06,4.29422385941594e-06,1.0933588802477154,4.1183751985057213e-07,7.134678762736945e-07,7.671301812996538e-07,0.9180802566186632,-5.36623050259593e-08,3.954475574293982e-07,4.627215541457253e-07,0.8365337987264572,-6.727399671632713e-08,0.0,Train271.csv,Normal,0.7748139906573562,1.5560925796158869,1.4869557519182952,1.0533480521046077,1.521524165767091,1.3654654612129298,0.1349096023929665,0.0804391267644598,0.1076743645787132,0.538030187346231,0.5482965771182003,0.5431633822322157,-0.1077117423278764,-0.1020565280532454,-0.1048841351905609,0.3813248840134974,1.0180623922696557,16.668354029872518,0.2327762269211248,1.408019603805924,5.077355256319361e-06,0.9391200639491464,-3.368997774548231e-06,0.897904704465162,-4.837900256110884e-06,0.6053053515577707,-3.1350664860097854e-06,0.8100168487574424,-4.661931280052147e-07,-0.038742873448795095,2.557498989664399,1.0288421824337641,0.7831837256060181,0.245658456827746,0.814110039990693,-0.002893391376525174
737,10.933615099118477,39.36101435682652,0,0,0.2068136315299678,0.2046274603537461,1.0106836153153946,0.0021861711762217,1.4027854461582945,1.5629737062915734,0.8975105796958931,-0.1601882601332791,0.9458833386406056,18.50782665033769,18.41289265814668,0.0949339921910166,0.0190499256871689,1.120707764641964,0.0117375101633846,1.0659008259281095,0.0030997131406287,1.013740677802472,-0.0014392665517023,0.9947341124149356,0.0222450572385773,1.1132908525315646,0.0161593961458959,1.1001129401901002,-0.0103319438074056,0.9456423634020986,-0.0356981423230089,0.8434837730432254,0.0222450572385773,-0.0356981423230089,1.120707764641964,0.8434837730432254,0.0579431995615862,5.68291349097685e-05,6.808506197796276e-05,0.8345558878874332,-1.125592706819426e-05,9.550123534741064e-06,6.365188168819458e-06,1.4980143772775152,3.184935365921605e-06,1.882715746252768e-05,2.60110668963072e-05,0.723535185453889,-7.18390943377952e-06,3.636916656202015e-05,3.5642956142012206e-05,1.0200883881032232,7.262104200079418e-07,1.3197231213718792e-06,1.4321563343832814e-06,0.9151040632056308,-1.124332130114022e-07,4.103688113510492e-07,4.83268975703676e-07,0.8319372017379258,-7.290016435262684e-08,0.1119602174685005,Train272.csv,Normal,1.0051558429140928,1.1455271146056574,1.1165399251960282,1.098924591285213,1.1310335199008428,1.1203305436956328,0.0269204432551853,0.0167739425656273,0.0218471929104063,0.7867485213149908,0.8757004631644922,0.8312244922397416,-0.0476354939307847,-0.0223718717836511,-0.0350036828572179,0.1194700032904582,0.3587785932906665,17.961162164436075,0.2614646933403932,0.7418327666827023,-6.697872519966078e-06,1.016947659365099,6.227357338598781e-08,1.613451135503723,4.716315119276627e-06,0.7109381485154326,-1.5162138245329736e-05,1.1665106373501175,1.6689321339565304e-06,0.003527699705388812,0.333723358424094,0.963079692211808,1.0667830894575152,-0.10370339724570721,1.1137789811280847,0.003527280366680412
