transitions,speed_ms,speed_kmh,is_low_speed,is_zero_speed,s1_v_rms,s2_v_rms,v_rms_ratio,v_rms_diff,s1_s_rms,s2_s_rms,s_rms_ratio,s_rms_diff,v_ptp_ratio,s1_s_kurt,s2_s_kurt,s_kurt_diff,car1_v_diff,car1_v_ratio,car2_v_diff,car2_v_ratio,car3_v_diff,car3_v_ratio,car4_v_diff,car4_v_ratio,car5_v_diff,car5_v_ratio,car6_v_diff,car6_v_ratio,car7_v_diff,car7_v_ratio,car8_v_diff,car8_v_ratio,max_car_v_diff,min_car_v_diff,max_car_v_ratio,min_car_v_ratio,car_v_diff_range,band_0_100_s1,band_0_100_s2,band_0_100_ratio,band_0_100_diff,band_100_250_s1,band_100_250_s2,band_100_250_ratio,band_100_250_diff,band_250_500_s1,band_250_500_s2,band_250_500_ratio,band_250_500_diff,band_500_1000_s1,band_500_1000_s2,band_500_1000_ratio,band_500_1000_diff,band_1000_2000_s1,band_1000_2000_s2,band_1000_2000_ratio,band_1000_2000_diff,band_2000_4000_s1,band_2000_4000_s2,band_2000_4000_ratio,band_2000_4000_diff,dominant_wavelength_s1,filename,label
118,1.7505652397503124,6.302034863101125,1,0,0.19692817591439166,0.17899566908227538,1.100183964909419,0.01793250683211628,1.3448160355748118,1.401616704140104,0.9594748849722875,-0.0568006685652922,1.0655307903236402,40.721489282930264,47.11164399029241,-6.390154707362143,0.07922710727118432,1.7327814047757832,0.06536721832153833,1.3395680415107276,-0.021608964713090345,0.8916391114324212,0.054186632264154044,1.2798026370386926,-0.060601432255241255,0.728331858584517,0.04207191632513574,1.267965496236549,-0.02038347726021217,0.8916661161359715,0.0032740608677424288,1.0228755698972969,0.07922710727118432,-0.060601432255241255,1.7327814047757832,0.728331858584517,0.13982853952642557,7.56858046395989e-05,6.64879389107166e-05,1.1381676767639126,9.1978657288823e-06,3.627704423269432e-05,3.266245433930762e-05,1.1103250418824546,3.614589893386704e-06,9.80727937080356e-06,7.305415964675614e-06,1.3406318134417174,2.5018634061279453e-06,7.07223221290651e-07,7.434659482924396e-07,0.9386266531266777,-3.624272700178857e-08,2.501386796943332e-07,2.417344171010068e-07,0.9936610280586571,8.404262593326407e-09,2.5633793010209387e-07,2.95321500351633e-07,0.8395672424211015,-3.898357024953911e-08,0.0,Train1.csv,Normal
900,13.351768777756622,48.06636759992384,0,0,0.9168447964102008,0.9702241131129037,0.9449824783458911,-0.053379316702702906,1.605922888389668,1.7732901342592344,0.9056176698373961,-0.16736724586956653,0.910889551775675,27.514461677431086,20.096907683760605,7.417553993670481,0.17866975551960124,1.5681477579510692,0.16474726641976034,1.3619183994239648,0.4608981126079099,1.7279607856792139,-0.45088165212857356,0.624979150493679,0.6581051733146379,1.6380201046185838,-0.8619613558718133,0.5752050162961809,-0.0420337062471724,0.8475882945794044,-0.09433434085532039,0.7286608232993556,0.6581051733146379,-0.8619613558718133,1.7279607856792139,0.5752050162961809,1.5200665291864512,0.0012503079511176863,0.001827921882620256,0.6840013914114937,-0.0005776139315025698,0.000527787611168344,0.0005840459932604791,0.9036592677047653,-5.625838209213517e-05,0.00022513673767727652,0.00028638527868730723,0.7861049201271431,-6.124854101003071e-05,0.000280297237993946,0.00027303279054315664,1.0265689031245187,7.264447450789355e-06,2.400869395745238e-05,2.7357407001306402e-05,0.8772732453719969,-3.3487130438540225e-06,6.123660290114147e-06,6.72144566763292e-06,0.909709532316184,-5.977853775187732e-07,0.1367221108841934,Train2.csv,Side II
1200,17.802358370342162,64.08849013323179,0,0,0.48945308022753853,0.5053707440692964,0.9685029778363959,-0.015917663841757856,1.557438887881616,1.7087826639753898,0.9114318114300161,-0.1513437760937737,0.9358098672615212,20.105464531750446,16.76524938848182,3.340215143268626,-0.043717349701898056,0.8842477837082799,-0.13670372237672251,0.7116578832677154,0.11761937866819666,1.2991771140037582,-0.05572666667301096,0.8997866686420126,0.03438762894856218,1.102082318222827,-0.24322823695010037,0.667424222614192,0.2520258297471975,1.6134138138388787,-0.024701692228777605,0.9606890993775066,0.2520258297471975,-0.24322823695010037,1.6134138138388787,0.667424222614192,0.4952540666972979,0.00036369774377527337,0.0003846275464412248,0.9455596499621725,-2.0929802665951435e-05,9.914576797118898e-05,0.00011255783996774363,0.8807645949287047,-1.341207199655466e-05,0.00011698867971563339,0.0001392282594971901,0.8402049848805693,-2.223957978155671e-05,0.00019534393194795897,0.00020462486299730219,0.9545975162137172,-9.28093104934322e-06,1.466783447593143e-05,1.5255932334265764e-05,0.9608213998831995,-5.880978583343341e-07,1.5235418475088923e-06,1.7843937643127223e-06,0.8490565882524843,-2.6085191680383e-07,0.029402604743745335,Train3.csv,Normal
861,12.773192130720501,45.98349167059381,0,0,0.4171415855335428,0.53481945522048,0.7799670966754653,-0.11767786968693722,1.4894452566471257,1.5606311383253648,0.9543864725789787,-0.07118588167823914,0.7602050736629035,24.852020963236093,17.18447740105423,7.667543562181862,-0.016464496270060885,0.9153066183081789,-0.20637924897879578,0.6777102020627932,-0.036360106003872406,0.918596874008019,0.13228179111204658,1.2877914119465235,-0.14606859807891842,0.7312273350996971,-0.03266488490245939,0.9232617345497339,0.10706570866966547,1.3464072912658036,-0.5164242679257762,0.442331315393262,0.13228179111204658,-0.5164242679257762,1.3464072912658036,0.442331315393262,0.6487060590378229,0.00041626741999441637,0.0005795922057545512,0.7181950238655518,-0.0001633247857601348,9.051638580500746e-05,0.00014527942171897414,0.6230074064173003,-5.476303591396668e-05,5.104520183738628e-05,6.212841415694821e-05,0.821475773560251,-1.1083212319561931e-05,4.8469861674701114e-05,6.830095729301704e-05,0.7095473932065048,-1.9831095618315925e-05,4.120354260136339e-06,4.582850957274172e-06,0.8971234421640678,-4.62496697137833e-07,1.3728588153662048e-06,2.7364932968782675e-06,0.4998587897252945,-1.3636344815120627e-06,0.13079748607921168,Train4.csv,Normal
0,0.0,0.0,1,1,0.0767547758486966,0.06002279315579302,1.2787602679847303,0.016731982692903574,1.3895557862583816,1.5423674212947749,0.9009239679626067,-0.15281163503639328,0.9945533485058613,23.9813059279171,23.359858860701742,0.6214470672153567,0.008624820665826524,1.1228807229783708,0.0017116442542882276,1.027063219110596,0.0427824270290732,1.9612553276835876,0.04923179564336871,2.296903267385474,-0.014107821898293169,0.8147368709527649,0.0003328463260541259,1.0066923145120035,0.01883370092677189,1.2630628464646343,0.027874851614527706,1.5026352593884313,0.04923179564336871,-0.014107821898293169,2.296903267385474,0.8147368709527649,0.06333961754166187,8.475169624584039e-07,1.1462796366483347e-06,0.7329688559724794,-2.9876267418993075e-07,1.0802981628663688e-07,1.8845808982438605e-07,0.5443457426312607,-8.042827353774917e-08,8.601409341159646e-07,1.5084847954978305e-06,0.5664468532488467,-6.483438613818659e-07,2.539145643047017e-07,3.2754792906676155e-07,0.7522326236949938,-7.363336476205985e-08,1.8876965448319302e-07,2.4298818541349334e-07,0.7461599606901044,-5.4218530930300316e-08,2.862978017224668e-07,3.590630852709186e-07,0.7757421783658037,-7.276528354845185e-08,0.0,Train5.csv,Normal
369,5.474225198880214,19.70721071596877,0,0,0.3204044669406872,0.36516152830944765,0.877432131609567,-0.044757061368760453,1.43398023126482,1.5340653362612693,0.9347582453117981,-0.10008510499644929,0.8676691703012809,21.39103956285362,29.393465027882065,-8.002425465028445,-0.18586230735712841,0.5025553750400557,0.048503502814506605,1.2998130527988936,-0.017722706355662365,0.9492766690589587,0.08761156416588234,1.269843354406532,-0.17585050368467237,0.7140118430323055,0.09140975495134229,1.311859281803646,-0.06952287726003731,0.8007744676100518,-0.08851497500178487,0.7010990872162393,0.09140975495134229,-0.18586230735712841,1.311859281803646,0.5025553750400557,0.2772720623084707,0.00017205893554633783,0.000359523529599363,0.4785615843341991,-0.00018746459405302517,7.665783994222921e-05,0.00010278453033662081,0.7457385105141111,-2.61266903943916e-05,3.290099841547168e-05,5.1650553276052545e-05,0.6368688743936288,-1.8749554860580868e-05,9.124067459193192e-06,1.089832992952671e-05,0.8364311969054155,-1.774262470333518e-06,1.7356084464898816e-06,2.2040292686192678e-06,0.7839139577284165,-4.6842082212938616e-07,2.255766954892641e-06,8.816297925466761e-07,2.529936722335972,1.3741371623459647e-06,0.05605606546251928,Train6.csv,Normal
1223,18.143570239107053,65.31685286078539,0,0,0.5171481235646403,0.5295984106058541,0.9764910608551838,-0.012450287041213759,1.4277792646641354,1.5211415068244536,0.9386235592627687,-0.09336224216031819,1.0007120800953557,20.773767870562736,21.584469371749787,-0.8107015011870509,-0.018996558542312858,0.9349939855700214,0.013698783287530325,1.0520458631750305,-0.10075972100371722,0.7853768026687884,0.12314993059284357,1.3508287917142616,0.38106738044644106,1.7792019233883225,-0.46472054383835804,0.5124093797793379,0.1917065805463128,1.4769078975782677,-0.13204193176992862,0.8001088262674587,0.38106738044644106,-0.46472054383835804,1.7792019233883225,0.5124093797793379,0.8457879242847991,0.000425177411723301,0.0004549667070549257,0.9345036902558899,-2.978929533162467e-05,6.22121469415527e-05,6.461309073397726e-05,0.96269222401712,-2.4009437924245606e-06,9.563700950367034e-05,6.617918064273637e-05,1.444903964288091,2.9457828860933975e-05,0.00026230439856227714,0.0002987684818028638,0.8779226568777716,-3.6464083240586673e-05,1.2055068602804122e-05,1.1868027233498125e-05,1.01490494724635,1.8704136930599796e-07,2.182887399098668e-06,2.2362657357422075e-06,0.971785022744605,-5.33783366435396e-08,0.029490501420075158,Train7.csv,Normal
872,12.936380415781969,46.57096949681509,0,0,0.37950608001779373,0.38282402116117986,0.9913329601244673,-0.0033179411433861272,1.3261353583568336,1.483685652600483,0.8938115341982156,-0.1575502942436493,0.935004720141617,26.39903640182098,25.420071791611093,0.9789646102098857,-0.07213333008050166,0.724832215016808,0.009853279246399116,1.0375807986685797,0.1103132147866408,1.280967050986953,-0.10414885319530659,0.7860791328147095,-0.006398758496179213,0.9846728291627734,-0.16582568734604675,0.6418904115319924,0.11309763788301541,1.2825742453200493,0.04100457960537218,1.133115007097593,0.11309763788301541,-0.16582568734604675,1.2825742453200493,0.6418904115319924,0.27892332522906216,0.00030954068388443483,0.0003884140127936657,0.7969143865697758,-7.887332890923088e-05,0.0001152495672372417,9.875992633240046e-05,1.166848771855723,1.648964090484124e-05,4.593816721365583e-05,3.107807487027656e-05,1.4776780937817897,1.4860092343379271e-05,6.521541332162515e-05,6.159831670405952e-05,1.0585488585070846,3.6170966175656354e-06,4.237441717823211e-06,3.6383723100134254e-06,1.1614608811148492,5.990694078097855e-07,1.039784296803058e-06,1.2992719074595872e-06,0.7941698671443866,-2.5948761065652927e-07,0.13246853410112958,Train8.csv,Normal
367,5.444554601596311,19.60039656574672,0,0,0.28186933223118066,0.33180156715561276,0.8495117312205716,-0.049932234924432106,1.3672490427947679,1.4352641200221106,0.9526114491370345,-0.06801507722734268,0.7939335555112552,26.99148577085743,31.324973346888825,-4.333487576031395,-0.03187717801088108,0.9151996142549946,-0.14006943919545845,0.6642804944811284,0.023873898717569203,1.1410264964755092,0.03638843184637175,1.1393918062371624,-0.1441989317153034,0.6667836633783556,0.05881176491547435,1.2047400224081968,-0.05273515796884959,0.8107290389013012,-0.10186599090258353,0.7073206614136855,0.05881176491547435,-0.1441989317153034,1.2047400224081968,0.6642804944811284,0.20301069663077775,0.0001917997459366097,0.00028965640757625736,0.662140106412293,-9.785666163964767e-05,3.906774541639125e-05,5.9273412007057065e-05,0.6589996104094117,-2.0205666590665818e-05,1.8662776866823917e-05,3.905775718970629e-05,0.4777027966105321,-2.0394980322882372e-05,5.619566469040949e-06,6.359187364316078e-06,0.8823050960197929,-7.396208952751296e-07,1.0372893987021258e-06,1.0669021494514376e-06,0.9632160166367111,-2.9612750749311797e-08,7.422683513049433e-07,6.628385504716111e-07,1.103189391845439,7.942980083333222e-08,0.0557522385494433,Train9.csv,Normal
579,8.589637913690092,30.922696489284334,0,0,0.2464889945717241,0.23170744662261528,1.0637939674646884,0.014781547949108825,1.4315910023380949,1.5075660788947398,0.9496041419899903,-0.07597507655664493,1.1051769942763348,33.09415533186146,47.1037881009479,-14.009632769086444,0.08311176022641342,1.3516757861561617,-0.01477642081609426,0.9198057921969164,0.02444048344907504,1.1235937469822517,0.024142493534660803,1.1043138797470775,-0.05066940177462406,0.8082150273551126,-0.02655287434048953,0.9102698771221812,0.011322705153399004,1.0697089902468044,0.05217414752256755,1.2074031076165155,0.08311176022641342,-0.05066940177462406,1.3516757861561617,0.8082150273551126,0.13378116200103748,9.055850307201013e-05,5.948576492964317e-05,1.5220999877739239,3.1072738142366955e-05,1.0370626719844672e-05,8.141114692936164e-06,1.2722955215968141,2.229512026908508e-06,2.1805776164073983e-05,1.8287671275046287e-05,1.1917241181292793,3.518104889027696e-06,5.863200749766363e-05,6.251458130186529e-05,0.9377433047426816,-3.8825738042016575e-06,1.8435474425616427e-06,1.6494172762894502e-06,1.1109607383887903,1.9413016627219247e-07,4.5519809908272106e-07,4.982068684575059e-07,0.8956945042170024,-4.300876937478481e-08,0.013961570173526994,Train10.csv,Normal
0,0.0,0.0,1,1,0.07696051283775256,0.06084297058863125,1.2649037258397056,0.016117542249121306,1.4995054527767913,1.655530682129241,0.9057551514482769,-0.15602522935244978,0.9046153602933857,15.537912992648923,18.982508977019755,-3.4445959843708316,0.008025967758414104,1.110969427900887,0.0012344190418495798,1.0188535114668937,0.04135547676221313,1.9199921501386121,0.04734089366480762,2.0995426639685957,-0.01599779316309432,0.7898967669730652,0.0007910187502211327,1.0166784627627685,0.021386447178007126,1.314826070747514,0.023611646751726466,1.3956725001968655,0.04734089366480762,-0.01599779316309432,2.0995426639685957,0.7898967669730652,0.06333868682790195,8.192423846156649e-07,1.0637724013978031e-06,0.7629571998211175,-2.4453001678213824e-07,7.313595891749616e-08,1.6813958770500734e-07,0.410554216834759,-9.500362878751118e-08,7.895807941559229e-07,1.072270438487072e-06,0.7295596055082999,-2.82689644331149e-07,2.912249593065844e-07,3.131134153955264e-07,0.9013087833264148,-2.188845608894201e-08,2.1697372167161419e-07,2.5937441758426994e-07,0.8054726340289424,-4.2400695912655755e-08,3.05190983777046e-07,3.748139739317171e-07,0.7930870614152913,-6.962299015467108e-08,0.0,Train11.csv,Normal
974,14.449580877261054,52.018491158139796,0,0,0.4307331642843126,0.6418924379945764,0.6710363482699082,-0.21115927371026383,1.4239663681962773,1.6479036295200937,0.8641077876440446,-0.22393726132381642,0.9528236294545873,33.21359644953425,28.689817790374896,4.523778659159355,-1.079072813012397,0.3164909263038137,-0.05219752280825235,0.8737720032661823,0.17393523634041708,1.334687580911549,0.23320867600030348,1.5834663986172965,-0.012919894328870418,0.9548404901089419,0.014872889627932817,1.0635090740473034,0.017533216128144846,1.0825636402943202,0.03560832592624072,1.244502380949286,0.23320867600030348,-1.079072813012397,1.5834663986172965,0.3164909263038137,1.3122814890127006,0.00036333421647029556,0.0011011563987946779,0.3299539623330283,-0.0007378221823243823,6.573075556882808e-05,5.179742049730138e-05,1.2687517528932357,1.3933335071526701e-05,7.887403093968956e-05,6.000039705552294e-05,1.3143394279946785,1.887363388416662e-05,8.632730222376574e-05,9.829574356669847e-05,0.8781511546697616,-1.1968441342932731e-05,5.312238853211759e-06,8.103695712115767e-06,0.6547249295138422,-2.791456858904008e-06,1.1746204454853358e-06,4.6720703987468875e-06,0.2508762887887615,-3.497449953261552e-06,0.14796370666800485,Train12.csv,Side II
0,0.0,0.0,1,1,0.07668141052187473,0.05962551404673434,1.2860500892498994,0.017055896475140386,1.3164923778397315,1.5000011883671345,0.8776608840531819,-0.18350881052740298,0.9424141476137082,59.50895945968072,59.679062512546835,-0.17010305286611782,0.00919485189553336,1.1327518575348492,0.002784941158632974,1.045356884750833,0.04453697249417775,2.0302469159591436,0.048600537250657466,2.2712003860989602,-0.014225236699394447,0.8135248506175744,-0.0003241322934637095,0.9936157292947008,0.019736016541895565,1.2772832246559664,0.027326695443226426,1.4923551495061862,0.048600537250657466,-0.014225236699394447,2.2712003860989602,0.8135248506175744,0.06282577395005191,8.211343713564114e-07,1.4640367550582641e-06,0.5570650586144675,-6.429023837018528e-07,7.458491414339808e-08,1.2891826076251e-07,0.5368978400248327,-5.433334661911192e-08,7.864072429059951e-07,8.957194685124999e-07,0.8682680126083012,-1.0931222560650475e-07,1.7623942723545296e-07,2.2320390913373444e-07,0.7557310162171668,-4.696448189828148e-08,1.9235652280778265e-07,1.757629781620752e-07,1.0354943956591538,1.659354464570744e-08,3.0453313007111436e-07,3.56018484217982e-07,0.8320157128724404,-5.148535414686765e-08,0.0,Train13.csv,Normal
1100,16.31882850614698,58.74778262212912,0,0,0.4388539208069407,0.47830489345229765,0.9175191758215134,-0.03945097264535696,1.4059228041265646,1.4921993124391948,0.9421816395335176,-0.08627650831263023,0.8747123478283424,28.479177332214846,25.333840472283597,3.1453368599312483,0.03843436424483024,1.1596834893504748,-0.3208047732171394,0.6685032927780723,0.011909478017319453,1.023369093046291,0.06403321989697375,1.1134451145072333,0.024487812624007954,1.110199782687503,-0.10844460000377401,0.6753215946124277,0.1499111819158807,1.650823117134711,0.13943093671627216,1.6690490728469636,0.1499111819158807,-0.3208047732171394,1.6690490728469636,0.6685032927780723,0.4707159551330201,0.00037568208605927436,0.00046648130737746363,0.8053356624613145,-9.079922131818928e-05,5.826285569800225e-05,0.00011072039091226742,0.5261686084370855,-5.2457535214265176e-05,2.7218840958256634e-05,3.386136519250383e-05,0.8035944463283846,-6.642524234247194e-06,0.00016244377864239263,0.00010964799356784089,1.4813674166114972,5.279578507455174e-05,5.560533572215323e-06,6.243878900524083e-06,0.889133553857166,-6.833453283087596e-07,1.478698882260552e-06,1.4347768726668245e-06,1.0234790646469258,4.392200959372755e-08,0.024574235831074247,Train14.csv,Normal
1074,15.933110741456234,57.359198669242446,0,0,0.5179748665511779,0.4388624194844963,1.1802670535265685,0.07911244706668158,1.3465159042048955,1.4451681377509888,0.9317364946773712,-0.09865223354609332,1.2229450521267016,39.832382632043476,40.30954619342127,-0.47716356137779314,-0.2101428981504252,0.5488938187899739,-0.011820411969091893,0.9690473951600065,0.17185608495093607,1.401691591225358,-0.10570767588094854,0.8388675440096565,0.1810626133852707,1.406382481672037,-0.015643943179600883,0.9500866384677749,0.38743881332230884,1.7897196530052915,0.0065487040508094285,1.039776024534621,0.38743881332230884,-0.2101428981504252,1.7897196530052915,0.5488938187899739,0.597581711472734,0.0004075819662739307,0.00045404539299875207,0.8976481120114146,-4.646342672482139e-05,0.0001597899090004651,8.571086126622884e-05,1.8640726030994392,7.407904773423625e-05,9.422224791355457e-05,6.804483856740145e-05,1.3845047596466922,2.617740934615313e-05,0.00014529407801574533,0.00011975421581455808,1.2131676981104063,2.553986220118725e-05,7.472227456755568e-06,8.320171370285252e-06,0.8970076514163832,-8.479439135296839e-07,1.5278670860888136e-06,1.3806437986816386e-06,1.0986760862395286,1.4722328740717501e-07,0.14832277497607876,Train15.csv,Normal
156,2.314306588144481,8.331503717320132,1,0,0.24995669999504785,0.24687577682083175,1.0124796085265828,0.003080923174216099,1.373230148661979,1.4458770076429188,0.9497558450030769,-0.07264685898093992,0.8945025119146639,75.86920392423126,64.27509014185883,11.594113782372432,0.06582089970477985,1.5683036054518142,0.05088116882556004,1.200672133977956,-0.055584657953523464,0.8210052907431342,0.09147106701266577,1.3882403429494439,-0.069913373104948,0.7757719612702038,0.05229953912428528,1.215592902765743,-0.02698359523805205,0.8761573558563891,-0.09087138460208921,0.6103773608574535,0.09147106701266577,-0.09087138460208921,1.5683036054518142,0.6103773608574535,0.18234245161475499,7.619970229510511e-05,9.336831351769518e-05,0.8160321109318951,-1.7168611222590074e-05,5.735463495510556e-05,5.5017763066117134e-05,1.0422854166576356,2.3368718889884223e-06,1.5762386433219234e-05,1.7736598335256376e-05,0.8881919867372443,-1.9742119020371414e-06,2.1776333586789653e-06,2.416391923053852e-06,0.897477995202935,-2.387585643748868e-07,4.0483058372435606e-07,4.555392485219194e-07,0.8695949589850641,-5.0708664797563344e-08,3.388863904273137e-07,4.3769141327995174e-07,0.7569642400431751,-9.880502285263805e-08,0.0,Train16.csv,Normal
951,14.108369008496162,50.790128430586186,0,0,0.5306821652077612,0.5650608093996489,0.9391593736256331,-0.03437864419188763,1.6274733709074134,1.839493112449432,0.884740122724842,-0.21201974154201864,0.9321801021397276,14.173385564793206,14.612931727477175,-0.4395461626839694,-0.254098230727578,0.46242711581534107,-0.09584189571339435,0.7433123238548024,0.07383742961410111,1.1447263185072003,0.022588074824249238,1.0466918727145926,0.02746058453900624,1.0401238550391056,-0.08738894670899222,0.8723919289889693,-0.047989881558430536,0.9155833263637626,-0.03140264544911442,0.9524765542860271,0.07383742961410111,-0.254098230727578,1.1447263185072003,0.46242711581534107,0.3279356603416791,0.000475636297620279,0.0007550487471009914,0.6299328356190291,-0.00027941244948071246,0.000123388027502314,0.00010881102818542358,1.133861989358061,1.4576999316890418e-05,0.0001139889371922663,0.00010112036777982334,1.127148449024116,1.2868569412442964e-05,8.747528017588083e-05,8.028507788634526e-05,1.0894226953699313,7.190202289535563e-06,7.935239461428574e-06,8.395327023706444e-06,0.9440726623780333,-4.6008756227787046e-07,6.821294533387439e-06,3.275996430854578e-06,2.0758679070182215,3.5452981025328607e-06,0.144469697167631,Train17.csv,Normal
1028,15.250687003926451,54.90247321413523,0,0,0.37157394936754146,0.3820889676068459,0.9724801581423163,-0.010515018239304452,1.5337297162442227,1.5848379298935098,0.9677517666868064,-0.05110821364928708,1.0093628652135371,18.09936116656951,15.914684792921603,2.184676373647905,0.06907617129827112,1.3750505410472562,-0.02061465618112826,0.9056863692106396,-0.014462346015014838,0.9625365628677325,-0.18707315161110488,0.6828081398637369,0.22445603134914954,1.554069240767337,-0.21358169302119068,0.6081897939846176,0.0736778978219357,1.3157203620135935,0.045520291266319624,1.1677286441040173,0.22445603134914954,-0.21358169302119068,1.554069240767337,0.6081897939846176,0.4380377243703402,0.00021313312759534798,0.00020700806548951177,1.0295387848948188,6.125062105836207e-06,7.433628067371952e-05,9.456238784076948e-05,0.7860252064152037,-2.0226107167049953e-05,3.2436851164493765e-05,3.163663997257089e-05,1.024969829106906,8.002111919228763e-07,0.0001027334961366576,0.00010839257399003179,0.9477034756213862,-5.659077853374187e-06,5.94248027066592e-06,5.531292674414921e-06,1.0723996402686595,4.111875962509986e-07,1.2967862515178508e-06,1.2645638385515896e-06,1.017435307902282,3.222241296626117e-08,0.02739772537537792,Train18.csv,Normal
33,0.4895648551844094,1.7624334786638738,1,0,0.07623365537769383,0.05897725485464658,1.2925939438795064,0.01725640052304725,1.3350375935870975,1.4217898622047254,0.9389837553962149,-0.08675226861762786,0.8776896681674881,21.199434542392716,18.79750953571005,2.401925006682667,0.007570705541651665,1.1027507624820998,-0.0005122018384724758,0.9923205963161231,0.04932620933325047,2.4046062896245286,0.04207237080837143,1.9121278252535854,-0.010846780812202389,0.8450301538396358,0.0016586481533545985,1.0379789799784138,0.02232731223528865,1.3214547906092475,0.026997983848237782,1.4964356185757548,0.04932620933325047,-0.010846780812202389,2.4046062896245286,0.8450301538396358,0.06017299014545286,6.650791495984296e-07,1.168297895745901e-06,0.5644405816216899,-5.032187461474714e-07,6.215907947926834e-08,1.3432414865806486e-07,0.43069077529455346,-7.216506917879652e-08,5.302666453040324e-07,6.252135084136978e-07,0.8347849003215525,-9.494686310966545e-08,4.4733742549265274e-07,5.000368448558676e-07,0.8770688431716472,-5.2699419363214873e-08,2.1872838959290293e-07,2.283550696888463e-07,0.9176578030349241,-9.626680095943384e-09,2.518037017451578e-07,3.117525597577624e-07,0.7826004614686922,-5.994885801260458e-08,0.0,Train19.csv,Normal
642,9.524261728133057,34.287342221279005,0,0,0.4197590761873707,0.3731519328972904,1.1249012210098792,0.04660714329008031,1.4406269447586086,1.5497745385990298,0.9295719471331564,-0.10914759384042116,1.1721027021893173,17.717483860632576,18.11570326900678,-0.398219408374203,0.005206328341579108,1.0359114430065395,-0.0016139284450488178,0.9917645949328907,-0.0021168825391691404,0.9917406484522983,0.010583955284763441,1.0433916043966167,0.13437466827306666,1.5234407871655236,-0.49387487431976873,0.3948765000227517,0.5041004188426927,2.2703805053255985,0.18947566182003908,1.9490728764765204,0.5041004188426927,-0.49387487431976873,2.2703805053255985,0.3948765000227517,0.9979752931624615,0.0005093857093633184,0.00029782662457929356,1.7102856644405187,0.00021155908478402485,2.0067939964881242e-05,2.0890376874206977e-05,0.9601712010105884,-8.224369093257349e-07,5.076356633021551e-05,6.174522930216338e-05,0.8220124336650659,-1.098166297194787e-05,4.067682864694041e-05,4.7270813700381224e-05,0.8603242089848473,-6.593985053440817e-06,2.7144615004968726e-06,2.87897204700333e-06,0.9395942419423984,-1.645105465064573e-07,1.0568508336586467e-06,9.420134487196157e-07,1.1101217478387824,1.1483738493903102e-07,0.02566537890349185,Train20.csv,Normal
1087,16.125969623801605,58.053490645685784,0,0,0.3410357625003497,0.3593132442818997,0.949132152616863,-0.018277481781549976,1.3375948669533737,1.4944946679914028,0.8950148077817834,-0.15689980103802914,0.9549953930669163,26.972995967453972,30.2181848673092,-3.245188899855229,-0.1727400457491124,0.613080116416655,-0.029030890147500488,0.9047786462363011,-0.01975946964134373,0.9528035360353637,0.013009852765253238,1.0270364204323164,0.03874796132047015,1.1390409577867262,0.021910500909053943,1.0768957105179948,-0.01356685780515876,0.9567509362556756,0.025212823029854114,1.091159672443311,0.03874796132047015,-0.1727400457491124,1.1390409577867262,0.613080116416655,0.21148800706958254,0.00014243396731571835,0.00021662865325860185,0.6574725478268864,-7.41946859428835e-05,4.2638420090928394e-05,2.7674724993986123e-05,1.5401424467893619,1.496369509694227e-05,2.6305365219889965e-05,2.4773976263381854e-05,1.0613859915108115,1.531388956508111e-06,0.0002571315216769477,0.00015210042347755064,1.6904267031699947,0.00010503109819939705,4.0971171494446105e-06,4.179842732129984e-06,0.9778689586665621,-8.272558268537323e-08,9.703791308242138e-07,1.190174175654988e-06,0.8085319202061944,-2.1979504483077417e-07,0.02897016292124105,Train21.csv,Normal
338,5.0143309409797086,18.05159138752695,0,0,0.2571108012665513,0.2192832405787032,1.1725054266024362,0.037827560687848094,1.4536362738451882,1.6070814103825197,0.9045193699639635,-0.1534451365373315,1.2260869511469676,25.15177345921041,25.336648918164975,-0.18487545895456492,0.18001201931831945,2.0258699766467934,0.07810231427634672,1.6826990253986525,0.051037144315087185,1.3109136909572507,-0.06592713726686622,0.7855317242427214,0.04237675422517839,1.1476278955319417,0.057588956836795824,1.4281045731956652,0.007906094833696642,1.026966955682392,-0.0241833396772958,0.8667060586849205,0.18001201931831945,-0.06592713726686622,2.0258699766467934,0.7855317242427214,0.24593915658518567,0.00014057308307416323,8.943869184865885e-05,1.5715499038488276,5.1134391225504374e-05,4.794370491001128e-05,3.798263541338353e-05,1.261921011489567,9.961069496627754e-06,2.3565489259190333e-05,2.449062017988211e-05,0.9618323571474476,-9.251309206917771e-07,4.583108763710337e-06,4.149429171383182e-06,1.101860032920398,4.336795923271549e-07,7.620237394247441e-07,7.242671255502221e-07,1.0378017929833405,3.775661387452206e-08,5.197425951520508e-07,5.335705920338298e-07,0.9561639330181129,-1.3827996881778975e-08,0.05134674830984151,Train22.csv,Normal
0,0.0,0.0,1,1,0.07652688438788206,0.05908108150885303,1.295285554709409,0.017445802879029033,1.438726203127268,1.4996321037323377,0.9593860987322519,-0.06090590060506962,0.9239631057360156,18.09376530749912,18.597160914799062,-0.503395607299943,0.005842266765576129,1.0803287253214602,-0.0004065040017483118,0.9939202646498247,0.04660229309308713,2.1363096816144664,0.040111279143725816,1.7673533230141463,-0.013632886897728277,0.800425867897273,0.007335301192654159,1.1791204033226579,0.022560860671419034,1.3349426268565394,0.02793823445110706,1.521539953301639,0.04660229309308713,-0.013632886897728277,2.1363096816144664,0.800425867897273,0.06023517999081541,9.995730908845217e-07,9.349986297699177e-07,1.0577508362397217,6.457446111460397e-08,9.875308819316884e-08,1.5445494359878656e-07,0.6004871974787962,-5.570185540561772e-08,7.314056370877452e-07,1.0036093958122475e-06,0.7215852971663107,-2.722037587245023e-07,2.3037482758350917e-07,2.2322670864324393e-07,0.9877720648877434,7.1481189402652385e-09,2.0365521348214382e-07,1.8135665651029312e-07,1.0642703378922653,2.22985569718507e-08,2.5134478273621966e-07,3.1262808258167594e-07,0.779054261876257,-6.128329984545628e-08,0.0,Train23.csv,Normal
367,5.444554601596311,19.60039656574672,0,0,0.1716327979139785,0.17058344149090132,1.0061515136075974,0.0010493564230771857,1.298137003901835,1.4867904441583772,0.8731136255758833,-0.1886534402565423,0.8579846722181634,41.271905859629825,38.27833633091707,2.9935695287127544,0.011405708279037224,1.1313890187954694,-0.022793264770123195,0.9100919708409506,0.03341440700315636,1.2884023130758706,0.020385301972845327,1.1411801075719246,-0.038930265877897,0.8362854383174976,0.027244248982664837,1.1268613457560335,0.014542583737252174,1.1447987817422451,-0.008514186363163076,0.9279319814069243,0.03341440700315636,-0.038930265877897,1.2884023130758706,0.8362854383174976,0.07234467288105335,4.7977114961058276e-05,3.9665435292556e-05,1.2092397879768153,8.311679668502274e-06,3.225226724377736e-06,4.3558211338707e-06,0.7387445856074908,-1.130594409492964e-06,1.0395598136395444e-05,9.891792157266587e-06,1.0498703639993565,5.038059791288574e-07,5.819511294131549e-05,3.710448885571177e-05,1.5679890720725764,2.1090624085603714e-05,7.99327150176816e-07,7.345031188278942e-07,1.0736384173047304,6.482403134892181e-08,3.3822729643418296e-07,3.9778167368683216e-07,0.8294323120904509,-5.95543772526492e-08,0.010721584425107154,Train24.csv,Normal
0,0.0,0.0,1,1,0.07681711492883223,0.060041956419188254,1.2793903915892229,0.01677515850964397,1.4827830759788034,1.5920686141735394,0.9313562578048624,-0.10928553819473596,0.9572836526893576,26.129016439627822,26.138467835000682,-0.009451395372860105,0.007436210813037275,1.1006919303737615,0.0003010841644901924,1.0044187488454543,0.04707888499058236,2.2091782280290446,0.044256917891938655,1.9218892672509438,-0.015768708193054988,0.7890294202570582,0.0019806871876133433,1.0447642671377322,0.023494100879500365,1.3601916795334303,0.024840667139303108,1.4444057000370178,0.04707888499058236,-0.015768708193054988,2.2091782280290446,0.7890294202570582,0.06284759318363735,9.68109696636178e-07,1.3401703136391284e-06,0.7170278348268684,-3.720606170029504e-07,7.396159868189733e-08,1.1238851277719413e-07,0.6043181423124485,-3.84269140952968e-08,6.704818435861607e-07,9.612615099901123e-07,0.6903206157041953,-2.9077966640395157e-07,3.8324640014696483e-07,4.1903059463396234e-07,0.8932845464644324,-3.5784194486997504e-08,2.116547671997275e-07,2.4170362607631976e-07,0.8408888282584815,-3.004885887659225e-08,2.922040626062393e-07,3.5668123296058e-07,0.796888513347103,-6.447717035434068e-08,0.0,Train25.csv,Normal
873,12.95121571442392,46.62437657192611,0,0,0.9185332703166984,1.0245839415392066,0.8964939075385762,-0.10605067122250822,1.5451612674376787,1.6836344546400344,0.9177534078147055,-0.13847318720235569,0.9025345719705761,16.814489991163736,16.48178272962295,0.33270726154078645,0.0982179220393552,1.1445570917321786,0.013901971735389207,1.0219297562865621,-0.2701934678785287,0.7410929847993046,0.5529919381514513,1.5910082471162423,-0.7586546040812847,0.5134342917275835,0.6858042042364547,2.1411547160493583,-0.44156130237845914,0.5452636561056452,-0.7767507968113947,0.4265794373571481,0.6858042042364547,-0.7767507968113947,2.1411547160493583,0.4265794373571481,1.4625550010478494,0.001434539442818625,0.0017606509854762513,0.8147732326962355,-0.0003261115426576263,0.0007852235318425791,0.0007752684436418701,1.012827763085985,9.955088200709074e-06,0.0003769557400867114,0.00036673634173102265,1.027837764672719,1.0219398355688772e-05,0.00019652791092856673,0.00017606180269541584,1.116180489550264,2.0466108233150893e-05,1.4626765418658744e-05,1.5086870425611741e-05,0.9688607642710196,-4.6010500695299656e-07,3.947834431735526e-06,4.778031152990141e-06,0.8245214589445791,-8.301967212546151e-07,0.13262044755766755,Train26.csv,Side II
0,0.0,0.0,1,1,0.07720002429431665,0.06010721533559336,1.28437178497743,0.01709280895872329,1.4773915717377477,1.573599570100667,0.9388611883356218,-0.09620799836291938,0.9282700165252726,18.537500130333115,18.494496263622327,0.043003866710787264,0.005338711448490019,1.0760393106871429,0.005108279787149776,1.082351177314441,0.04240649409283764,1.921297317310872,0.042968736481706606,1.8876332161225207,-0.014926103955995425,0.8025281456436291,0.005914543650201498,1.126738437216242,0.020474223319193782,1.2930033830970353,0.028004735191611313,1.5209387250294173,0.042968736481706606,-0.014926103955995425,1.921297317310872,0.8025281456436291,0.05789484043770203,9.44781710945639e-07,1.204202632508388e-06,0.7781087650863022,-2.59420921562749e-07,1.0254749218255021e-07,1.1786622010105006e-07,0.8019904874133998,-1.5318727918499852e-08,6.980520698913695e-07,7.195143992910592e-07,0.956872229759598,-2.1462329399689714e-08,3.740778997630948e-07,4.043619583674309e-07,0.902780509188021,-3.028405860433607e-08,2.374500809761107e-07,2.3154473430294264e-07,0.9830480538578147,5.905346673168063e-09,3.089695514857928e-07,3.617469058000716e-07,0.8311287778463958,-5.277735431427883e-08,0.0,Train27.csv,Normal
954,14.152874904422017,50.95034965591926,0,0,0.5765056734264454,0.6706905396857578,0.8595702946710054,-0.09418486625931233,1.4119456796157481,1.658215915868737,0.8514848142445814,-0.24627023625298894,0.758149039939502,22.985226610753507,17.558100589457403,5.427126021296104,-0.1885652587962458,0.6978876645647479,-0.2221303862717918,0.5230809620302883,0.004125003414548467,1.0074342136092902,-0.15276485450630062,0.8236211090325,-0.10230410359961595,0.8152705011458968,0.03081842284515035,1.0622988603677006,0.07190383695918201,1.1116838820566113,-0.21182774921686864,0.7847163918644549,0.07190383695918201,-0.2221303862717918,1.1116838820566113,0.5230809620302883,0.29403422323097383,0.0005952509161483555,0.0010888540077233389,0.5466714960970573,-0.0004936030915749834,0.0001628091163009225,0.0002670915803429643,0.609540071203892,-0.00010428246404204177,0.0001354200860594434,0.00013407400555939559,1.0099645031819695,1.3460805000478139e-06,0.00010850256755634801,0.00011316101919418996,0.9587487002318911,-4.6584516378419475e-06,9.742029329030001e-06,1.0694993303212895e-05,0.9100453454843471,-9.529639741828939e-07,8.35861721089294e-06,3.5446748931257272e-06,2.3514435109262464,4.813942317767213e-06,0.144925437537245,Train28.csv,Normal
379,5.622578185299733,20.241281467079038,0,0,0.2860205156558879,0.29672782239382567,0.9639153609165765,-0.010707306737937794,1.3230154640316976,1.4264139275686871,0.9275115933645239,-0.10339846353698956,0.9699728226321663,32.41811412152981,34.14271003940543,-1.724595917875618,0.01628111471467497,1.0474494995116046,-0.04941137494726919,0.7865920001012705,0.04173018147989779,1.173955443141723,0.06331433136236608,1.2634660348297593,-0.06616301354207002,0.7790725518873772,0.10823825284668243,1.423052662751502,-0.08622773431366731,0.7878161224603087,-0.135738985230105,0.5651652633257268,0.10823825284668243,-0.135738985230105,1.423052662751502,0.5651652633257268,0.24397723807678742,0.00023665786456574764,0.0001985919602785091,1.191618976136343,3.806590428723854e-05,4.936774281606769e-05,4.857594575214852e-05,1.0160910125719762,7.917970639191729e-07,1.8883887094256507e-05,2.6176024042814206e-05,0.7211437316097056,-7.292136948557699e-06,6.452908759434312e-06,6.8382684843643816e-06,0.9422686587372071,-3.8535972493006987e-07,1.1579592216135517e-06,1.2699782766881864e-06,0.9046709953622443,-1.1201905507463475e-07,6.343110480474902e-07,6.371752357540989e-07,0.9801225587817508,-2.8641877066086572e-09,0.027416762065105533,Train29.csv,Normal
928,13.767157139731273,49.561765703032584,0,0,0.38137381606791876,0.6190454337652751,0.6160675599972999,-0.23767161769735634,1.452908249970082,1.550229754473252,0.9372212321466822,-0.0973215045031699,0.9466876074270676,21.667239873433537,20.529372418512402,1.1378674549211354,-1.041230853595046,0.3463735444857739,0.21626118118496285,1.672610885730978,0.0463975270367088,1.1183888401367477,0.08636078008481646,1.2600039864785715,-0.022869928392604044,0.9077049561256653,0.027118600906263085,1.12619557748158,0.07545690519541454,1.555147160813423,0.034557643034946156,1.1854605407016914,0.21626118118496285,-1.041230853595046,1.672610885730978,0.3463735444857739,1.257492034780009,0.0002786571568416485,0.0008300922596286581,0.3356901557722591,-0.0005514351027870097,5.3672706627390225e-05,5.0349938016489286e-05,1.0657818246284625,3.322768610900938e-06,5.292157749176177e-05,3.8474396960281484e-05,1.3751437380292184,1.4447180531480287e-05,7.132821671873797e-05,5.345267516912796e-05,1.3341684921881065,1.7875541549610014e-05,5.801173511949495e-06,5.366334034096322e-06,1.0790202906216153,4.3483947785317267e-07,1.163080375624373e-06,3.0982727558247124e-06,0.37418864655453155,-1.9351923802003394e-06,0.14097568766725718,Train30.csv,Side II
671,9.954485388749658,35.83614739949877,0,0,0.47072716113409163,0.49280746144432475,0.9551948548070509,-0.022080300310233114,1.3746766685923373,1.5147325077680975,0.9075375701433231,-0.14005583917576025,0.9187520032014331,24.144994004646453,19.46130524007439,4.683688764572061,0.029961751170868856,1.1004411248609272,-0.1026143882785463,0.7144091586450155,-0.012379954142264948,0.9715052571224893,0.23187700743775663,1.5435130230298852,-0.34565858045690306,0.515862562289766,0.045742188721745625,1.1064799598532244,0.02578069547734907,1.0440357887167517,-0.06095632468400747,0.8917306652045346,0.23187700743775663,-0.34565858045690306,1.5435130230298852,0.515862562289766,0.5775355878946598,0.0005375129390090892,0.0005327100563770718,1.0089970005346014,4.802882632017427e-06,5.645676109551824e-05,6.563524135566402e-05,0.8600282355523251,-9.178480260145772e-06,5.219192320663823e-05,5.104914508606632e-05,1.0221856068812447,1.1427781205719062e-06,3.326194461017658e-05,2.6097374215158807e-05,1.2740440434972427,7.164570395017776e-06,6.129817602517261e-06,8.090214507567266e-06,0.7567475647454461,-1.9603969050500046e-06,2.4070400881985608e-06,4.724919483874178e-06,0.5083592437836106,-2.317879395675617e-06,0.10193392933699306,Train31.csv,Normal
143,2.1214477057991075,7.637211740876787,1,0,0.2549034280222677,0.229105296596396,1.1126037707686929,0.025798131425871673,1.3815643341859158,1.5560327287335716,0.8878761351193339,-0.17446839454765573,1.1027953045741394,17.536321203457696,30.270146725363478,-12.733825521905782,0.10800452829993443,1.797518854211207,0.1320559802759132,1.615351024275486,-0.04305391369059536,0.8630637200963764,0.06649167659853056,1.3081147344069968,-0.05818071963360183,0.7714051774496811,0.029001663561507518,1.1076033080049905,-0.025223952029740454,0.8877655082524107,-0.00895308884887766,0.9398648116473447,0.1320559802759132,-0.05818071963360183,1.797518854211207,0.7714051774496811,0.19023669990951503,0.0001319461528094876,0.00010230236679169154,1.289640313747512,2.964378601779607e-05,5.110602931215823e-05,3.992713409648371e-05,1.2796619103587077,1.117889521567452e-05,1.793631517416229e-05,1.333602238344778e-05,1.3439446345008053,4.600292790714511e-06,1.8590609109954147e-06,1.8986714943862301e-06,0.9740077936215165,-3.961058339081546e-08,3.8244071388704823e-07,4.119524657694749e-07,0.9063597085269479,-2.9511751882426646e-08,3.756444631859934e-07,4.0761746005732745e-07,0.899494152218702,-3.197299687133406e-08,0.0,Train32.csv,Normal
1136,16.852899257257246,60.670437326126084,0,0,0.3407992920773875,0.3857123864408161,0.8835580479708017,-0.04491309436342861,1.502549749911833,1.6527699947688717,0.9091100065807124,-0.15022024485703867,0.8622682371052439,17.320391120737636,19.91641485832979,-2.596023737592155,-0.007845149860535333,0.9685363530422801,-0.21301080456508142,0.6258762258839566,-0.035542360477008816,0.926459585544737,0.003009538688124924,1.0058185868560423,0.0397866373631523,1.1458685248731606,-0.10410496810055109,0.6921262163773061,0.016138318191047468,1.0715268478893973,-0.002593207627648031,0.9896767720820547,0.0397866373631523,-0.21301080456508142,1.1458685248731606,0.6258762258839566,0.2527974419282337,0.00019230900062591449,0.00022136067392709963,0.8687194072022587,-2.905167330118514e-05,2.178603119240815e-05,2.837080452458952e-05,0.7676326149786357,-6.5847733321813695e-06,2.271685697561798e-05,2.7598626060760172e-05,0.8228173660515903,-4.881769085142193e-06,0.00013162370432368432,0.00016740934964714035,0.7861917072375425,-3.578564532345603e-05,4.209102387948391e-06,5.5301792704466654e-06,0.7597411893151683,-1.3210768824982745e-06,1.0286001112154929e-06,1.2776907930781405e-06,0.7987943353673375,-2.4909068186264763e-07,0.02876228134996474,Train33.csv,Normal
372,5.51873109480607,19.867431941301852,0,0,0.29653837858068394,0.29767106011859684,0.9961948215610552,-0.0011326815379129052,1.5174392283147098,1.643887572964453,0.9230796826010957,-0.1264483446497433,1.0706718867991554,18.186449825599702,21.11485159498729,-2.9284017693875874,0.07366731247049499,1.4585153210277386,-0.03659651995249502,0.781130714479928,0.007374454850778367,1.030254452031402,0.0003400485689264987,1.0010396446874201,-0.13154400067729927,0.6715433410971349,0.13397153521447325,1.4009299720874937,0.027450263775979866,1.0860624979766902,-0.11588774793250281,0.6581464047172455,0.13397153521447325,-0.13154400067729927,1.4585153210277386,0.6581464047172455,0.2655155358917725,0.00018697037273766387,0.00016041947012929188,1.1654365783729286,2.655090260837199e-05,4.8561567185535495e-05,4.933548040240416e-05,0.9841137788004903,-7.739132168686628e-07,2.4910281714955624e-05,4.8736959172387155e-05,0.5110120126029547,-2.382667745743153e-05,6.410400488352152e-06,7.387642989517927e-06,0.8665463442119813,-9.77242501165775e-07,1.1332099534411475e-06,1.0512919682578602e-06,1.067764561811716,8.191798518328727e-08,6.567686236205512e-07,6.641441790105957e-07,0.9742257577369492,-7.3755553900445636e-09,0.05651180583213327,Train34.csv,Normal
371,5.503895796164118,19.814024866190824,0,0,0.29428970718060005,0.3354565114334958,0.877281222386201,-0.04116680425289576,1.3330786570912094,1.4407707361798614,0.9252538341896568,-0.10769207908865197,0.8631444910723342,36.74762065184952,32.829432377529194,3.918188274320329,-0.10065212394866568,0.7503326501403448,0.04431268687445383,1.215272570107875,-0.02188799698640964,0.9228690264472658,0.1537238863636653,1.6578477601959989,-0.19844746741324654,0.5991740259281276,-0.016480663553101738,0.9526470841085477,-0.031178179869708056,0.8960171277104221,-0.09898913801644069,0.693137452430498,0.1537238863636653,-0.19844746741324654,1.6578477601959989,0.5991740259281276,0.35217135377691183,0.00015798299378500755,0.0002318150647993294,0.6814750334341956,-7.383207101432186e-05,5.061296180105521e-05,6.575316689086795e-05,0.7696247640422479,-1.5140205089812741e-05,1.930945136721043e-05,4.638953269230001e-05,0.41615616034889136,-2.708008132508958e-05,6.001755881995984e-06,7.335869601139668e-06,0.8170245604502492,-1.3341137191436839e-06,1.0120577053303426e-06,1.132316605621443e-06,0.8859695292442704,-1.2025890029110037e-07,6.941255190197281e-07,7.010827735640538e-07,0.9761529104982626,-6.957254544325655e-09,0.05635989237559527,Train35.csv,Normal
212,3.145083312093782,11.322299923537615,1,0,0.2463232400883465,0.2254920316081124,1.0923810806433563,0.020831208480234092,1.3847936703407069,1.4797619310929266,0.9358219264092724,-0.09496826075221976,1.0239035028857422,35.25747291623742,20.225398221100836,15.032074695136583,0.1658817613186507,1.9748771574908761,0.07701196528282331,1.4075369260502795,-0.05466767607596795,0.7973045887520208,0.08605923241729757,1.477520930512086,-0.09553725641726207,0.7150138272231268,0.051126236874951325,1.2516851896216987,-0.05418654471400247,0.7838481523437051,0.011673146254353506,1.081727417073494,0.1658817613186507,-0.09553725641726207,1.9748771574908761,0.7150138272231268,0.2614190177359128,0.00010770246355130249,7.725126848875042e-05,1.394003304087409,3.0451195062552072e-05,5.7613081668804923e-05,5.234362925727328e-05,1.1004601301981556,5.269452411531645e-06,1.9372671502769707e-05,1.864718702612537e-05,1.0383490006099232,7.254844766443364e-07,2.8970586086273375e-06,3.2761067394068984e-06,0.8816081881595303,-3.7904813077956083e-07,3.838085959277312e-07,4.048256405977138e-07,0.925228718684576,-2.101704466998261e-08,3.4226704501331905e-07,3.655830096462356e-07,0.9112953361114574,-2.3315964632916568e-08,0.0,Train36.csv,Normal
751,11.141309280105803,40.10871340838089,0,0,0.3871067357382315,0.28507614153608185,1.3579064178198565,0.10203059420214966,1.4066048588319904,1.5193715695004473,0.9257806831522192,-0.1127667106684569,1.3524200105901758,38.63964873625149,37.174993035163766,1.4646557010877217,-0.0024379564930181175,0.9838684378972415,0.09560337547837053,1.5102931626519998,0.008477114569030608,1.0326825329800284,0.04290156637188469,1.1889828705015186,0.22028857546676106,1.5437388710457438,-0.05036834907385601,0.8768603413798426,0.32091520158968606,2.212840192018126,0.030813883983474344,1.1148855912832907,0.32091520158968606,-0.05036834907385601,2.212840192018126,0.8768603413798426,0.3712835506635421,0.00037885433071822817,0.0001381003776868393,2.7431271788805605,0.00024075395303138888,5.739422507561087e-05,3.6017904466389775e-05,1.5930492190894314,2.1376320609221097e-05,8.276857932484125e-05,4.189723540679067e-05,1.9750426989853258,4.087134391805058e-05,7.832913156678338e-05,7.454996650712337e-05,1.0505521291952287,3.7791650596600104e-06,2.341327688532362e-06,2.365961841121759e-06,0.9854231023453451,-2.463415258939724e-08,9.77232075385212e-07,1.3476559116493173e-06,0.7197936288569937,-3.7042383626410524e-07,0.023283062610176503,Train37.csv,Normal
0,0.0,0.0,1,1,0.07662499283441289,0.05832352713701849,1.313791937111069,0.018301465697394402,1.281957707106016,1.3666333282835588,0.9380407101118342,-0.08467562117754279,1.0282554951411538,24.795957637388042,31.445053839591598,-6.649096202203555,0.008925976169690902,1.1320913913908977,0.002750286770952688,1.0458386652750788,0.046760570781143145,2.192648038545927,0.040754628682958975,1.8353974705576277,-0.012180271451730805,0.8306971235459645,0.00787606601499162,1.1703101540680858,0.022366163913179304,1.317829087007424,0.02817781764880744,1.5266136658100427,0.046760570781143145,-0.012180271451730805,2.192648038545927,0.8306971235459645,0.05894084223287395,1.0217038126468451e-06,1.0539277829372563e-06,0.9603131237217618,-3.2223970290411183e-08,9.957091818299209e-08,1.2918114417955255e-07,0.715405227985044,-2.961022599656046e-08,7.852927557625908e-07,8.985950922022579e-07,0.8642934157383503,-1.1330233643966711e-07,3.0952370926885545e-07,3.465439023328961e-07,0.8681222908136034,-3.7020193064040676e-08,1.7490226400174117e-07,1.9629041622137425e-07,0.847844835477234,-2.1388152219633077e-08,2.3227826147457637e-07,2.994644060465306e-07,0.750581510946533,-6.718614457195423e-08,0.0,Train38.csv,Normal
427,6.334672520113419,22.80482107240831,0,0,0.1409531364389112,0.13706278260639365,1.0283836609377246,0.00389035383251754,1.4340932202381627,1.540489784695733,0.9309332818536554,-0.1063965644575704,1.0064543776318426,18.59685947585097,20.098095501624208,-1.5012360257732382,-0.030627939270364973,0.8352774398982256,0.007513977952782316,1.060288010639026,0.023553452903851524,1.185254074410767,0.026792370591677328,1.187272629641889,-0.020518422844004597,0.8764969260338846,0.016130854843104253,1.1308223225882184,0.00418441292983332,1.0322538412110964,0.022384596973946125,1.3577686733986563,0.026792370591677328,-0.030627939270364973,1.3577686733986563,0.8352774398982256,0.0574203098620423,1.5402833185939732e-05,2.3232512177517558e-05,0.662700876234836,-7.829678991577826e-06,3.672847881467517e-06,1.2256752283921691e-05,0.2994148570426095,-8.583904402454175e-06,4.696741944432095e-06,4.610850433948297e-06,1.016423710649936,8.589151048379833e-08,6.473425907871099e-05,5.40777736949603e-05,1.1968371899312005,1.065648538375069e-05,4.913433835120121e-07,4.6221501162469773e-07,1.040507759000506,2.912837188731441e-08,2.9556256687928026e-07,3.5260959056035716e-07,0.8150985924628577,-5.7047023681076904e-08,0.00810838081536645,Train39.csv,Normal
723,10.725920918131152,38.613315305272145,0,0,0.4049851431989638,0.28679198121135546,1.4121215222516594,0.11819316198760832,1.4763556460401157,1.5803565708611138,0.9341914754679419,-0.1040009248209981,1.1341715932349663,26.36902559573614,20.309635725137163,6.059389870598977,-0.010254276180103855,0.9445989457990938,-0.031028360833388086,0.8751568263257336,-0.0004318474805036776,0.9985491937921065,0.023362452538952527,1.0881371355060407,-0.015704057070629968,0.9333096925476718,-0.006088882367514981,0.9781140727596519,0.20640800868629855,1.6377781822279815,0.4051988362397812,1.995997917687342,0.4051988362397812,-0.031028360833388086,1.995997917687342,0.8751568263257336,0.43622719707316926,0.00024804790207862,0.00010316009434732109,2.4042616578750935,0.00014488780773129893,2.1077047753504918e-05,1.3172494008554016e-05,1.5988664769980694,7.904553744950902e-06,7.255270476057059e-05,6.576753675200768e-05,1.1030012424166389,6.78516800856291e-06,6.82092387229849e-05,6.680269534461449e-05,1.0209023655035492,1.4065433783704088e-06,3.1724157050049594e-06,2.625059361509627e-06,1.2039257070806484,5.473563434953323e-07,1.1785670733413733e-06,8.987229616454759e-07,1.2969487105369004,2.7984411169589737e-07,0.02387683259938353,Train40.csv,Normal
1109,16.452346193924548,59.228446298128375,0,0,0.5437910269497681,0.4342095554621651,1.2523699849195318,0.109581471487603,1.4638275923027873,1.5950092358900065,0.9177549259195544,-0.1311816435872193,1.1935065961228193,19.32573798292647,21.013186467428625,-1.6874484845021556,-0.09878779337098215,0.7312598471591035,-0.00047249460500864426,0.998551071817695,0.0444607387765118,1.1089556361772672,0.033483123635351275,1.0687395684802357,0.22708396518491675,1.4695832165466736,-0.06398830450627002,0.8917969339137417,-0.010716088339851604,0.9706867490498324,0.5139368310737558,2.3458218316110426,0.5139368310737558,-0.09878779337098215,2.3458218316110426,0.7312598471591035,0.612724624444738,0.0005949326131180863,0.00028167854910723624,2.112022710911124,0.00031325406401085007,0.00017631040843393202,5.5753924536312e-05,3.1617288399263095,0.00012055648389762002,0.00011121423399188374,9.719896510751863e-05,1.1440738399886727,1.4015268884365112e-05,0.0001770090305164032,0.00019856073222654944,0.8914155098871949,-2.155170171014623e-05,9.419018648133668e-06,8.672695456264157e-06,1.0848035262296674,7.463231918695114e-07,1.6843012603606269e-06,1.6170068609830176e-06,1.0352146021947275,6.729439937760928e-08,0.16847202330063385,Train41.csv,Normal
620,9.197885158010116,33.11238656883642,0,0,0.2613203081393114,0.24214222604058955,1.0792016808480578,0.01917808209872185,1.4511857691532244,1.5672633392932849,0.9259361356262159,-0.11607757014006048,0.9815551490540906,24.307427304184632,24.45572907336941,-0.14830176918477989,-0.004509917575533512,0.9775585317372896,0.01262451265674941,1.069973967396218,0.247305230159775,1.8297588533765756,-0.24440812867261408,0.49437113828133633,0.03757014179056928,1.2941930665943213,-0.08128104270246106,0.5452347114684882,0.12296880742929746,2.0460295896455176,0.038274634691837756,1.3558196877650113,0.247305230159775,-0.24440812867261408,2.0460295896455176,0.49437113828133633,0.4917133588323891,0.00015072735278115403,0.0001272551067374023,1.1843572574229912,2.347224604375172e-05,1.0642250416086529e-05,9.110967688072804e-06,1.1667896192640894,1.5312827280137246e-06,2.1400084282454342e-05,1.7294035013935528e-05,1.2367106438018718,4.106049268518814e-06,1.0231107233115466e-05,8.643707075609355e-06,1.1822802810083606,1.5874001575061114e-06,1.0956173025264556e-06,1.0594587753316609e-06,1.0244595937666532,3.6158527194794686e-08,6.373578430490122e-07,6.413955397023501e-07,0.9784498115234986,-4.037696653337935e-09,0.026910383926417505,Train42.csv,Normal
874,12.966051013065872,46.67778364703714,0,0,0.6994449876155132,0.7095992381675797,0.985690147532867,-0.010154250552066535,1.3889156298972962,1.647910315584236,0.8428344724430815,-0.25899468568693984,1.1292232147269774,21.11128414197248,25.163342430620492,-4.052058288648013,-0.022595915147989226,0.8344488828712409,-0.07381077685236603,0.8659907682517474,0.0860035482476848,1.2001603118344546,-0.01671274120855859,0.9634580006591711,0.01821976694940619,1.0154108701254763,-0.02815915797353985,0.9415104743512508,0.04490336849047738,1.0402326317942567,-0.19362694490455418,0.707181360188093,0.0860035482476848,-0.19362694490455418,1.2001603118344546,0.707181360188093,0.279630493152239,0.0012195527098155837,0.0015739077440459397,0.7748516175188297,-0.00035435503423035595,0.0002158346108011084,0.0001797676712203991,1.2005640596851719,3.6066939580709314e-05,0.00010266843579857126,9.157197029937186e-05,1.1210551101156583,1.1096465499199398e-05,0.00012789994667475416,0.00010547357974035709,1.212510487315409,2.242636693439707e-05,1.1310577485436285e-05,1.073160671285601e-05,1.052968870280766,5.789707725802745e-07,2.8247482115944104e-06,3.3749969645180185e-06,0.8344906188111219,-5.502487529236082e-07,0.13277236101420556,Train43.csv,Side II
866,12.84736862393026,46.25052704614894,0,0,0.49416849751324965,0.4939022153445502,1.0005391191920905,0.00026628216869944987,1.4542170471372744,1.5279320723422247,0.9517550314854638,-0.07371502520495032,1.091889215764271,23.30260920607986,22.591746322083726,0.7108628839961355,0.08807475919596797,1.1420682516229186,0.10884027570032834,1.4355793412903204,-0.09251438475354146,0.9158395664056357,0.05955536973343778,1.2217714759051241,-0.06983807512412543,0.7922161199524652,0.0110434954580792,1.0475846289677446,0.032147256724418705,1.1908351530925823,0.009046454839248319,1.053083968941856,0.10884027570032834,-0.09251438475354146,1.4355793412903204,0.7922161199524652,0.2013546604538698,0.00046574438500387517,0.0004797955589140373,0.9706940162552777,-1.4051173910162155e-05,0.0001124548780306015,0.00010335661891527988,1.0879225731739415,9.09825911532162e-06,8.766671108129016e-05,7.725358272937928e-05,1.1346446538513302,1.0413128351910883e-05,8.678922484227209e-05,0.00010400647352879802,0.8343796121702166,-1.721724868652593e-05,5.761638351965598e-06,5.672736196862914e-06,1.0138845359646012,8.890215510268368e-08,1.9131868214054574e-06,1.732573181668512e-06,1.0979090241556357,1.806136397369454e-07,0.13155705336190163,Train44.csv,Normal
1176,17.446311202935316,62.80672033056714,0,0,0.43440801182867034,0.4638410821897192,0.936544905450054,-0.029433070361048863,1.5091210018673702,1.6349482462796798,0.9230389989842069,-0.12582724441230964,0.9563572349256197,18.19810877877749,19.957181989414572,-1.7590732106370837,0.0005422411931540749,1.0025451160070917,-0.2115613422969364,0.5903755593443297,0.10454173554450563,1.1566638639295848,-0.1561008439471212,0.8109895466694904,0.07645323810328114,1.2601761407452525,-0.04589355633078224,0.8580351590263625,0.04607025806195841,1.1880752260775924,-0.008288106477453233,0.9527880014453943,0.10454173554450563,-0.2115613422969364,1.2601761407452525,0.5903755593443297,0.31610307784144204,0.0005481310360638105,0.0005855178229380763,0.9361314946801069,-3.738678687426587e-05,3.411016820353745e-05,3.133952837046923e-05,1.0880600116354127,2.7706398330682236e-06,3.147927290484266e-05,3.197019963457727e-05,0.9843363476320203,-4.909267297346085e-07,0.00010669091334446532,0.00014703543807875793,0.7255642523729392,-4.03445247342926e-05,7.701398240960956e-06,9.384820711483454e-06,0.8197493573823503,-1.6834224705224976e-06,1.4332031708939352e-06,1.8676357153845553e-06,0.7633020394482661,-4.3443254449062004e-07,0.02791409788003395,Train45.csv,Normal
865,12.832533325288308,46.19711997103791,0,0,0.5066126701926501,0.5055293521856682,1.002142918073637,0.0010833180069819148,1.4265818737086504,1.5549175202214747,0.9174646539006189,-0.12833564651282425,1.0762320080058634,17.187758808495232,20.490063936427042,-3.3023051279318096,0.21776369329232848,1.4276740766869556,0.016617662403274558,1.0408785184246319,-0.1071847845448688,0.9026447518274726,0.06166457669666697,1.2195218656805635,-0.1300172815934872,0.6946169142313704,-9.673987541317097e-05,0.9996097334934482,0.004230851826978632,1.0178346856226772,0.010405646963306397,1.0601471380634286,0.21776369329232848,-0.1300172815934872,1.4276740766869556,0.6946169142313704,0.34778097488581566,0.0006638687732755151,0.0004658329847140677,1.4250912755142051,0.00019803578856144742,7.715155055815069e-05,6.794814658763668e-05,1.1352803811189656,9.203403970514009e-06,8.9422136703156e-05,4.982908749151926e-05,1.7942169731412576,3.959304921163674e-05,9.789534008706881e-05,9.545165466585205e-05,1.0254938533145637,2.443685421216763e-06,6.015278650325671e-06,5.557534980050498e-06,1.080420450321286,4.577436702751723e-07,2.2887079502671216e-06,1.6274621777320717e-06,1.397716528290774,6.612457725350499e-07,0.13140513990536365,Train46.csv,Normal
1313,19.478747116882715,70.12348962077778,0,0,0.7293193847378037,0.7232289947519016,1.008421094765124,0.006090389985902056,1.5028076816385612,1.7756343228148024,0.8463497544881631,-0.2728266411762412,0.9430313670976761,18.390135748773364,25.149803873580936,-6.759668124807572,-0.08713927716362835,0.8684970381930716,-0.312584647344642,0.6174509883198097,0.1211249429261071,1.200183781350216,-0.3122106642310519,0.6697392998667867,0.19208774906948356,1.34298532892646,-0.3230650833392813,0.6944110510739839,0.574046484869956,2.326945197483525,0.3428536181370368,1.7676365334677393,0.574046484869956,-0.3230650833392813,2.326945197483525,0.6174509883198097,0.8971115682092373,0.0006152062027849665,0.0005339760771148233,1.1521015793313996,8.123012567014319e-05,0.0001613642242553734,0.00015951477554269257,1.0115308027008543,1.8494487126808376e-06,0.000333705406392747,0.0003420245738338114,0.9756481710380793,-8.31916744106439e-06,0.00042960010686836386,0.0004735408224589086,0.9071890206792779,-4.3940715590544735e-05,3.400614710365724e-05,3.6284060256126606e-05,0.93696177456246,-2.277913152469369e-06,6.107579591970923e-06,9.508981463457568e-06,0.6416211246357942,-3.401401871486645e-06,0.04986559249156383,Train47.csv,Normal
4,0.059341194567807204,0.21362830044410594,1,0,0.11697187653385357,0.17940728220636884,0.6519906470652431,-0.062435405672515265,1.372852538404662,1.4833687011156658,0.9254964919491373,-0.11051616271100384,0.8313252897890551,40.11052989787112,44.43733466772193,-4.32680476985081,0.005429976571612802,1.0740414555849511,-0.26875335879583884,0.3877470051624367,0.02584413465860015,1.2472824943218614,0.037499707153725886,1.5168224487618631,-0.016820611734472017,0.7699330238022888,0.008978498424860815,1.0689636897014063,0.017705039353802313,1.2275156587316969,-0.005777026938643598,0.9526644574045828,0.037499707153725886,-0.26875335879583884,1.5168224487618631,0.3877470051624367,0.3062530659495647,1.5602295240421114e-05,1.7024722483017624e-05,0.9159113249995979,-1.4224272425965099e-06,2.3826297770332293e-06,2.552912418919584e-06,0.9296571195505954,-1.7028264188635466e-07,1.170434307441572e-05,6.993219593932363e-05,0.16734308834926334,-5.8227852864907905e-05,2.5494523676472423e-07,3.192699493398591e-07,0.7742742308426697,-6.432471257513487e-08,2.679986896968369e-07,3.00435609271157e-07,0.8632988023701473,-3.243691957432014e-08,2.486633883803662e-07,3.129066372160679e-07,0.7700782818346871,-6.424324883570169e-08,0.0,Train48.csv,Normal
0,0.0,0.0,1,1,0.0766726046374524,0.05992313942576116,1.2795156024374545,0.01674946521169124,1.4738066446248994,1.5944462763179752,0.9243375943559274,-0.12063963169307579,0.8991322954769917,18.75417832484919,18.191775323199586,0.5624030016496029,0.007854082665647882,1.1077131117617809,0.0008061994972994035,1.0119681921490877,0.046778836302957934,2.1874341018822094,0.04517071192773161,1.9691824406321785,-0.01518014973933611,0.7962313636167628,0.001487791341400868,1.0332896565598055,0.022262194819607187,1.3370353567073245,0.024088799533201206,1.4233545314759661,0.046778836302957934,-0.01518014973933611,2.1874341018822094,0.7962313636167628,0.061958986042294044,9.085233297859353e-07,1.1162363242114102e-06,0.806689777495929,-2.0771299442547487e-07,7.151182129209171e-08,1.1938080314474782e-07,0.5527235845961335,-4.786898185265611e-08,6.543083289505681e-07,9.60074234161831e-07,0.6744930500250914,-3.057659052112629e-07,3.04323771998735e-07,2.7334778855368296e-07,1.074029105898873,3.097598344505204e-08,1.9614141015940844e-07,2.3514050366322473e-07,0.8001183289925377,-3.899909350381629e-08,2.751684842522509e-07,3.547303817788814e-07,0.7544435506309765,-7.956189752663051e-08,0.0,Train49.csv,Normal
127,1.8840829275278788,6.782698539100363,1,0,0.0897366673414042,0.07992620420523468,1.1227438736304742,0.009810463136169525,1.366151352176767,1.5284267467694939,0.8938284717445574,-0.16227539459272688,0.8598014748516254,20.204393543306654,18.863458488868787,1.3409350544378675,0.013064769855520457,1.2131196521380667,-0.007522006556844818,0.9249594522741112,0.026763880561822134,1.4589946414829578,0.033454079460621004,1.5376714251339334,0.0003505504841085083,1.003507645255181,-0.014705743543898336,0.8615897318425026,0.020958401032261778,1.2801769768869675,0.023158213423177816,1.4121712334462573,0.033454079460621004,-0.014705743543898336,1.5376714251339334,0.8615897318425026,0.04815982300451934,5.403197361093427e-06,5.335561041441992e-06,1.0107820898881528,6.763631965143539e-08,1.6659973591443895e-06,2.858121697938575e-06,0.580867039338604,-1.1921243387941853e-06,1.2306701591580936e-06,1.2157208063439565e-06,1.0040379120502163,1.494935281413709e-08,2.858728334847292e-06,3.2969325575235388e-06,0.8644652665635573,-4.382042226762467e-07,2.983055995001859e-07,3.2540388429200566e-07,0.8893922028657198,-2.7098284791819733e-08,3.1437914637466026e-07,4.0351561113324703e-07,0.7602594386052283,-8.913646475858677e-08,0.0,Train50.csv,Normal
87,1.2906709818498068,4.646415534659305,1,0,0.07866688790183322,0.06265502196580636,1.2555557859225936,0.016011865936026867,1.4461311195170217,1.5951196435159996,0.9065972676904996,-0.14898852399897788,0.9675881550383766,21.626695723088766,21.72894668033379,-0.10225095724502609,0.009623589118745321,1.1370305062970023,0.0017527643334222381,1.0262480322597336,0.04116401440429747,1.8814170155708752,0.038944938012963747,1.7099802401314907,-0.016634887586557207,0.7916167841640854,0.0027321938064773024,1.0521117577986185,0.021297155116300828,1.3160086562547273,0.02753136363824247,1.4897177182633323,0.04116401440429747,-0.016634887586557207,1.8814170155708752,0.7916167841640854,0.057798901990854676,1.1550778847571329e-06,1.3221200908351133e-06,0.8670974131416398,-1.6704220607798045e-07,1.0710753065370687e-07,1.8968219152003423e-07,0.536389999720935,-8.257466086632736e-08,8.741348782414962e-07,1.2094317275842603e-06,0.716837899546201,-3.3529684934276405e-07,1.8064613703774968e-06,2.155753767705465e-06,0.8341028409205425,-3.49292397327968e-07,2.7076033683785865e-07,2.767637198579162e-07,0.9441931391182022,-6.0033830200575455e-09,3.084022840347493e-07,3.6135374493715627e-07,0.8304811469908291,-5.295146090240694e-08,0.0,Train51.csv,Normal
87,1.2906709818498068,4.646415534659305,1,0,0.18397426612887186,0.17976346561099793,1.0234240604414322,0.004210800517873925,1.402896314994365,1.5091725591965384,0.9295797867179939,-0.10627624420217341,0.9224306849115187,31.008020294236623,30.562586434086747,0.4454338601498762,0.018230855441919935,1.2315526583902168,0.07600778820953272,1.5093786242533556,-0.04465657412302773,0.8056317097800424,0.04518068563552552,1.2672140762589295,-0.04869033889223981,0.7358814720344385,0.069567544636597,1.3591874851536634,-0.02447113617942992,0.858914375248063,-0.07357044769452709,0.6610007230334969,0.07600778820953272,-0.07357044769452709,1.5093786242533556,0.6610007230334969,0.1495782359040598,5.5584919190701685e-05,6.141584746271394e-05,0.9049109045576009,-5.8309282720122595e-06,2.6691273751512174e-05,2.6791718827372278e-05,0.9958791793701189,-1.0044507586010442e-07,7.927574683717013e-06,5.949177409791529e-06,1.3303135883639259,1.9783972739254844e-06,6.661739351997163e-07,8.671334974848312e-07,0.7594897893079688,-2.009595622851149e-07,2.258128724222347e-07,2.8316901413225883e-07,0.7702480874065448,-5.7356141710024133e-08,2.9807719251643356e-07,3.419088065732352e-07,0.8470296478766899,-4.383161405680163e-08,0.0,Train52.csv,Normal
952,14.123204307138113,50.84353550569721,0,0,0.6314195597890004,0.8759893713581307,0.7208073216710114,-0.24456981156913027,1.5935279160275375,1.7782173269628685,0.8961378808448838,-0.18468941093533098,0.9392410602861571,15.31280247793905,13.804375924487442,1.5084265534516081,0.015439805506449411,1.0371010513422732,-0.03202348433847313,0.9406009355433634,0.0313381473866875,1.0495036002756586,0.11076747696010825,1.2169611783847119,0.04973684714802595,1.074331550926143,-0.01599817842919704,0.9759330793765565,-0.5098665265336451,0.5548945320222458,-0.9172392771429897,0.45300162868943344,0.11076747696010825,-0.9172392771429897,1.2169611783847119,0.45300162868943344,1.028006754103098,0.0007301890577856173,0.0016830021097798457,0.433858469313767,-0.0009528130519942283,0.00019300577751196155,0.0007442618803656353,0.2593216035746835,-0.0005512561028536737,0.00016779049070788746,0.00023250171073133612,0.7216431816708231,-6.471122002344866e-05,9.668532059584673e-05,0.00013206259486002694,0.7320619444050122,-3.537727426418021e-05,1.077314896523284e-05,1.3200255290990053e-05,0.8155140629704999,-2.427106325757212e-06,2.32645132226428e-06,4.622128279166419e-06,0.5022424212057746,-2.295676956902139e-06,0.144621610624169,Train53.csv,Side II
700,10.384709049366261,37.38495257771854,0,0,0.3487348894604462,0.386471008529805,0.9023571567852284,-0.03773611906935881,1.3847528932548374,1.4986498833221849,0.9240002614520846,-0.11389699006734744,1.1075595618164518,32.512541568747245,26.108393868063995,6.40414770068325,-0.24097193025679575,0.6841901621982269,0.04903563250446413,1.1135278674646976,0.010447997131832643,1.0315183213415358,0.0645522454300928,1.303275227268941,0.00610864628279173,1.0161605618992529,-0.004334714867513967,0.9830975880968501,-0.00034236165454135103,0.9983464233118753,0.006877181355450207,1.0493811638809512,0.0645522454300928,-0.24097193025679575,1.303275227268941,0.6841901621982269,0.30552417568688855,0.0002553104403203986,0.0002959241007234106,0.8627273426627499,-4.0613660403012006e-05,3.386591954930307e-05,5.5601038506444186e-05,0.6089783693821632,-2.1735118957141115e-05,3.869284806804324e-05,3.955568023382147e-05,0.9779396648656096,-8.628321657782277e-07,6.022074236740982e-05,6.641576959693423e-05,0.9065870479608145,-6.195027229524412e-06,4.087646239054415e-06,3.764292631485545e-06,1.083023135237274,3.233536075688704e-07,8.840105016691904e-07,1.052052269855607e-06,0.8323606349331352,-1.6804176818641662e-07,0.10633941957659486,Train54.csv,Normal
0,0.0,0.0,1,1,0.07648757168067781,0.06015761671123844,1.2714526131129549,0.01632995496943937,1.436221235042881,1.5657217103794314,0.9172902287482045,-0.1295004753365505,0.9072847419603476,22.308259954623395,21.306225227791824,1.002034726831571,0.0059734338204517345,1.0808881096730343,-0.0006379693506058798,0.9906894153583646,0.047073023556409826,2.1800836996252833,0.040736255255582325,1.779094434790456,-0.01568758606257631,0.778789113211398,0.005208239913090669,1.1233321935514133,0.020691088299757396,1.3063893172014867,0.02504913486435588,1.4495638721737365,0.047073023556409826,-0.01568758606257631,2.1800836996252833,0.778789113211398,0.06276060961898614,9.303260548879168e-07,1.1843989808177338e-06,0.7789072745616193,-2.5407292592981704e-07,1.0136501582430825e-07,1.6177852369484212e-07,0.5900913201721262,-6.041350787053386e-08,7.162627813979093e-07,1.2455191672005443e-06,0.5704913155527322,-5.29256385802635e-07,2.523280082040085e-07,2.55599306167293e-07,0.9500326331616042,-3.271297963284509e-09,1.8668044211969496e-07,2.0067845994589656e-07,0.8860917350906949,-1.39980178262016e-08,2.9696284184357707e-07,3.6679216675503033e-07,0.7881343298642566,-6.982932491145326e-08,0.0,Train55.csv,Normal
935,13.871004230224933,49.93561522880976,0,0,0.3468177097549772,0.3218224628404335,1.0776677796734753,0.024995246914543745,1.3134529980243868,1.4506516385675692,0.9054227452340762,-0.13719864054318243,1.2588100060011556,20.120572273523173,16.661835874495548,3.458736399027625,0.037668075888801666,1.2573333653950263,0.012935567880939136,1.0412881236334024,0.08983100650970072,1.2331570365247948,-0.050954762070952675,0.892353801796179,-0.05495294283395735,0.8575488505641674,0.1033568977610575,1.4312149656364979,0.07115436235641576,1.2440721302380544,0.030570180737754526,1.1437700734189329,0.1033568977610575,-0.05495294283395735,1.4312149656364979,0.8575488505641674,0.15830984059501485,0.00022088546787192679,0.00016855158217744448,1.310414063623353,5.23338856944823e-05,3.992552697281429e-05,3.262054109404841e-05,1.2235631293315095,7.304985878765882e-06,3.397095874824991e-05,2.3654122691361737e-05,1.4355469328533585,1.031683605688817e-05,0.00011137365030441506,9.904290761454124e-05,1.1243854722348918,1.233074268987382e-05,5.460287288726764e-06,5.4160511880515785e-06,1.0063095793770938,4.423610067518565e-08,1.1129496567088583e-06,2.1964912620344166e-06,0.5043979443103268,-1.0835416053255583e-06,0.025825287827827705,Train56.csv,Normal
378,5.607742886657781,20.187874391968013,0,0,0.2750976048592386,0.2879783793273829,0.9552716976498504,-0.012880774468144285,1.4261170391941407,1.5448008542940876,0.9231720878443574,-0.11868381509994697,0.9780673830833678,29.454710851517703,30.435292947836942,-0.9805820963192389,-0.12877355774110633,0.6294147018450176,-0.04600962357026425,0.7180251257128781,0.19974305105110535,1.8742157165208102,0.012344897642530356,1.0699127551402428,-0.059461220462583925,0.7419515806668825,0.12800048279821133,1.5195339523873654,-0.11436729315854594,0.6990818908262368,-0.1264386656965623,0.6972810515428397,0.19974305105110535,-0.12877355774110633,1.8742157165208102,0.6294147018450176,0.3285166087922117,0.0001657464710621547,0.00022247810205629825,0.7449677961665309,-5.673163099414354e-05,4.0316034188769517e-05,5.770099899159786e-05,0.6985849299652416,-1.7384964802828343e-05,2.0916757645356312e-05,2.6363959200127514e-05,0.7930837189304206,-5.447201554771202e-06,5.525597918152573e-06,6.234985447032567e-06,0.8848055716091658,-7.093875288799944e-07,1.3239699468102812e-06,1.2236557118213384e-06,1.0732086222464818,1.0031423498894282e-07,5.783029893691813e-07,6.300536130288964e-07,0.9035227324669015,-5.175062365971511e-08,0.057423286571361226,Train57.csv,Normal
634,9.405579338997441,33.86008562039079,0,0,0.2356540854659667,0.3077407369309514,0.7657552268138254,-0.07208665146498469,1.4180158846682072,1.5656466122570825,0.9057062203627748,-0.1476307275888753,0.9732824383216491,18.389213973060173,21.24876887353434,-2.8595549004741656,0.019856025142684863,1.1250917591991956,0.024127991607530486,1.1547654600985569,0.03777811476637066,1.1505240620097956,-0.24866980119466991,0.5586387878567927,0.09796205258376081,1.5195908306957255,-0.30856748446040794,0.40081577134780366,0.04971693850143952,1.4367970480538903,0.09633609669877408,1.8141202724442707,0.09796205258376081,-0.30856748446040794,1.8141202724442707,0.40081577134780366,0.4065295370441687,0.0001110213752486791,0.0002663587492569318,0.4167957973988571,-0.0001553373740082527,8.318751037092618e-06,1.241974335505892e-05,0.6692616894384128,-4.100992317966302e-06,3.266220258720795e-05,2.231648922523708e-05,1.4629350032466248,1.0345713361970867e-05,1.5881975116221702e-05,1.2324069249269058e-05,1.2876508794664745,3.5579058669526437e-06,1.2632467136147593e-06,1.2677074075313874e-06,0.988682311903813,-4.460693916628087e-09,6.42953742179788e-07,8.114087816975178e-07,0.7827451526036331,-1.6845503951772985e-07,0.027518037757014027,Train58.csv,Normal
349,5.177519226041179,18.639069213748243,0,0,0.27519271042556764,0.24852867342844717,1.1072875236342576,0.02666403699712047,1.4103458427669275,1.4980477683700026,0.9414558488257952,-0.0877019256030751,0.9711221087104809,29.095105073882102,33.408243854450866,-4.313138780568764,0.09707054008622729,1.3077822394213066,-0.0265478503814659,0.8882907438024353,0.056034696691560526,1.1906966946185216,-0.05326802002579201,0.8338319223374434,0.0990321409698258,1.4148112522917,0.002187486045724163,1.016253056987483,0.0022022153694440383,1.0113176299603301,-0.02945902329387809,0.8449640634546596,0.0990321409698258,-0.05326802002579201,1.4148112522917,0.8338319223374434,0.1523001609956178,0.00015619943115543719,0.0001577826376319616,0.9899031634147568,-1.583206476524424e-06,3.599182111021886e-05,2.9008438526419324e-05,1.2403086774448853,6.983382583799538e-06,3.072033878714093e-05,2.4419157445252217e-05,1.25752756131634,6.301181341888713e-06,7.394629005667923e-06,6.119911597609022e-06,1.2063190288995693,1.2747174080589013e-06,7.395095005538694e-07,8.449934445178639e-07,0.8649300240785862,-1.0548394396399451e-07,4.6577223984243477e-07,5.05586644007601e-07,0.903383059386558,-3.981440416516621e-08,0.05301779633175944,Train59.csv,Normal
644,9.55393232541696,34.39415637150106,0,0,0.3149326153201033,0.5078621551188589,0.6201143478494744,-0.1929295397987556,1.4244844810228634,1.6011275610918734,0.8896758176810672,-0.17664308006900997,0.7069632478870567,29.803747984513507,28.69740888585262,1.1063390986608859,-0.35278735885725193,0.5215119266423069,-0.50420867029731,0.5443470501860558,-0.0034271770579976657,0.9855007048569773,0.060636917083184194,1.3143590234117584,-0.036445240951272384,0.878212626471075,-0.03398626120989756,0.867617573762288,-0.010972610800664029,0.9380906335514855,0.009954707917482916,1.0803400285555085,0.060636917083184194,-0.50420867029731,1.3143590234117584,0.5215119266423069,0.5648455873804942,0.0001622452905834788,0.0006226296591913342,0.26057654405470754,-0.0004603843686078554,2.972188839156553e-05,0.00013214498856924282,0.22490175144612645,-0.00010242310017767729,3.1688114762893645e-05,5.6520487667364655e-05,0.5605491137694069,-2.483237290447101e-05,7.814246796056468e-05,6.582270226180358e-05,1.186985575190391,1.2319765698761098e-05,3.277679425618314e-06,3.68683143221313e-06,0.8866185774816656,-4.091520065948162e-07,9.471920723708782e-07,1.923181065007601e-06,0.4899655234142043,-9.75988992636723e-07,0.09783226601046728,Train60.csv,Normal
517,7.669849397889081,27.611457832400692,0,0,0.23366259247010915,0.2527658721851051,0.9244229895670562,-0.019103279714995952,1.378271279720335,1.4278192397073557,0.9652981496102003,-0.04954795998702077,1.0140449388422135,20.781899303771866,20.633479377282477,0.14841992648938884,-0.12959020969304308,0.7777573292275998,0.011300473283888085,1.0618131428698083,0.07713240629151447,1.4447961816166388,0.03296516160142143,1.1787069417427027,-0.00165767302337963,0.9891035555479709,0.0018173435825152573,1.0123139064885789,0.02017849651539752,1.131857541050195,0.019279706594012014,1.2660264635129157,0.07713240629151447,-0.12959020969304308,1.4447961816166388,0.7777573292275998,0.20672261598455755,8.48306217200067e-05,0.00014627525149354617,0.5798986627421512,-6.144462977353947e-05,1.9312709504599834e-05,1.33839437016456e-05,1.4418986621712504,5.928765802954234e-06,1.124610068930104e-05,9.92611482659431e-06,1.1318408538517002,1.319985862706731e-06,7.200491109731585e-05,5.875796605628684e-05,1.225240823008081,1.3246945041029009e-05,7.998937233974042e-07,8.963697414132136e-07,0.8825247433240746,-9.647601801580943e-08,3.98071848419762e-07,4.559178341520903e-07,0.854382080360158,-5.784598573232833e-08,0.00957795826052511,Train61.csv,Normal
895,13.277592284546863,47.799332224368705,0,0,0.6149891796156018,0.5028740014107626,1.2229488214956892,0.1121151782048393,1.4309128180486212,1.5916870575158297,0.8989912949923434,-0.16077423946720848,0.9579871805433137,30.106566923681623,27.420623437797868,2.6859434858837545,0.0012415456695382965,1.0092354574743916,-0.05234053271248312,0.8739891324884135,-0.008367419514656416,0.969576248359008,-0.16382323866950044,0.7179939125496905,0.27338911635946306,1.344744015054639,-0.07646309127515094,0.8130341780157437,0.46350897606917274,1.695290396272294,-0.09820672734103325,0.7677495867451537,0.46350897606917274,-0.16382323866950044,1.695290396272294,0.7179939125496905,0.6273322147386732,0.000765893892335268,0.0005815378793900651,1.3169919786115414,0.00018435601294520285,0.00011294374307295818,0.0001220030616482367,0.9256692812001936,-9.059318575278526e-06,5.909266258349695e-05,6.520292311240098e-05,0.9061495753172244,-6.110260528904027e-06,0.00011570808412956774,0.00010792802943482627,1.071986256701426,7.780054694741476e-06,7.458380552533252e-06,7.410459045339431e-06,1.0051103990955437,4.792150719382166e-08,2.5764966357501463e-06,1.9449718997338404e-06,1.317920035628606,6.31524736016306e-07,0.13596254360150342,Train62.csv,Side I
724,10.740756216773104,38.66672238038318,0,0,0.3389709709490715,0.2889345665656338,1.1731755159876878,0.050036404383437705,1.3081758486619945,1.5123721547764482,0.8649827596207863,-0.2041963061144536,1.2052622925976095,22.834307963958686,21.603149318464425,1.2311586454942613,-0.021314789643590903,0.8739175208201899,0.03813988694683229,1.1634730981582417,0.019213569476515174,1.0786026959049004,0.0021307712303685056,1.0094379024714217,0.16081787745003384,1.3926652917365654,-0.07873174385747406,0.8076773897586368,0.15248383600588183,1.544530051624231,0.03803151471028893,1.154755119686256,0.16081787745003384,-0.07873174385747406,1.544530051624231,0.8076773897586368,0.2395496213075079,0.0001980864488017733,0.00010641945284465838,1.861199541173016,9.166699595711492e-05,4.915838916190676e-05,2.990974502731972e-05,1.6430082915820383,1.924864413458704e-05,5.043391167907536e-05,4.1608854957597745e-05,1.2118044028471855,8.825056721477617e-06,7.101185071140588e-05,6.443574267624188e-05,1.1018858308166355,6.576108035163998e-06,3.4077377248380506e-06,2.407966799514021e-06,1.4093401636130654,9.997709253240295e-07,7.867392237089665e-07,1.126090546665086e-06,0.6924969369900879,-3.3935132295611947e-07,0.10998534253350668,Train63.csv,Normal
181,2.685189054193276,9.666680595095794,1,0,0.10006174280638427,0.09057657545056365,1.1047197496862762,0.009485167355820626,1.3641302694940558,1.5102123059902082,0.9032705236545697,-0.14608203649615237,1.0370553225366683,26.78445830995207,33.33206510275002,-6.5476067927979535,0.014741561545491222,1.2102458532760976,0.009426816782276137,1.073927474266465,0.039081839982591016,1.7753960283174668,0.02496620158420705,1.3351025510561656,-0.010782703122634477,0.903350146684976,-0.002265221346147858,0.9776667223400014,0.009634809821223972,1.1137258665073348,0.005399062367640817,1.067205809994374,0.039081839982591016,-0.010782703122634477,1.7753960283174668,0.903350146684976,0.04986454310522549,8.979650502139505e-06,9.263135577062609e-06,0.9683510423756719,-2.834850749231039e-07,3.1262863236127983e-06,3.3750432535782905e-06,0.9235587522576076,-2.487569299654922e-07,1.823931039493649e-06,2.263728223515745e-06,0.802176364188945,-4.3979718402209587e-07,4.278667231261266e-06,4.695380874605391e-06,0.9093136868798297,-4.1671364334412514e-07,3.331255815262123e-07,3.197110555096731e-07,1.0103561162402062,1.3414526016539237e-08,3.067436442342632e-07,3.35037975016335e-07,0.8890141562526302,-2.82943307820718e-08,0.0,Train64.csv,Normal
867,12.862203922572212,46.303934121259964,0,0,0.3425423421843027,0.36148142526732713,0.9476070103876334,-0.018939083083024444,1.4691308823135427,1.617081291977345,0.9085077420146468,-0.14795040966380224,0.9420617828793048,21.99486685959902,24.408037909694357,-2.413171050095336,-0.16027802098172772,0.7791130369374893,0.17487532735019803,1.712280044867952,0.038514094462167026,1.0940561965913962,-0.0779541536584179,0.7686735177752926,-0.051775404105722234,0.8213057845635303,0.011613131289218648,1.0522147628371243,0.04894233088329086,1.3506412848105678,0.009899338790206214,1.0633382772286348,0.17487532735019803,-0.16027802098172772,1.712280044867952,0.7686735177752926,0.3351533483319258,0.0002457308537986222,0.0002427250197589533,1.0123419935147548,3.005834039668888e-06,3.2738438599376663e-05,3.6031106612296554e-05,0.9083638566249493,-3.2926680129198907e-06,4.0983257547129365e-05,5.934476994197114e-05,0.6904795956112223,-1.8361512394841776e-05,6.148383751438802e-05,6.881534583491408e-05,0.8933313268321884,-7.331508320526054e-06,2.9648126911454673e-06,3.7551855071628494e-06,0.787428052483799,-7.903728160173821e-07,8.457905858571823e-07,8.720034491065682e-07,0.9589424924743004,-2.6212863249385906e-08,0.13170896681843963,Train65.csv,Normal
871,12.921545117140017,46.51756242170406,0,0,0.3581859741036158,0.505948435370387,0.7079495497637125,-0.14776246126677123,1.485504044907898,1.6526546845172163,0.8988593018469915,-0.1671506396093183,0.7235071475353024,19.998024289747335,23.18490702721784,-3.186882737470505,-0.036682969774845,0.8279388978232117,-0.08027898371659603,0.7639102702591896,-0.0009590237846520688,0.9977292257433432,-0.1078579881901256,0.7859205066843041,-0.16399413338659652,0.7213837492763774,-0.13259763212944986,0.7486109205793307,0.05346664173146881,1.1551136341164383,-0.529170855101321,0.3724787895695774,0.05346664173146881,-0.529170855101321,1.1551136341164383,0.3724787895695774,0.5826374968327899,0.00023139046601153157,0.0005674385145699976,0.40777349851179917,-0.000336048048558466,5.63259333629159e-05,0.00011050295847076331,0.5096771830410927,-5.417702510784741e-05,3.69015551685034e-05,3.6146952254617115e-05,1.0205936304764514,7.54602913886283e-07,4.1095326179644565e-05,4.92488841602361e-05,0.8342723729990312,-8.153557980591535e-06,3.948345726311855e-06,4.553172516855376e-06,0.8652633034862295,-6.048267905435212e-07,1.0129601571051588e-06,2.1074748158284486e-06,0.47838120648856197,-1.0945146587232898e-06,0.13231662064459157,Train66.csv,Normal
632,9.375908741713538,33.753271470168734,0,0,0.2710617011787755,0.2640867915844869,1.026411390317275,0.006974909594288592,1.4799573322917967,1.5898948577450256,0.9308523238337418,-0.10993752545322888,1.0378681579230205,32.50497507981847,14.0336096159994,18.471365463819073,0.011111576014999819,1.062324494945311,0.04112294102323452,1.2459151189511233,0.015582352379791886,1.0692923596419488,-0.2746503929129694,0.5245453695240584,0.3059114576676992,2.4770949058514176,-0.05433426161390642,0.7283892921917828,0.055821293363027796,1.4711680125803133,0.07966042535077936,1.6113340020140985,0.3059114576676992,-0.2746503929129694,2.4770949058514176,0.5245453695240584,0.5805618505806687,0.0001128162506496426,0.00012823571824782155,0.8796882437169318,-1.541946759817895e-05,9.898948559671523e-06,1.1641664374924232e-05,0.8495737811479739,-1.7427158152527086e-06,3.307238016055477e-05,2.3800394842090304e-05,1.3889891528422615,9.271985318464464e-06,1.3817471559333474e-05,1.4544039259090773e-05,0.9493908401204,-7.265676997572998e-07,1.1071768415014606e-06,1.3915321030949118e-06,0.7899760833566026,-2.843552615934512e-07,6.41439289514228e-07,6.862533249606442e-07,0.9212728564714365,-4.481403544641618e-08,0.027431230066928807,Train67.csv,Normal
668,9.909979492823803,35.67592617416569,0,0,0.5328723358230983,0.4960941310941179,1.0741355151823957,0.03677820472898047,1.5524680816478427,1.607680004525349,0.9656573868066607,-0.055211922877506314,1.0073452964862482,18.13363848610634,18.130929210046517,0.0027092760598215193,0.029118820606335638,1.0896266524322173,0.20274690544000806,1.6275957301087718,-0.16924156348335784,0.7526286891819832,0.07096239782702446,1.154891263331756,0.13580866641874617,1.2906570012714216,0.1677655674293334,1.3597692778011656,0.06656815433831109,1.1106038592945684,-0.1969827181365706,0.6297044779984122,0.20274690544000806,-0.1969827181365706,1.6275957301087718,0.6297044779984122,0.39972962357657865,0.0007232710372885662,0.0005681895085383398,1.2729173933098583,0.00015508152875022638,7.053667158205034e-05,9.86743834373028e-05,0.7147703529694184,-2.8137711855252457e-05,5.7049850116289107e-05,5.671451342041581e-05,1.0057353809888514,3.3533669587329924e-07,3.572060769149641e-05,3.4455453821403235e-05,1.0364177380804926,1.265153870093176e-06,8.813873138321661e-06,1.0785121969145374e-05,0.8164681384345152,-1.9712488308237135e-06,5.877586224449516e-06,7.06407974000429e-06,0.8308623086634801,-1.1864935155547743e-06,0.10147818896737909,Train68.csv,Normal
7,0.10384709049366261,0.37384952577718544,1,0,0.07650957382610868,0.059566220158575156,1.2844454588183194,0.016943353667533523,1.2869554186625534,1.4390096811157218,0.8943340872601945,-0.15205426245316844,0.969157739732042,25.070418646531984,22.896467637930584,2.1739510086013993,0.0081836638790206,1.119105043805217,0.0018364334702616406,1.0302470669028572,0.0474985546209062,2.224304825661797,0.04073734141446948,1.8525511573956033,-0.012783383269315808,0.8265233446301873,0.0025872001255057425,1.0503675967133654,0.019966560613538548,1.2745713534744532,0.02746515322021687,1.5160232256040544,0.0474985546209062,-0.012783383269315808,2.224304825661797,0.8265233446301873,0.06028193789022201,7.996917282265317e-07,1.0115120374104776e-06,0.7828510080544346,-2.1182030918394592e-07,1.193718757708923e-07,1.522169287276925e-07,0.7358780412571945,-3.2845052956800216e-08,7.978529448811312e-07,1.0875652967664372e-06,0.7269298211520576,-2.89712351885306e-07,2.287043560832899e-07,4.016654480922842e-07,0.5555587847926955,-1.7296109200899432e-07,1.7908759002135536e-07,2.3173269613988417e-07,0.7408496776858113,-5.264510611852881e-08,2.652314297034841e-07,3.1957194653488094e-07,0.8047755049910256,-5.434051683139684e-08,0.0,Train69.csv,Normal
329,4.880813253202143,17.570927711527712,0,0,0.2506441993729017,0.2261908685453661,1.108109226087254,0.02445333082753562,1.3538581741861428,1.4093523055272001,0.9606243657248341,-0.055494131341057296,0.9703078566282172,65.48601385559667,58.673918936610875,6.8120949189857924,0.21056603104458893,2.3230196557295457,0.05046754143631976,1.257156297571819,0.027839764292753144,1.1103966066643383,-0.05103547267139008,0.8125124457508109,0.01687818350690598,1.0915238804873173,-0.02895915583957856,0.8906595645015977,-0.010150055247239387,0.9631338508600804,-0.060881090477349326,0.6348867538593914,0.21056603104458893,-0.060881090477349326,2.3230196557295457,0.6348867538593914,0.2714471215219383,0.00014167715200782296,9.049311707444153e-05,1.5654394742148965,5.118403493338143e-05,5.4580357805849805e-05,4.324729745627102e-05,1.2617606973950537,1.1333060349578784e-05,1.8850745205496036e-05,2.4281725838241636e-05,0.7760150650070301,-5.4309806327456e-06,7.012199224720779e-06,6.958327853487509e-06,1.0062958247883405,5.3871371233270375e-08,8.290265466121362e-07,7.721633647705306e-07,1.059914825920483,5.6863181841605576e-08,4.1462919980610104e-07,4.415040057228196e-07,0.9183289506863065,-2.6874805916718548e-08,0.0,Train70.csv,Normal
363,5.385213407028504,19.386768265302614,0,0,0.27832873314951817,0.31037694852411685,0.8967441864016189,-0.032048215374598676,1.5890057861764977,1.6822487481145878,0.9445724233777447,-0.09324296193809012,0.8377834399621642,16.952987965622807,17.06297768388208,-0.10998971825927484,-0.10385401021381169,0.72537967295719,0.027297719046623203,1.1575431317385132,-0.10748129687692398,0.6726758463083747,0.124622154097767,1.5674644140755405,-0.1252917067605686,0.6972606819526663,0.07096580642593889,1.3066961842342137,-0.061531293125546116,0.785282536380098,-0.03280784439282475,0.910588606996962,0.124622154097767,-0.1252917067605686,1.5674644140755405,0.6726758463083747,0.2499138608583356,0.0001240184621326831,0.00016409344092583233,0.7557334656299748,-4.007497879314923e-05,5.288955891171109e-05,6.350833520207029e-05,0.8326660127891267,-1.0618776290359196e-05,2.0982594511981555e-05,3.0917452528515205e-05,0.6784456137354197,-9.93485801653365e-06,7.464322278477106e-06,7.878674206890937e-06,0.946207446614648,-4.1435192841383055e-07,2.4968742973881952e-06,3.2125291885530343e-06,0.7748182099505918,-7.156548911648391e-07,3.591725097937205e-06,1.1410021071969143e-06,3.120520002073923,2.4507229907402906e-06,0.05514458472329133,Train71.csv,Normal
1224,18.158405537749005,65.37025993589641,0,0,0.7380685361076215,0.9480761449918025,0.7784907701997875,-0.21000760888418102,1.4921050126933595,2.1160086116750247,0.7051507245335393,-0.6239035989816653,0.8721485922617701,25.24954409308266,21.193909479598503,4.055634613484155,-0.6305682373135209,0.4308341690111035,-0.8055902677816654,0.42137592305514776,0.2334036340220691,1.3990475800472797,-0.4832023849322713,0.6063109463846353,0.06739099213974753,1.0858107127817451,-0.03038791455846601,0.9479341927532031,0.23836171841472453,1.2687519159342022,-0.1447250829390715,0.7799190106263979,0.23836171841472453,-0.8055902677816654,1.3990475800472797,0.42137592305514776,1.04395198619639,0.0007075246383013265,0.002147641398867786,0.3294410995538309,-0.0014401167605664596,0.0003107093615523732,0.0002592037555192185,1.1986607768172117,5.150560603315473e-05,0.0003423718513540762,0.00034297807286443125,0.9982033733557883,-6.062215103550352e-07,0.00043913196389957116,0.00035550239744593353,1.2352085807819249,8.362956645363763e-05,2.549667605624173e-05,3.7305800147012635e-05,0.6832675691206611,-1.1809124090770904e-05,3.845824209150782e-06,8.669270277372146e-06,0.4431045567479661,-4.8234460682213645e-06,0.185942070802503,Train72.csv,Side II
627,9.301732248503779,33.4862360946136,0,0,0.2526651208334108,0.31280155384478936,0.8077489054971031,-0.060136433011378554,1.2977628386935933,1.4137484372291182,0.9179588074789038,-0.11598559853552493,0.9650202388182305,51.14259140862447,22.150356274190713,28.992235134433756,-0.001811639087600847,0.9908654826589348,0.02618677290302282,1.152579529947089,0.12811040727099393,1.4880940134051341,-0.40876591231697046,0.45818601666715864,0.057242836071720954,1.394368840026987,-0.040058631336845035,0.7596869914250435,0.13685250596400728,2.2469817525962728,0.08516966559230836,1.6954512995778601,0.13685250596400728,-0.40876591231697046,2.2469817525962728,0.45818601666715864,0.5456184182809778,0.00011648821198261091,0.0002482990684940097,0.46912588690018436,-0.00013181085651139875,1.0164150137876333e-05,1.3421399267688748e-05,0.7567454391984108,-3.2572491298124144e-06,2.908913586087037e-05,2.2522405440590334e-05,1.2909911432921675,6.566730420280037e-06,1.2409656740322243e-05,1.0993806577569525e-05,1.1277603484614536,1.415850162752718e-06,1.128792833373809e-06,1.230979077053477e-06,0.9095986018184629,-1.0218624367966794e-07,6.248787680469754e-07,6.164482625746486e-07,0.9974946142859065,8.430505472326756e-09,0.027214210841715766,Train73.csv,Normal
837,12.417144963313659,44.70172186792917,0,0,0.5566018777043649,0.5866502511691054,0.948779732229457,-0.03004837346474054,1.5371400184497246,1.665945939354101,0.9226830072402317,-0.12880592090437637,0.8727319709031717,26.726296537446228,23.41417448214544,3.3121220553007866,-0.026478642897390603,0.8924857274523639,-0.02402673474123651,0.9472272416371453,-0.034556511530274725,0.9523384131084994,-0.017427376001993178,0.969931338303449,0.1550960696507046,1.4056800160643457,0.3571874478532103,1.6645767896001695,-0.4745817501570433,0.5483153111036616,-0.11719537203541122,0.597405060228323,0.3571874478532103,-0.4745817501570433,1.6645767896001695,0.5483153111036616,0.8317691980102536,0.000736785572240433,0.0008355743074414476,0.8817609015378286,-9.878873520101459e-05,0.00012315667312114148,0.00012765562951064303,0.964681516812435,-4.498956389501553e-06,5.835917676857893e-05,6.592589998271559e-05,0.8850895609808493,-7.566723214136664e-06,0.00011670057424533441,0.00013269996506052638,0.8793655713202064,-1.599939081519197e-05,7.973325715091105e-06,8.754138119836118e-06,0.9097672362151453,-7.808124047450128e-07,1.8439170921848272e-06,2.2275327186240902e-06,0.8240849739702103,-3.83615626439263e-07,0.12715156312229986,Train74.csv,Normal
0,0.0,0.0,1,1,0.07700776300180057,0.06047476042465074,1.2733866116573243,0.016533002577149826,1.4703467153790206,1.6217222931300623,0.9066575162351324,-0.1513755777510417,0.8532109863747054,18.84911787452793,22.33580968248201,-3.486691807954081,0.006251387170068956,1.0837892515161205,0.0022899384875761652,1.0366217929228454,0.04313702846724032,1.9702340711032664,0.04424296849603034,1.9439047923995536,-0.015177313362197256,0.7988257292956832,0.0025723170592198558,1.0501867744005235,0.021553621887752714,1.3277469040396,0.026630898828239317,1.4891558105825693,0.04424296849603034,-0.015177313362197256,1.9702340711032664,0.7988257292956832,0.0594202818582276,7.4795617355182e-07,7.483935944549637e-07,0.9862374616828814,-4.3742090314372577e-10,9.115952532395474e-08,1.7728734989279217e-07,0.4867361590419036,-8.612782456883743e-08,6.187755560602067e-07,9.704540666424547e-07,0.6311112137860688,-3.5167851058224794e-07,3.5953546100095884e-07,4.2496155939577604e-07,0.8265913463718613,-6.54260983948172e-08,2.1656787949095167e-07,2.3886832017366824e-07,0.8702107176189549,-2.2300440682716565e-08,2.9038186765179215e-07,3.382956823594648e-07,0.8337222720782922,-4.7913814707672656e-08,0.0,Train75.csv,Normal
380,5.6374134839416845,20.294688542190066,0,0,0.2711292137494675,0.32174640718085634,0.842679822591664,-0.05061719343138882,1.4930312137808854,1.6277284649434283,0.9172483229015059,-0.13469725116254283,0.8642388694494902,20.42652920981802,20.50965097853368,-0.08312176871566024,-0.11339649621295683,0.7252416558852165,0.05218866798527494,1.2523767453104269,0.03848484168252464,1.1615095660717465,-0.11266720239551331,0.6879429671243719,-0.034651177305850475,0.7631158552298553,0.1147227171518922,1.5391441108028758,-0.09261791393939667,0.7485116886825482,-0.16288121037587783,0.6570985872743484,0.1147227171518922,-0.16288121037587783,1.5391441108028758,0.6570985872743484,0.27760392752777,0.0001593563542540515,0.00021273972044934985,0.7490320265402657,-5.338336619529834e-05,5.367734267447555e-05,6.444756744455411e-05,0.832754706740188,-1.0770224770078567e-05,2.3820142545542002e-05,4.614313093622262e-05,0.5161110863412108,-2.2322988390680618e-05,7.131372733621287e-06,7.423784393179696e-06,0.9593192856338605,-2.92411659558409e-07,8.553711557152595e-07,1.0741193945795205e-06,0.7890008794160704,-2.1874823886426105e-07,5.680086024954634e-07,7.757508551549134e-07,0.7228863942928558,-2.0774225265944998e-07,0.05772711348443721,Train76.csv,Normal
299,4.435754293943589,15.96871545819692,0,0,0.14402714496917593,0.12925853059833778,1.1142563137605785,0.014768614370838151,1.3637178838396744,1.5082418628471068,0.904177180325451,-0.1445239790074324,1.1851622778768724,30.73035969326958,34.27805119580915,-3.5476915025395677,0.02622656264493138,1.3189204333415232,0.026665985317759433,1.1489129403966019,0.03792933233720308,1.511076849712392,0.04888523812409411,1.4225451385705454,-0.027789193099609394,0.8577259424612788,-0.008254632112421723,0.9452062110522668,0.02342010119335336,1.2532161602501966,0.021197376574007235,1.2621082693288783,0.04888523812409411,-0.027789193099609394,1.511076849712392,0.8577259424612788,0.0766744312237035,3.773898079440886e-05,2.4336147176732785e-05,1.550100741626806,1.3402833617676076e-05,2.9593521605137387e-06,3.0148524316930255e-06,0.9783459614449271,-5.550027117928677e-08,3.877815026897649e-06,3.3685524520841715e-06,1.1477741079631576,5.092625748134772e-07,2.0321284980068183e-05,2.047681112545229e-05,0.9919203557659364,-1.5552614538410817e-07,8.248572470598061e-07,5.69153793635639e-07,1.4242456082032429,2.5570345342416707e-07,3.046409729486269e-07,3.8172183410512853e-07,0.7776971984330818,-7.708086115650162e-08,0.0,Train77.csv,Normal
0,0.0,0.0,1,1,0.07607207423800183,0.058675069804519836,1.2964971584434364,0.017397004433481994,1.3514593245562216,1.4305226965705669,0.9447311240491344,-0.07906337201434521,0.8839390115217692,35.14467725049692,36.30429603401261,-1.1596187835156897,0.005907656662334754,1.0850758592256282,0.0005630217633842,1.0083092774663083,0.04798510654265876,2.2745549624613877,0.040568717546703846,1.7838876650697604,-0.012529843908082414,0.8140544612914182,0.0021767172929891485,1.0489263265304556,0.022910508317947928,1.3369675796619847,0.02774901549829315,1.5161086976429703,0.04798510654265876,-0.012529843908082414,2.2745549624613877,0.8140544612914182,0.06051495045074117,8.128460953908026e-07,1.2109558836250803e-06,0.6657456721347057,-3.9810978823427775e-07,7.331457245097937e-08,1.5424057377714717e-07,0.44638526744589674,-8.09260013261678e-08,7.166620252731308e-07,9.041663895046513e-07,0.7839514048000169,-1.8750436423152053e-07,2.7352917645535275e-07,2.8828107158874656e-07,0.9170182170743963,-1.4751895133393807e-08,1.8140851118933056e-07,1.845401917695828e-07,0.9324988812810173,-3.1316805802522526e-09,2.389682774675155e-07,2.9033001823495026e-07,0.7956856223428488,-5.136174076743474e-08,0.0,Train78.csv,Normal
630,9.346238144429634,33.646457319946684,0,0,0.3083532307488427,0.2671075166507642,1.1544161058104743,0.04124571409807848,1.2686239927314582,1.364989840351035,0.9294017771672117,-0.09636584761957678,1.0284565377419779,23.563056556099873,21.82835582316573,1.7347007329341437,-0.17135783172832053,0.5826429735848416,-0.14563053759982533,0.6230703645063952,0.3709188756068929,2.1205708781609776,-0.06179561249264828,0.7492769900478925,0.06068808123091193,1.5062053198842085,-0.08792670212373528,0.5531457429419179,0.09692209940716719,1.8334579135492204,0.04310756794751999,1.340855037015587,0.3709188756068929,-0.17135783172832053,2.1205708781609776,0.5531457429419179,0.5422767073352135,0.00019100708937859533,0.0001566997950373057,1.2188586510059882,3.430729434128962e-05,1.132242610344998e-05,1.203420054750797e-05,0.9400728640135995,-7.117744440579893e-07,2.8481550987468196e-05,2.3667323073994663e-05,1.202904183824316,4.814227913473533e-06,1.3032622406752195e-05,1.1568854139632585e-05,1.1255537248840188,1.4637682671196108e-06,1.0944699777264738e-06,1.232749683642244e-06,0.8806841732751902,-1.3827970591577029e-07,5.890048795855934e-07,6.686964626973757e-07,0.8678472807191056,-7.969158311178232e-08,0.02658485509075848,Train79.csv,Normal
672,9.96932068739161,35.889554474609795,0,0,0.1772404123346766,0.173196443154408,1.0233489722602076,0.004043969180268614,1.3738274976817313,1.4556922963730061,0.9437622852488321,-0.08186479869127483,1.023211438212123,31.370076331864027,31.088323652633015,0.2817526792310119,0.01724155824313217,1.109066276238887,0.0015209378579146005,1.0109377855846793,0.031234238579465917,1.1595146984066094,0.011878204773224987,1.0491516429936025,-0.0423198115690844,0.809076055464661,-0.01389446981256201,0.9040137285032378,0.017698681631257512,1.1223351552159369,0.007761712394518991,1.0873750524430925,0.031234238579465917,-0.0423198115690844,1.1595146984066094,0.809076055464661,0.07355405014855032,3.4038926031858124e-05,4.086904381636233e-05,0.8326742226351594,-6.830117784504203e-06,4.5141632178395915e-06,4.507458330239398e-06,0.9992705826686328,6.704887600193908e-09,1.235525564769045e-05,1.5224386614854394e-05,0.8110110344477783,-2.8691309671639436e-06,3.851555352569242e-05,3.854180732287015e-05,0.9990596083635168,-2.6253797177734693e-08,8.374084422422514e-07,1.0213392592382914e-06,0.8119621499337958,-1.8393081699604005e-07,3.3901481523293736e-07,3.819378288719804e-07,0.8649708965542864,-4.292301363904304e-08,0.017601007527354443,Train80.csv,Normal
312,4.628613176288962,16.663007434640264,0,0,0.26115808375356003,0.2412118313267012,1.0826918045032594,0.019946252426858824,1.4230640247187505,1.5996281272827693,0.8896217761810931,-0.17656410256401878,1.0918665844612891,22.85759171187982,38.31709978534181,-15.45950807346199,0.12559284813621743,1.5538009035800546,0.043409877378449924,1.1466361743224054,0.018510096647820384,1.0716537383079785,-0.04037752417364712,0.8544558662633405,0.014717204202799566,1.0675215924877204,0.027945366578368963,1.1322110014286362,-0.03493102624893818,0.8519760705803551,-0.039746340061278806,0.7870179184208461,0.12559284813621743,-0.04037752417364712,1.5538009035800546,0.7870179184208461,0.16597037230986456,0.00011317973703567118,9.785834326903503e-05,1.1564488909814885,1.5321393766636144e-05,4.87541704215233e-05,4.6584753214094414e-05,1.0463446430868892,2.1694172074288886e-06,2.1036037167402826e-05,1.795551484889162e-05,1.17091201361817,3.080522318511204e-06,8.220651166307628e-06,7.506804397897818e-06,1.0936364352658492,7.138467684098099e-07,8.377337432099656e-07,8.059051964268335e-07,1.0267537783540635,3.18285467831321e-08,4.4654549480050055e-07,5.547887875912334e-07,0.7906415718785275,-1.0824329279073284e-07,0.0,Train81.csv,Normal
1156,17.14960523009628,61.73857882834661,0,0,0.3677162994106327,0.42535125002419083,0.864500317666203,-0.05763495061355811,1.3438705366709585,1.490394791759584,0.9016876166532274,-0.14652425508862543,0.7996269368778971,21.307523721436628,26.838999268400244,-5.531475546963616,0.0017593073715252705,1.0075626676966776,-0.3205312043144955,0.5559580095908094,-0.04554259784899317,0.9166629531368147,0.042861169915108244,1.0792315407040363,0.054633990207935745,1.213320628319768,-0.0505382485540356,0.8559301774361956,0.015278485493398719,1.0666032771399638,-0.033731824476409766,0.8306014656679885,0.054633990207935745,-0.3205312043144955,1.213320628319768,0.5559580095908094,0.37516519452243124,0.0002649539129911228,0.00041438896607644884,0.6393691458734089,-0.00014943505308532602,1.9701108684809646e-05,2.8032213804343826e-05,0.702551832115262,-8.33110511953418e-06,2.6931377674779746e-05,2.633438861590865e-05,1.0222813695709236,5.969890588710949e-07,0.00016729655128908583,0.00019630113068578366,0.8522010479215328,-2.9004579396697838e-05,5.85619815735984e-06,9.350271045712374e-06,0.625644078975936,-3.4940728883525343e-06,1.1320749285825086e-06,1.4490956772488199e-06,0.7758743626169045,-3.1702074866631124e-07,0.028324509236474667,Train82.csv,Normal
921,13.663310049237607,49.18791617725539,0,0,0.5648394800159304,0.42208076741687056,1.3382260226886935,0.14275871259905987,1.513845985766377,1.587269531491767,0.9537422260012726,-0.07342354572539,1.4006020931468968,24.74793555734953,24.394013631388134,0.3539219259613944,0.0356634242804868,1.2567049659267142,-0.04986233602593049,0.8642070814781723,0.04280908940203171,1.115003874518778,-0.012471078283032788,0.9673532618657099,0.24607151627906254,1.329517149062134,-0.023784341162378986,0.9307125921563826,0.4512264205312495,1.8727651458466348,0.08578341043271134,1.4098460835143933,0.4512264205312495,-0.04986233602593049,1.8727651458466348,0.8642070814781723,0.50108875655718,0.0005794816140662233,0.0002879884726403134,2.0120996085626763,0.00029149314142590986,0.00014416528778193557,6.44296262886163e-05,2.237214833249326,7.973566149331928e-05,9.682047449951216e-05,3.2017401337455865e-05,3.023051214157708,6.48030731620563e-05,0.00013585661625211865,0.00011268955512007113,1.2054760651661471,2.316706113204752e-05,9.629844202526183e-06,6.419910393433467e-06,1.497663826289188,3.2099338090927168e-06,3.0220299012030643e-06,1.6454035085345595e-06,1.8255548484842263,1.3766263926685048e-06,0.1399122934714912,Train83.csv,Side I
702,10.414379646650165,37.49176672794059,0,0,0.348364561859967,0.3490336968995942,0.9980828641291666,-0.0006691350396271778,1.4302530132720106,1.5549963127435384,0.9197790324986502,-0.12474329947152785,0.9525166157957331,39.33622282512057,35.90311783629436,3.4331049888262086,-0.068331785886389,0.7161871669580224,0.0009441594278654653,1.0034571919316644,0.02068863406600402,1.0718717806764575,-0.0056711232958407964,0.972603938015525,-0.011562210041004772,0.962962438522771,-0.26406883985410806,0.5945051965159645,0.13862258385694587,1.4472793139524427,0.22322317662518798,1.7104065963916797,0.22322317662518798,-0.26406883985410806,1.7104065963916797,0.5945051965159645,0.48729201647929604,0.00020661414146670262,0.0002056034637583983,1.004866790773391,1.0106777083043164e-06,3.40588375848823e-05,4.3181153227116513e-05,0.7885605046428649,-9.122315642234211e-06,3.7293873121792304e-05,4.3778703181105405e-05,0.8516779537304136,-6.484830059313101e-06,0.00010125294259192129,7.843325066208386e-05,1.2907795347250017,2.2819691929837428e-05,2.8869187301961896e-06,3.047952333562005e-06,0.9440692382648784,-1.6103360336581558e-07,1.3884129119869849e-06,9.409192958894748e-07,1.4600743911588054,4.474936160975101e-07,0.10664324648967084,Train84.csv,Normal
368,5.459389900238262,19.653803640857745,0,0,0.3226926892696566,0.32800595289568407,0.9838012895280284,-0.005313263626027465,1.458830633674317,1.5820691439717367,0.9221029498059342,-0.12323851029741961,0.9605279988235723,23.472166679142248,25.627782055451892,-2.155615376309644,-0.05285099279463673,0.7277012802235702,-0.01041686149987811,0.9456864488444847,0.025919196068265926,1.0866369852539401,0.09181477773032104,1.2826327856217283,-0.09407922532394619,0.7960968867438507,0.056669470520399834,1.1451979902621185,-0.003705759389871166,0.9892241457052288,-0.10355933365237582,0.6844993941874343,0.09181477773032104,-0.10355933365237582,1.2826327856217283,0.6844993941874343,0.19537411138269686,0.0002428353134645969,0.00028306139915036546,0.8578588801039717,-4.022608568576857e-05,8.220997226773278e-05,7.222304737733894e-05,1.1381213343841814,9.986924890393841e-06,3.094523071029324e-05,4.2046406334165964e-05,0.7358030180803589,-1.1101175623872725e-05,9.999219487320358e-06,9.722824335424929e-06,1.027370796257549,2.7639515189542934e-07,9.499657413804338e-07,1.1747017020497475e-06,0.8018607044598838,-2.2473596066931373e-07,7.242877951843627e-07,6.787844454608672e-07,1.05154493536761,4.5503349723495524e-08,0.05590415200598129,Train85.csv,Normal
0,0.0,0.0,1,1,0.07678112884367536,0.06025224572093066,1.2743278724584386,0.016528883122744698,1.4639340304954713,1.5967843219757878,0.9168013495498584,-0.13285029148031646,0.8501047984434096,16.32825988408775,19.459596314107785,-3.131336430020035,0.006705361132949242,1.0904508631536156,5.6181003214902936e-05,1.000822778472156,0.045891242151381996,2.1510409427353046,0.04359919889911037,1.893197353840115,-0.01661827491051638,0.7781277598797558,0.0038922521428481002,1.0931099788036693,0.02363085317698292,1.3600218848970933,0.024315107526162325,1.4266274965831693,0.045891242151381996,-0.01661827491051638,2.1510409427353046,0.7781277598797558,0.06250951706189838,8.868048031822168e-07,1.1697014052135846e-06,0.7517197142116323,-2.828966020313678e-07,7.454549006449963e-08,1.8394289761280975e-07,0.3843682392191709,-1.0939740754831012e-07,9.177897365027645e-07,1.1421894797307382e-06,0.7965614620238055,-2.2439974322797367e-07,2.2688567160433073e-07,2.8165252322794173e-07,0.7779314545035075,-5.4766851623611006e-08,1.9580673655658508e-07,2.18348044773485e-07,0.8574925033880627,-2.2541308216899908e-08,3.146244028832252e-07,3.825120476956243e-07,0.8015662314834282,-6.788764481239908e-08,0.0,Train86.csv,Normal
265,3.9313541401172274,14.152874904422019,1,0,0.0975178572421083,0.07898927006046691,1.2345707818511276,0.018528587181641396,1.4746447355249634,1.6072120781627235,0.9175172003656943,-0.13256734263776004,1.117781132749269,23.384825901245534,22.805961346982887,0.5788645542626476,0.031257997257942635,1.3864974105717909,0.0025741957257716525,1.0354594905949068,0.03914883069712183,1.6516831679714612,0.0358193050297259,1.4139115707106704,-0.006400333640795425,0.9422648197693163,0.008517426458118815,1.1289539529387687,0.012384434647476308,1.1429773636653546,0.028846544141399665,1.5402175668909712,0.03914883069712183,-0.006400333640795425,1.6516831679714612,0.9422648197693163,0.04554916433791725,4.520471408259465e-06,2.2989802712273547e-06,1.9577782732013456,2.22149113703211e-06,4.099370023917572e-07,2.87247757656136e-07,1.3791088135506913,1.2268924473562117e-07,1.1207136091981437e-06,1.969361398367573e-06,0.5661995884745571,-8.486477891694293e-07,1.790582033838904e-05,1.49904497228259e-05,1.1936855673828295,2.9153706155631413e-06,2.7185352939927744e-07,3.2918514475373535e-07,0.8014900817565466,-5.733161535445791e-08,3.4809331695886787e-07,4.1363204307577983e-07,0.8216878837387673,-6.553872611691196e-08,0.0,Train87.csv,Normal
371,5.503895796164118,19.814024866190824,0,0,0.2730389312821977,0.22942224309194553,1.190115290048921,0.04361668819025216,1.3855678038324488,1.452814690723027,0.953712681419653,-0.06724688689057823,1.0766247823448003,23.722876168729282,24.891244629964476,-1.1683684612351932,0.026120144123800038,1.2521791840337626,0.20720357288317998,1.69196335401876,0.005101661412712677,1.0403416757039374,-0.01309346910244899,0.9449203181631322,0.08949439013044308,1.3400384471436708,0.005970752455603329,1.0263127185756773,-0.03382695786009818,0.836962576773074,-0.0751841835881055,0.7411637557546521,0.20720357288317998,-0.0751841835881055,1.69196335401876,0.7411637557546521,0.28238775647128544,0.00015995055079604876,9.096762211611268e-05,1.75813070374501,6.898292867993608e-05,3.178960772540117e-05,2.6503035879411276e-05,1.1990180177777159,5.2865718459898924e-06,3.715710750349968e-05,2.723988519805409e-05,1.3635693227123415,9.917222305445587e-06,6.024835336903698e-06,6.17379462186746e-06,0.9742942166284693,-1.4895928496376158e-07,9.256410597770324e-07,1.1258086272377439e-06,0.8149621666707768,-2.0016756746071148e-07,4.637414552960689e-07,4.5526942937130877e-07,0.9967159370919673,8.472025924760141e-09,0.05635989237559527,Train88.csv,Normal
1303,19.330394130463198,69.58941886966751,0,0,0.8434631568710105,0.8181495280806349,1.0309400881038946,0.025313628790375575,1.5133561583404007,1.666987156120131,0.9078391178395797,-0.15363099777973033,1.0123761006221548,19.959515215710418,20.453317901910754,-0.4938026862003362,-0.2366502371891535,0.6680800211854353,-0.4815324720123544,0.5282122090848885,0.26734015470275474,1.3381473016062706,-0.30739214146032134,0.6615324663552807,0.3885216534865753,1.5339979925491047,-0.3385890000845735,0.6849494739440283,0.3564310405352293,1.8434401931303435,0.43838470461199397,1.6249447918555244,0.43838470461199397,-0.4815324720123544,1.8434401931303435,0.5282122090848885,0.9199171766243484,0.0013162269120971036,0.001147237351678342,1.1472913057254448,0.00016898956041876156,0.00021615245455758157,0.0002652962908297446,0.8147279654830853,-4.914383627216304e-05,0.00040743304702355574,0.000411009323511388,0.9912746766813925,-3.57627648783223e-06,0.0005521443140971751,0.00045576242222531994,1.211447396051997,9.638189187185516e-05,4.409001170573591e-05,3.816509150609206e-05,1.1549418735171841,5.924920199643846e-06,5.962175613841135e-06,7.980156025169713e-06,0.7461901363452408,-2.017980411328578e-06,0.030928630559255307,Train89.csv,Normal
0,0.0,0.0,1,1,0.07629203488819056,0.05935323749301204,1.2853893950313806,0.01693879739517852,1.3744838383152422,1.4568384110994483,0.9434703385142365,-0.0823545727842061,0.9400704763297492,32.042643090132074,29.099978758728433,2.942664331403641,0.006562610497306318,1.09419759223389,7.60275058810378e-05,1.0011876991509745,0.04435841751940063,2.066857399690756,0.03940659655998644,1.7516283657778444,-0.010836115837644482,0.8402278585199892,0.003856554792351974,1.0816736182922584,0.020859926887184715,1.2955771166136922,0.027045806708357323,1.4984075751215205,0.04435841751940063,-0.010836115837644482,2.066857399690756,0.8402278585199892,0.05519453335704511,6.810084300581984e-07,7.807815946860427e-07,0.8611839661348888,-9.977316462784437e-08,8.357498832488387e-08,1.2820885278772717e-07,0.6047006876849299,-4.46338644628433e-08,7.168623069968542e-07,1.059878167588505e-06,0.6700410651547876,-3.430158605916509e-07,2.3961696387493375e-07,3.8686195053396363e-07,0.6037791316414629,-1.4724498665902988e-07,1.64056074668794e-07,2.2812664113258642e-07,0.6889446468001423,-6.407056646379242e-08,2.614309088276464e-07,3.557908678621951e-07,0.7147004799642391,-9.435995903454869e-08,0.0,Train90.csv,Normal
178,2.6406831582674206,9.506459369762714,1,0,0.2572300872691578,0.23110032424963847,1.113066703708414,0.02612976301951933,1.428141233128405,1.5652186066404683,0.9124228513162708,-0.1370773735120634,1.0781351115340676,22.630670907500424,25.647301795395038,-3.016630887894614,0.16014102205337336,2.196762582718486,0.05088480341372398,1.189386557021867,-0.07020059536621606,0.7519089772609909,0.10343597964814769,1.4519851484149244,-0.07422591323446481,0.7491319931888836,0.059338633905571064,1.294554266299675,-0.05207568016370803,0.7758697594812841,0.038006983639903735,1.2527447001796492,0.16014102205337336,-0.07422591323446481,2.196762582718486,0.7491319931888836,0.23436693528783817,0.00012715417731972613,8.7360313379601e-05,1.4553476163840082,3.979386394012513e-05,6.173954502152777e-05,5.4918255800510173e-05,1.1240033771644782,6.8212892210176e-06,2.9364432935337708e-05,2.1923099437176026e-05,1.3388182103239712,7.441333498161682e-06,3.0246266694621533e-06,2.9205983294747914e-06,1.0320850315929215,1.0402833998736192e-07,3.873871319601508e-07,4.4698324424331435e-07,0.8477053302065752,-5.959611228316355e-08,4.057682499116744e-07,4.274861792320308e-07,0.9274995855274,-2.17179293203564e-08,0.0,Train91.csv,Normal
0,0.0,0.0,1,1,0.07668056945176983,0.059390339469825464,1.2911284431947825,0.01729022998194437,1.3160855968555787,1.4755348484528565,0.8919379906995453,-0.15944925159727785,0.9010010860743016,28.65710913640511,29.8217400494591,-1.164630913053987,0.009778768472819138,1.1441195834084457,0.0027049942057258414,1.0450784596972245,0.04511512485539083,2.0586944363706308,0.043458568165363864,2.0175439083448357,-0.013108449230394482,0.8254298493758473,0.003329856870112842,1.06570785585047,0.0183619221347381,1.2509076594918496,0.029566469744699314,1.5576706154463784,0.04511512485539083,-0.013108449230394482,2.0586944363706308,0.8254298493758473,0.05822357408578531,8.671889915560023e-07,8.941196731573302e-07,0.959152883519988,-2.693068160132788e-08,9.949267102864094e-08,1.5688995535487363e-07,0.5961573350360146,-5.7397284326232694e-08,9.630779658400044e-07,1.0613396771325758e-06,0.8989473519898636,-9.826171129257142e-08,2.636602969867736e-07,3.2047138440946764e-07,0.7978309452054937,-5.681108742269402e-08,1.9952249682200996e-07,2.0921909184337078e-07,0.9101510965320767,-9.696595021360818e-09,2.792473669582795e-07,3.1280719346517317e-07,0.8650593066427646,-3.355982650689368e-08,0.0,Train92.csv,Normal
1096,16.25948731157917,58.534154321685016,0,0,0.5812976425395925,0.8428630148600231,0.6896703561484743,-0.26156537232043064,1.6249825735716652,1.7509153786760008,0.9280760133134915,-0.12593280510433558,0.752222605950868,22.181268814244117,18.70940168586278,3.471867128381337,-0.7838772271828489,0.38623259013344524,-0.7581386480102997,0.42657104816189007,0.4043858408313342,1.6334887931843574,-0.24157559228395775,0.7675924677015591,-0.21609755123053975,0.6416235945343948,-0.019496349184934036,0.9357559027110719,-0.15031109225710837,0.7137292419994723,-0.07412439229514578,0.7456068559952055,0.4043858408313342,-0.7838772271828489,1.6334887931843574,0.38623259013344524,1.1882630680141832,0.000601191696834883,0.002610208227020599,0.23032238860775475,-0.0020090165301857163,0.00011666116156332495,0.00016685088387687674,0.6991522449887467,-5.018972231355179e-05,0.00018131942344927273,0.00018086024563587614,1.0024834256835193,4.5917781339659233e-07,0.00025366745442820184,0.00022780116004046091,1.1134988048133756,2.5866294387740923e-05,1.5584677062630514e-05,1.6488454362579792e-05,0.9446143693301464,-9.037772999492779e-07,3.70969131483356e-06,4.480013410096292e-06,0.8262094065224636,-7.703220952627321e-07,0.16649714836563992,Train93.csv,Side II
367,5.444554601596311,19.60039656574672,0,0,0.2703942394428335,0.30794814108706403,0.8780511865011549,-0.03755390164423056,1.4279704899985484,1.5488654747893569,0.92194609798071,-0.12089498479080851,0.8892527503258072,18.498710003824662,18.643638615626465,-0.14492861180180228,-0.03763054791231579,0.7619500000777033,-0.15165575872319687,0.5447194584588543,0.04084984718782225,1.1463797364503634,0.057721510377866436,1.2142998502893454,-0.12614452934801385,0.6985774250014952,0.08723853035152893,1.3490610249145019,-0.08237016803792885,0.7356559406619769,-0.09441800316036503,0.7454514131434509,0.08723853035152893,-0.15165575872319687,1.3490610249145019,0.5447194584588543,0.2388942890747258,0.00015951456754227615,0.00017939531270533596,0.8891295644308519,-1.9880745163059816e-05,5.674802308959158e-05,6.618060229112774e-05,0.8573426003890305,-9.432579201536166e-06,2.0217884178141476e-05,3.699748583411806e-05,0.5463187709850351,-1.6779601655976582e-05,5.0931691509367734e-06,5.876875805689425e-06,0.8651735350038187,-7.837066547526519e-07,1.003539818124184e-06,1.0699854468863677e-06,0.9292160565843004,-6.644562876218379e-08,6.365091649874996e-07,6.13989346496001e-07,1.0200641542388558,2.251981849149859e-08,0.0557522385494433,Train94.csv,Normal
362,5.370378108386552,19.33336119019159,0,0,0.29274020181318233,0.3287758559676549,0.8903944361961843,-0.036035654154472574,1.3778838769149764,1.4396764884097664,0.9570788148844239,-0.061792611494789984,0.8284513124874757,25.11014376308322,28.79451569821222,-3.6843719351290005,-0.05582409290741344,0.7026472221355269,0.032332216575435974,1.1323844260232887,-0.07461754255883407,0.7903049054883506,0.13044703208949304,1.5211675450925806,-0.14388397563492422,0.7119541790019942,-0.028321982568489057,0.9236527684194055,-0.03056894164061913,0.9031720249349801,-0.10019628897777252,0.6728215945443423,0.13044703208949304,-0.14388397563492422,1.5211675450925806,0.6728215945443423,0.27433100772441726,0.0001493235259116165,0.000262844413061044,0.5680845307966671,-0.0001135208871494275,6.147807128376536e-05,7.61396013262383e-05,0.8073328055964795,-1.466153004247294e-05,1.772159645315794e-05,4.252983410793099e-05,0.4165882830712304,-2.4808237654773052e-05,8.02150519100202e-06,9.496701052687648e-06,0.8437737914072992,-1.4751958616856283e-06,2.520556688002696e-06,3.7262309288296874e-06,0.6746255079024837,-1.2056742408269912e-06,2.9449122954028054e-06,9.344291121262822e-07,3.118193051856107,2.0104831832765234e-06,0.05499267126675334,Train95.csv,Normal
666,9.8803088955399,35.56911202394364,0,0,0.3156708734171955,0.3051701667269174,1.0344093148383722,0.010500706690278139,1.4032807777625604,1.5137431252538138,0.9270270134221076,-0.11046234749125339,0.9067137775591579,37.78713222540996,46.18145390119416,-8.394321675784198,-0.08278280130392038,0.6784595058489852,-0.014218518429622018,0.9437340292336163,0.06649541136175019,1.3709820507307704,-0.047962449611342994,0.8298168744583023,-0.01905973325546456,0.9340246886944922,-0.15169096517815672,0.7071161358606353,0.03787406514478281,1.1896197523535528,0.2413384279375564,1.7219849977552466,0.2413384279375564,-0.15169096517815672,1.7219849977552466,0.6784595058489852,0.3930293931157131,0.0001541137895970647,0.00014507122199453878,1.0622586953593893,9.04256760252592e-06,2.1370108985374355e-05,2.6563985008059553e-05,0.8041740438587991,-5.193876022685198e-06,3.6211058928768064e-05,3.387877622864895e-05,1.0685266025674867,2.3322827001191166e-06,0.00011717032608594166,7.442684394463075e-05,1.5740904621520206,4.2743482141310905e-05,2.731322824798713e-06,2.1887054649775567e-06,1.2422413407821284,5.426173598211562e-07,1.7326639276709692e-06,7.52904218537434e-07,2.2711421507049265,9.797597091335352e-07,0.01631844563277866,Train96.csv,Normal
870,12.906709818498065,46.46415534659304,0,0,0.5223412176027168,0.48059558551141895,1.0868622652416837,0.041745632091297835,1.519289862814003,1.638913598833784,0.9270103406457754,-0.11962373601978094,1.049186704996202,16.33556030487114,26.685598598205694,-10.350038293334553,0.049034584071910636,1.1922002847172246,0.17098730569166248,1.346686629972034,0.11378594479732168,1.2321783829791093,0.11027978775443814,1.1921505619362662,-0.15161076972816334,0.7790859822794156,0.006329780916328298,1.018855309178332,0.03710094103566719,1.0641903089932705,-0.041006879016299014,0.8203794090841967,0.17098730569166248,-0.15161076972816334,1.346686629972034,0.7790859822794156,0.3225980754198258,0.0005647760306299893,0.000770502807056216,0.7329872072960674,-0.00020572677642622663,9.292893649534209e-05,0.0001045128553455511,0.8890776681149815,-1.1583918850209014e-05,5.434804657475356e-05,5.247043656924818e-05,1.0355867848591742,1.8776100055053799e-06,7.203226181670314e-05,6.610966708725418e-05,1.0894226330820218,5.9225947294489585e-06,5.436419906758922e-06,5.395320211863866e-06,1.0057535342359176,4.109969489505661e-08,1.8845501852216899e-06,1.4323914678839603e-06,1.3065455718386856,4.5215871733772956e-07,0.1321647071880536,Train97.csv,Normal
378,5.607742886657781,20.187874391968013,0,0,0.2419674954659585,0.2915628875155393,0.8298981027003357,-0.04959539204958083,1.3864348871539705,1.4986284881965912,0.9251358083890494,-0.11219360104262077,0.7637898384482182,25.587091327415507,30.461127559337868,-4.874036231922361,-0.1155000188036619,0.6535472213159468,-0.18135336887130846,0.4862276055231254,0.012174514507371975,1.0811090538292396,0.007304024533951514,1.0352959892974334,-0.10088028716006922,0.6985471641828366,0.17284793406443577,1.7963087459576397,-0.051697731198162566,0.8153021456318107,-0.13029368086287269,0.6536613750143306,0.17284793406443577,-0.18135336887130846,1.7963087459576397,0.4862276055231254,0.35420130293574426,0.00011520128668786049,0.00023923127973391817,0.481527631084344,-0.00012402999304605769,3.8211563593665766e-05,4.3859019859346794e-05,0.8710375503300505,-5.647456265681028e-06,1.3504508608936124e-05,2.836258112137166e-05,0.4759703937814754,-1.4858072512435535e-05,3.2019677114679953e-06,4.501042127101706e-06,0.709806652487465,-1.2990744156337103e-06,8.778489860482091e-07,1.0030706115245889e-06,0.8665230005311455,-1.2522162547637977e-07,5.097810320011356e-07,6.361282950050915e-07,0.7889780341489588,-1.2634726300395584e-07,0.057423286571361226,Train98.csv,Normal
471,6.987425660359298,25.154732377293474,0,0,0.2582606553061068,0.2720554617835784,0.9492941039302255,-0.01379480647747161,1.390263439274188,1.4965594820498762,0.9289730522973786,-0.10629604277568827,0.933055013499407,39.38450919125353,44.51009085887357,-5.12558166762004,0.022532261083435007,1.1119256157863473,-0.08371877438889563,0.850101611136385,0.03440837518277649,1.3290453561099531,0.03973042526852302,1.270491296448341,-0.09902409168702395,0.691989388838709,0.09162155026640895,1.3591508719816612,0.01385335226563128,1.1081238303884544,-0.03078591380513844,0.793822488804712,0.09162155026640895,-0.09902409168702395,1.3591508719816612,0.691989388838709,0.1906456419534329,0.00010114949931464867,0.00012952626104677042,0.7808585680740592,-2.8376761732121743e-05,1.2131958876099725e-05,1.6653540888488754e-05,0.7280540766987005,-4.521582012389029e-06,2.533052117868762e-05,1.8886152303119127e-05,1.340512119734894,6.4443688755684925e-06,4.7273400825282985e-05,4.1749248117986765e-05,1.1320462641404967,5.52415270729622e-06,1.7015204125596828e-06,1.2222515449307887e-06,1.3808223000891036,4.792688676288941e-07,5.454292222669169e-07,6.724384715983878e-07,0.7992357479340639,-1.2700924933147088e-07,0.008943904833811703,Train99.csv,Normal
871,12.921545117140017,46.51756242170406,0,0,0.6541680828417545,0.5991024843759651,1.091913468868372,0.0550655984657894,1.5440615913921252,1.5996351558752646,0.9652585941665446,-0.05557356448313944,1.0863350061228774,18.11045627987718,24.535134933545244,-6.424678653668064,0.0009416673248088259,1.0042791010390564,0.07271401782858455,1.1628144946401093,0.09608527782165893,1.1985183898810337,0.09996363179121515,1.2088503236628814,0.0102434921209682,1.0088938073225155,0.034966557945164456,1.1076735025228879,0.16636679505021856,1.2149512037025432,-0.09515021926042677,0.7351929290003374,0.16636679505021856,-0.09515021926042677,1.2149512037025432,0.7351929290003374,0.26151701431064533,0.0012136699871137502,0.000718411921252041,1.6893554486736817,0.0004952580658617093,0.00016038299775711048,0.00011017501618080399,1.4555790189651194,5.0207981576306485e-05,8.50758161920889e-05,7.40114001295739e-05,1.1493408128347251,1.1064416062514995e-05,9.238909986146819e-05,8.596102136686883e-05,1.0746539751716004,6.428078494599357e-06,1.0642445263357e-05,9.283208301070864e-06,1.1451852706379844,1.3592369622861359e-06,2.9516639931646117e-06,2.4286793125736e-06,1.2103534802407643,5.229846805910115e-07,0.13231662064459157,Train100.csv,Side I
268,3.9758600360430827,14.313096129755097,1,0,0.21710966610039642,0.2108647576489917,1.029615656143183,0.006244908451404713,1.3790272828103527,1.50776882336908,0.9146145299534698,-0.12874154055872733,1.0257619689967825,34.93147312658719,35.06608381496465,-0.1346106883774567,-0.045732672310684425,0.8037140814466393,0.07706906650279441,1.8100211382295914,-0.0916477591589781,0.7034085866576143,0.136295433005917,1.8375980002757593,-0.0120564393912026,0.9400746485080892,-0.03640736614933804,0.8573439863384188,0.059775633686265095,1.306416911728873,0.0011287303518301706,1.006901616464203,0.136295433005917,-0.0916477591589781,1.8375980002757593,0.7034085866576143,0.22794319216489511,9.774179709191236e-05,8.335538418641436e-05,1.1724506285888485,1.4386412905497995e-05,2.382558910780354e-05,1.9249261520322672e-05,1.2370977507451366,4.576327587480869e-06,1.166366793794536e-05,1.2690655669956854e-05,0.9183516379816148,-1.0269877320114939e-06,4.193698768516692e-06,4.495795171134257e-06,0.9307344451392361,-3.0209640261756527e-07,6.316378926984729e-07,6.104681132269534e-07,1.0180021813102165,2.1169779471519488e-08,3.496446778320529e-07,3.9361863874602986e-07,0.8662748551908694,-4.3973960913976986e-08,0.0,Train101.csv,Normal
794,11.77922712170973,42.40521763815503,0,0,0.24024673077357891,0.23241392190132606,1.033701933477802,0.00783280887225285,1.4505397371567572,1.576659748080884,0.9200080928826138,-0.12612001092412672,0.9349644448955391,26.465000511295102,28.721644505168157,-2.2566439938730554,0.017366494726426457,1.1023173650038507,0.07742032376015168,1.4240734181919183,0.006425689589898698,1.0241776428946527,-0.01614922729963497,0.9491703543578457,0.012560389108388886,1.0689501036989908,0.03733916099087273,1.1572197059692442,-0.014349487511222003,0.9425346796146252,-0.05660179966116155,0.7374417454412342,0.07742032376015168,-0.05660179966116155,1.4240734181919183,0.7374417454412342,0.13402212342131323,6.358984706652839e-05,5.359966682153532e-05,1.1861638177722076,9.990180244993069e-06,1.0361658882593902e-05,7.429277802487536e-06,1.3928312878878086,2.9323810801063662e-06,6.126144070673243e-05,4.285721338919151e-05,1.429097808400553,1.840422731754092e-05,2.7192760369947585e-05,2.2931834545223113e-05,1.1852914515770312,4.260925824724471e-06,1.5034718879008175e-06,1.5351460296620237e-06,0.9730289946961701,-3.167414176120623e-08,4.525114580496415e-07,5.583300412008028e-07,0.7962124562227035,-1.0581858315116126e-07,0.03350535705089244,Train102.csv,Normal
1165,17.283122917873847,62.21924250434585,0,0,0.6982178036893731,0.7582269753636022,0.9208559140829681,-0.060009171674229034,1.4095507223843395,1.8086739053997387,0.7793282749216914,-0.3991231830153992,0.9154293443235233,22.425955441318393,20.71191823000442,1.714037211313972,-0.5922044270988681,0.41003645740176753,-0.4881329799798326,0.5514982143957605,0.604766403268694,1.7812734578626275,-0.19773723438887414,0.7648836038864826,-0.01893539900086677,0.9619614298294901,0.2341102874394726,1.608940674107698,0.011785851892476717,1.0209024331977157,-0.28738689868367745,0.5380788968287578,0.604766403268694,-0.5922044270988681,1.7812734578626275,0.41003645740176753,1.1969708303675621,0.000936170760139302,0.0011913068904994349,0.7858284958478444,-0.00025513613036013284,0.0001748388390090902,0.0001516916912934089,1.152517401212959,2.3147147715681294e-05,0.00020719310382823694,0.00020219090158009697,1.0246893174517446,5.002202248139965e-06,0.0003969824674731791,0.0002701063270061965,1.4696722403754299,0.00012687614046698255,1.7813727910267452e-05,2.0317909104789982e-05,0.8763187506613703,-2.5041811945225294e-06,2.9028668226082636e-06,6.581530991662475e-06,0.44039341183103814,-3.6786641690542118e-06,0.030513651442511794,Train103.csv,Side II
949,14.078698411212258,50.68331428036413,0,0,0.7312176095964922,0.9653910636700199,0.7574315006007912,-0.23417345407352774,1.4544458790234556,1.6716412412583732,0.8700705835828005,-0.21719536223491764,0.8903288660979568,22.38789614287184,21.96484483306554,0.4230513098062971,-0.003857984128634584,0.9939774731778198,0.013989905652470436,1.0306416090412842,0.09960264609191682,1.1284502481204055,0.07682371278735178,1.1366857607326495,-0.14234668120866978,0.8309136761707856,0.20461584712672354,1.2911283754586789,-0.5612891949230024,0.5291865268881061,-0.9402623980033485,0.4820796457612312,0.20461584712672354,-0.9402623980033485,1.2911283754586789,0.4820796457612312,1.144878245130072,0.0011250629275786359,0.0025687292621013455,0.43798253259004705,-0.0014436663345227096,0.00030207270330069347,0.0005273346485780457,0.5728183724158669,-0.00022526194527735225,0.0002155261041666966,0.00028401640407148054,0.7588241835165981,-6.849029990478394e-05,0.00012228525488306756,0.00014593931591292542,0.8378611034807725,-2.3654061029857858e-05,1.5246200285211953e-05,1.4598312993262767e-05,1.0436660476978672,6.478872919491859e-07,3.5594449885167006e-06,5.214222699559848e-06,0.6813348498364343,-1.6547777110431478e-06,0.14416587025455502,Train104.csv,Side II
25,0.37088246604879505,1.3351768777756623,1,0,0.16053661820674006,0.15822876027887764,1.0145855138973454,0.0023078579278624223,1.4615043310906963,1.6130881600942564,0.9060287950690863,-0.15158382900356004,0.9912944640476195,18.229966200815355,15.984149957486883,2.2458162433284716,0.011771794067705427,1.1438840141895232,-0.01941978826756352,0.9178516973107721,0.0004793452731705061,1.0036370472350937,0.049098934650724735,1.3485944769553317,-0.033874299639643016,0.7601592845040622,0.049686327966236205,1.2924591794381741,-0.012979176286213978,0.9132410969308898,-0.03573088876659103,0.7913070227859476,0.049686327966236205,-0.03573088876659103,1.3485944769553317,0.7601592845040622,0.08541721673282723,3.384654778568483e-05,2.8373348463399555e-05,1.1924790279529593,5.473199322285273e-06,1.2489004072537709e-05,8.999860897360249e-06,1.386148378405797,3.48914317517746e-06,7.89758281966397e-06,1.7426316720071873e-05,0.4529387109935117,-9.528733900407903e-06,4.7654480196836973e-07,6.159954667853754e-07,0.7612591899675125,-1.3945066481700565e-07,2.1172184035275674e-07,2.927225109579968e-07,0.6993924557600325,-8.100067060524005e-08,3.2470350571321344e-07,3.786858038223376e-07,0.8353881271712987,-5.398229810912414e-08,0.0,Train105.csv,Normal
866,12.84736862393026,46.25052704614894,0,0,0.630788493898543,0.6344996371880205,0.9941510553931359,-0.0037111432894775254,1.5640039809764197,1.706130000724653,0.9166968350273217,-0.14212601974823325,0.9514507492401558,26.88610173622137,21.36450339628294,5.5215983399384285,-0.09329571938482417,0.8221533985290934,-0.1674279704247924,0.8341374352471569,-0.01752090689204644,0.9716669449523921,0.11448269426409663,1.1071877999138493,0.005949157325798482,1.0183255768523527,0.11572367379102289,1.3080818018140372,0.04881837987913454,1.253380704114152,-0.00016808492714098788,0.9995143565750274,0.11572367379102289,-0.1674279704247924,1.3080818018140372,0.8221533985290934,0.2831516442158153,0.0010463902428484312,0.0011964542089893733,0.8745687793973326,-0.00015006396614094218,0.00018957249777542658,0.0001559538782641488,1.2154897652285643,3.36186195112778e-05,8.192197565612694e-05,9.067695119679411e-05,0.9033490990159451,-8.754975540667173e-06,0.00010704394195265104,0.00010289479846447005,1.0402230367285557,4.14914348818099e-06,9.987892803008221e-06,9.285888638269676e-06,1.0744419594152275,7.020041647385455e-07,2.6474712350185674e-06,2.9568909797822663e-06,0.8923385635197353,-3.094197447636989e-07,0.13155705336190163,Train106.csv,Side I
658,9.761626506404285,35.141855423055425,0,0,0.489596164703045,0.46060758134789087,1.062935509313522,0.02898858335515414,1.3966380421582119,1.5463743641464902,0.9031694171271274,-0.14973632198827835,1.0496400904851497,21.741354846955357,21.739813341566336,0.0015415053890208696,0.056722502998607705,1.3478440980866628,-0.01795345974922602,0.9311239120453306,-0.08632370363192676,0.8056318428055629,-0.0166359497976013,0.9654869841293844,0.27807242459690895,1.6762665941922539,0.1992967180801215,1.2929642759174738,-0.2846171651673671,0.5512274881303806,-0.06491282838199292,0.8259347516616097,0.27807242459690895,-0.2846171651673671,1.6762665941922539,0.5512274881303806,0.5626895897642761,0.0004553927410269231,0.0006404658059651263,0.7110225504001614,-0.00018507306493820326,7.239013294722872e-05,6.105491334892465e-05,1.1854619777087347,1.1335219598304072e-05,4.682297296461146e-05,4.302323641151074e-05,1.0880653390058996,3.799736553100719e-06,3.244048289950627e-05,3.611227363676287e-05,0.8980742249427646,-3.6717907372565967e-06,4.61649258174914e-06,4.876196214137412e-06,0.9448029467977713,-2.597036323882713e-07,3.561538589382642e-06,2.868177726254779e-06,1.2374283064225797,6.93360863127863e-07,0.09995905440199916,Train107.csv,Normal
755,11.20065047467361,40.322341708825,0,0,0.5212841310264263,0.5720069381127766,0.9113248234943646,-0.05072280708635024,1.445759780886046,1.60959483136556,0.8982134781567029,-0.16383505047951386,1.0115213565209253,29.400100934649338,21.632431412966163,7.767669521683175,-0.38172012370038677,0.6311972089454928,0.07944185605042714,1.2154541668249155,0.14705183105749275,1.265336452242824,0.008074974131410395,1.0260200068117737,-0.03660764226804447,0.9600351477644987,-0.0002945695734417608,0.9991185356270567,0.0276301379559227,1.146521215948251,0.003371734011838906,1.0235177366347736,0.14705183105749275,-0.38172012370038677,1.265336452242824,0.6311972089454928,0.5287719547578795,0.0006372128059006494,0.0006129866854421379,1.0395044884150475,2.422612045851157e-05,7.005901059340491e-05,0.00019537590699895003,0.3585673689033334,-0.0001253168964055451,4.18839398088162e-05,7.997713201523049e-05,0.5236334739547982,-3.8093192206414294e-05,8.800059269325878e-05,0.00010593990635938169,0.8305867906552092,-1.7939313666122907e-05,4.806772866233907e-06,5.791456022517379e-06,0.8285459456345483,-9.846831562834718e-07,1.551560620217267e-06,2.0164973091358513e-06,0.7656366545479851,-4.6493668891858424e-07,0.10426787253904977,Train108.csv,Normal
1115,16.54135798577626,59.54888874879453,0,0,0.35927121008645113,0.34922884298733636,1.0287558058654418,0.010042367099114768,1.4735196133623776,1.5167468312137684,0.9715000376616585,-0.04322721785139083,1.0579915095141992,18.960330352151612,20.844223676118652,-1.8838933239670403,0.0001540211634113442,1.0006360671721786,-0.018967776760845267,0.9440035265432376,-0.006048230442355751,0.9875291000983454,0.045644700441840214,1.0897454603180157,0.02814258808016412,1.0948023887600866,-0.005570010842600337,0.9812907873861064,0.022435528582883668,1.0898373738099687,0.0013793898697513907,1.0052396125107095,0.045644700441840214,-0.018967776760845267,1.0948023887600866,0.9440035265432376,0.06461247720268548,0.00023316921624434977,0.00023431762524895813,0.9950564556638269,-1.1484090046083627e-06,3.094397318369677e-05,2.4707055618647877e-05,1.251927966709391,6.23691756504889e-06,2.8623941510999047e-05,2.5949197197316465e-05,1.10265126049268,2.6747443136825825e-06,0.000224104138382975,0.0002015545526126905,1.1118231627442683,2.254958577028451e-05,5.121992916305483e-06,5.0541073862137665e-06,1.011430549488208,6.788553009171635e-08,1.1116169315815235e-06,1.1882529012189547e-06,0.9276980931577146,-7.663596963743122e-08,0.029204052668155067,Train109.csv,Normal
891,13.218251089979056,47.585703923924605,0,0,0.31751771700746056,0.2859278879217678,1.1104817659112647,0.031589829085692744,1.5304694327118749,1.6368414544357424,0.9350138458518727,-0.1063720217238675,1.0199858218655824,15.844047694884626,18.00714052963213,-2.1630928347475056,-0.002818373929280832,0.9862594115413793,-0.03075373321378727,0.8755860539547291,-0.003931997623099592,0.9870726084589966,-0.012775262621589678,0.9644475971562945,0.00013416213419450984,1.0005571138066445,-0.011530524537564923,0.9518969391096018,0.011556142665123087,1.0487501459163002,0.18320427538162976,1.461494453996227,0.18320427538162976,-0.03075373321378727,1.461494453996227,0.8755860539547291,0.21395800859541703,0.0001612274059853365,0.000125726114251187,1.2822680814141227,3.550129173414949e-05,3.960461948980961e-05,3.793088451455537e-05,1.0438507166224862,1.6737349752542438e-06,3.835265863273518e-05,5.1213624341162285e-05,0.7487298902806404,-1.2860965708427107e-05,3.0144933244654168e-05,3.357995081913325e-05,0.8974390408301295,-3.4350175744790833e-06,1.94021076332976e-06,2.214432673296286e-06,0.8722272364641406,-2.74221909966526e-07,7.103135946226799e-07,7.659732334412449e-07,0.91538414472445,-5.5659638818564984e-08,0.13535488977535146,Train110.csv,Normal
950,14.09353370985421,50.736721355475154,0,0,0.6050906527430895,0.8232557410462783,0.7349971767267679,-0.21816508830318881,1.4778874949886274,1.7337844510160525,0.8524055487973047,-0.2558969560274251,0.7141723453122211,20.723374824724665,16.419962338866817,4.303412485857848,0.006481313674367661,1.0131594962273212,-0.21988242251175255,0.6244618465672427,-0.038735543151836804,0.9399200015037052,-0.1698797757448801,0.8106004944990522,-0.053914637871696924,0.9042903950518977,-0.004213512393666852,0.9927999008555144,-0.16854885321138102,0.806187071216072,-0.7337126931748518,0.505369999303529,0.006481313674367661,-0.7337126931748518,1.0131594962273212,0.505369999303529,0.7401940068492194,0.0007213943645475812,0.0015983172042165678,0.45134335613162396,-0.0008769228396689866,0.0002219850921133751,0.0004916363773958874,0.4515137349107863,-0.0002696512852825123,0.00015073608314678462,0.00017606541864375932,0.856088171238474,-2.53293354969747e-05,0.00010247138395195344,0.00011059187409200532,0.9264886765545362,-8.120490140051874e-06,1.0258379943499265e-05,1.2058799603441587e-05,0.8499917374196805,-1.8004196599423216e-06,2.921934376861253e-06,4.088351539472408e-06,0.7129535738257831,-1.1664171626111552e-06,0.144317783711093,Train111.csv,Side II
3,0.0445058959258554,0.16022122533307945,1,0,0.07704485204435628,0.05985974912817771,1.2870892426977552,0.01718510291617857,1.4485651586631596,1.5515861560328146,0.9336027804159501,-0.10302099736965498,0.9191010965239508,15.67750769748507,19.573241274382447,-3.8957335768973778,0.005175886428285467,1.0713754781404423,0.0036057030521001454,1.061093095447831,0.04608192401672485,2.0926039043427056,0.04488246305460095,1.977144882943025,-0.013542620798564442,0.8225106934782385,0.005205859729331311,1.1140006790015708,0.01907331668904201,1.2643794975761524,0.02745365550850283,1.507779600161687,0.04608192401672485,-0.013542620798564442,2.0926039043427056,0.8225106934782385,0.05962454481528929,1.3081651512192442e-06,2.1084350576503e-06,0.6175148709397866,-8.002699064310556e-07,8.931257184478233e-08,1.6286822272959896e-07,0.5166511833958364,-7.355565088481663e-08,1.1772898591989787e-06,1.5085097638919126e-06,0.7752929136139411,-3.312199046929338e-07,3.2095838481426145e-07,3.9705736303691343e-07,0.7884844102062238,-7.609897822265198e-08,2.89378953448145e-07,2.9417847603043673e-07,0.951345924355243,-4.799522582291744e-09,3.0888431567295135e-07,3.6043885428919636e-07,0.8338334710208604,-5.155453861624501e-08,0.0,Train112.csv,Normal
1145,16.98641694503481,61.15110100212532,0,0,0.37234439854499374,0.34718065332559805,1.0724802325635177,0.025163745219395683,1.424999943349444,1.507739314529228,0.9451235503155573,-0.08273937117978392,1.0655651962843091,22.495399183024006,25.196111839493394,-2.7007126564693884,0.0032761055746449164,1.0098561934698467,0.014340817973290065,1.050565383321493,-0.011298944580301618,0.9759711171048058,0.05450021120842541,1.142573856038159,0.11039069045009803,1.4287505629854127,-0.15896638345832462,0.5774630550587312,0.15023210801910553,1.5927027985176492,0.034887648534242366,1.0952890766772745,0.15023210801910553,-0.15896638345832462,1.5927027985176492,0.5774630550587312,0.30919849147743017,0.00032039222285901436,0.0001932778102787988,1.657591455958241,0.00012711441258021555,2.6362699119972833e-05,2.670734641604038e-05,0.9867259535978982,-3.44647296067548e-07,2.7067708546798023e-05,2.785476121977202e-05,0.9713956754666739,-7.870526729739955e-07,7.109423509807529e-05,7.171836850917995e-05,0.9911592383280892,-6.241334111046592e-07,5.986967028111617e-06,4.643230001029588e-06,1.2866260698024645,1.3437370270820285e-06,1.0227245105350336e-06,9.874931165599463e-07,1.0252948051031199,3.523139397508734e-08,0.028054985359657003,Train113.csv,Normal
953,14.138039605780065,50.896942580808236,0,0,0.5010754759963624,0.4957365135239085,1.0107697379940908,0.0053389624724538565,1.527328999684712,1.572732931196776,0.971130545865267,-0.04540393151206401,0.9660793899170121,33.409151822279924,19.379442783509347,14.029709038770577,-0.19152150376694044,0.6054637167456244,-0.08592248936001115,0.7311811953823797,0.0554897775581219,1.1128052868748133,-0.1304888106098172,0.77273817367995,0.14573044449459427,1.2540737457628046,-0.008321859217866212,0.9881731962081794,0.014267158554536696,1.0367312036395397,0.1704948996762105,1.5968555516996583,0.1704948996762105,-0.19152150376694044,1.5968555516996583,0.6054637167456244,0.36201640344315095,0.0004057856920260884,0.0004234406024665131,0.958283421165231,-1.7654910440424742e-05,0.00010444759466988031,0.00011360255231285013,0.9193314694864644,-9.15495764296982e-06,0.00010001091577699438,0.00013765413618165473,0.7264848968726682,-3.764322040466035e-05,5.8060694605842696e-05,5.898749347416236e-05,0.9841213785000894,-9.26798868319665e-07,6.287705829578333e-06,7.124860199381688e-06,0.8812654563467452,-8.37154369803355e-07,1.633374188242907e-05,2.509255946418562e-06,6.483557935290191,1.3824485936010508e-05,0.13161229474134362,Train114.csv,Normal
658,9.761626506404285,35.141855423055425,0,0,0.489596164703045,0.46060758134789087,1.062935509313522,0.02898858335515414,1.3966380421582119,1.5463743641464902,0.9031694171271274,-0.14973632198827835,1.0496400904851497,21.741354846955357,21.739813341566336,0.0015415053890208696,0.056722502998607705,1.3478440980866628,-0.01795345974922602,0.9311239120453306,-0.08632370363192676,0.8056318428055629,-0.0166359497976013,0.9654869841293844,0.27807242459690895,1.6762665941922539,0.1992967180801215,1.2929642759174738,-0.2846171651673671,0.5512274881303806,-0.06491282838199292,0.8259347516616097,0.27807242459690895,-0.2846171651673671,1.6762665941922539,0.5512274881303806,0.5626895897642761,0.0004553927410269231,0.0006404658059651263,0.7110225504001614,-0.00018507306493820326,7.239013294722872e-05,6.105491334892465e-05,1.1854619777087347,1.1335219598304072e-05,4.682297296461146e-05,4.302323641151074e-05,1.0880653390058996,3.799736553100719e-06,3.244048289950627e-05,3.611227363676287e-05,0.8980742249427646,-3.6717907372565967e-06,4.61649258174914e-06,4.876196214137412e-06,0.9448029467977713,-2.597036323882713e-07,3.561538589382642e-06,2.868177726254779e-06,1.2374283064225797,6.93360863127863e-07,0.09995905440199916,Train115.csv,Normal
296,4.391248398017733,15.808494232863838,0,0,0.23302320120165734,0.24946191555690547,0.9341032732007104,-0.01643871435524813,1.4028430233573528,1.50335074234484,0.9331441921782252,-0.10050771898748723,0.8145728616390027,29.732038631024455,20.70394164624779,9.028096984776663,-0.05893909676790954,0.7433266792045401,0.009111416270411593,1.0378280227725631,-0.1419246627380984,0.6301678370156496,0.12499846296305517,1.5409709907126241,-0.045309905274378504,0.8485905003230132,-0.02709292477690184,0.8793919390995311,0.05357961811140541,1.3877243778501025,-0.03408346353777511,0.7938595081363734,0.12499846296305517,-0.1419246627380984,1.5409709907126241,0.6301678370156496,0.26692312570115356,0.00010067079174290172,0.00013203333876692593,0.7624071966295783,-3.136254702402421e-05,2.545291746628401e-05,1.9212704392922353e-05,1.3241070010760592,6.240213073361656e-06,9.85933803180046e-06,9.514339450237014e-06,1.0351728939643274,3.449985815634471e-07,7.803717977665168e-06,8.81314504127001e-06,0.884459899634824,-1.0094270636048421e-06,7.667161097220217e-07,8.539895252358822e-07,0.8874136633921536,-8.727341551386049e-08,4.2333241790074876e-07,5.768083179914942e-07,0.7214151621942158,-1.5347590009074547e-07,0.0,Train116.csv,Normal
1035,15.354534094420114,55.27632273991241,0,0,0.48786699126705724,0.5320073078596848,0.9170306025672574,-0.044140316592627515,1.6283732468155974,1.7783516779484458,0.915664352473572,-0.14997843113284848,1.0175825721330214,17.851230601729206,16.960012394937955,0.8912182067912511,-0.35418300480699266,0.41717849256049844,-0.10296460329783486,0.777669995018282,0.11981524817897649,1.2739307370278707,-0.14901123204857225,0.7561494442827096,0.06330073971069461,1.1196161533333775,-0.4018996621230456,0.5092771636145706,0.4163825478214714,2.094878468969652,0.020011538924407685,1.1404035247925675,0.4163825478214714,-0.4018996621230456,2.094878468969652,0.41717849256049844,0.8182822099445171,0.0005215694909958921,0.0005392521181023412,0.9671910439978441,-1.768262710644911e-05,0.0001077406739671606,0.00014799123615488798,0.7279714464979642,-4.025056218772738e-05,6.08249252935389e-05,7.372024375034205e-05,0.8249657426808212,-1.2895318456803148e-05,0.00010336495678414737,0.00010370078565413177,0.9966654493281181,-3.3582886998439695e-07,7.321174221373284e-06,8.203644693322503e-06,0.8913429414989456,-8.824704719492187e-07,1.3765919553986588e-06,1.7065292220884938e-06,0.8019624354100802,-3.2993726668983495e-07,0.1572304275168224,Train117.csv,Normal
90,1.335176877775662,4.806636759992384,1,0,0.07841670889216498,0.062384435236062456,1.256991363719538,0.016032273656102526,1.486985444574387,1.6200811899185805,0.917846244156847,-0.13309574534419344,0.9084576877465939,20.289387325569365,20.6022285183395,-0.31284119277013644,0.004819088545794506,1.063986339476406,-0.000478617229118794,0.9931190858578766,0.047350516477891624,2.1887461116955125,0.03856802491304268,1.6833740828555785,-0.01282918323224884,0.8337538354910877,0.004955707883120636,1.1142276049008726,0.02165529102456111,1.3140148284359117,0.02467568240502572,1.4322509548338678,0.047350516477891624,-0.01282918323224884,2.1887461116955125,0.8337538354910877,0.060179699710140463,6.387000721627404e-07,9.747128562108265e-07,0.6486155513602792,-3.360127840480861e-07,7.63070684434369e-08,1.168141093661147e-07,0.6017238052205767,-4.05070409226778e-08,5.916467607313091e-07,9.449343722912198e-07,0.6195679806893354,-3.532876115599107e-07,2.1656708335888876e-06,2.4635531756788775e-06,0.87553033218884,-2.978823420899899e-07,2.3168419914127192e-07,2.9818802239076433e-07,0.7517625031108767,-6.650382324949241e-08,2.9074399184032005e-07,3.7496680645490596e-07,0.7552443144844933,-8.422281461458592e-08,0.0,Train118.csv,Normal
909,13.485286465534186,48.54703127592307,0,0,0.4264677117952065,0.3960056521323989,1.0769232679623228,0.030462059662807572,1.4448626663968536,1.5985951800801854,0.9038327372449928,-0.15373251368333185,0.8495327981629908,18.037720369772067,20.658047405026057,-2.6203270352539896,-0.05956304101106766,0.7645751834064545,-0.03699726600485581,0.7546448551362196,0.0391327670359885,1.2761685319100182,0.004049748554791982,1.0261913266220843,0.09977845691533366,1.2047151113784371,0.10793241934443654,1.1972399062204284,0.14485109110572802,1.2936465097669676,-0.17922002254852926,0.6942088766326312,0.14485109110572802,-0.17922002254852926,1.2936465097669676,0.6942088766326312,0.3240711136542573,0.0004463543192878293,0.0003363518256130719,1.3270064713029752,0.00011000249367475737,3.4769623180676725e-05,3.865077673257513e-05,0.8993513870966859,-3.881153551898402e-06,3.686156449858113e-05,5.751295011926719e-05,0.6408149168662757,-2.065138562068606e-05,5.742259408113161e-05,7.83196231387956e-05,0.7330891146939654,-2.089702905766399e-05,4.464077219318059e-06,4.255736191090479e-06,1.0464963184178713,2.0834102822758033e-07,1.3406843552921294e-06,1.1396220903862072e-06,1.1661957146645785,2.0106226490592226e-07,0.1380893319930353,Train119.csv,Normal
351,5.207189823325082,18.745883363970297,0,0,0.11522245547508002,0.10476497667369461,1.0998183566228732,0.010457478801385409,1.3612960087491879,1.3705188335167475,0.993270552381539,-0.009222824767559645,1.0014969928874038,23.986384252657288,24.207718297336925,-0.22133404467963658,-0.009617603623596094,0.9229442907386456,0.0014934075657172668,1.0151678752344675,0.03507220892008234,1.4045638670759855,0.030741135047786763,1.2730844778180725,-0.00042244148184125696,0.9967203791710815,0.005059105573234399,1.053746822513964,0.007497704456268406,1.0662932789661883,0.017925960782925715,1.2798881738214694,0.03507220892008234,-0.009617603623596094,1.4045638670759855,0.9229442907386456,0.04468981254367843,8.920785796213193e-06,1.0205611316619699e-05,0.8732503146140688,-1.2848255204065057e-06,1.040252775670946e-06,8.985596725963914e-07,1.1449471146988233,1.416931030745545e-07,1.5645931611924799e-06,2.3373179573285406e-06,0.6665450482784735,-7.727247961360608e-07,3.645074430335866e-05,3.465537587684698e-05,1.051502929979886,1.795368426511676e-06,2.8767474988697373e-07,2.976798741823585e-07,0.9349807186818857,-1.0005124295384757e-08,2.8065991813109624e-07,3.0638854367191644e-07,0.8870735800792158,-2.5728625540820208e-08,0.006582916509066639,Train120.csv,Normal
654,9.702285311836478,34.928227122611325,0,0,0.422109046669733,0.2788769835188797,1.5136029736391885,0.1432320631508533,1.5603368273743716,1.6269208935227353,0.9590735628239881,-0.06658406614836365,1.3200312934892289,22.932757389709558,22.114912831377335,0.8178445583322222,-0.001926237703184036,0.9881497008841027,-0.011680149005544732,0.9423543100976742,-0.03683946138650668,0.8695658049712331,0.04815917271925152,1.1868354358969375,-0.01998582855994807,0.9123382445370077,-0.11542465172498106,0.719778605603637,0.5429620502402608,2.4828659718049293,0.2718519889556979,2.1833712492167745,0.5429620502402608,-0.11542465172498106,2.4828659718049293,0.719778605603637,0.6583867019652418,0.00031342931785486016,0.00011153005354181421,2.810015845450187,0.00020189926431304596,2.4117369928504617e-05,1.4188526760575057e-05,1.6985825596688762,9.92884316792956e-06,4.883471451201359e-05,4.837259885866133e-05,1.0093445921471274,4.6211565335226165e-07,7.856595518491847e-05,6.63294729960926e-05,1.1843017684138977,1.2236482188825865e-05,3.379883057344702e-06,3.3706487994023377e-06,0.9997734925740376,9.234257942364303e-09,1.0354233071852798e-06,8.16241435007404e-07,1.2531728176716304,2.191818721778758e-07,0.01577006371932065,Train121.csv,Side I
781,11.586368239364356,41.710925661711684,0,0,0.5122472012735092,0.5439982713775856,0.9416338595341293,-0.031751070104076407,1.7777564634613878,1.8457643100143952,0.9631546369080983,-0.0680078465530074,0.9458115661908312,14.436072049734824,19.604828709358156,-5.168756659623332,-0.01128134789061408,0.9653107852627385,-0.15057153947914848,0.7599289336144365,0.05380991186932149,1.0706153359831894,0.19035030386597818,1.2924613259668032,-0.17348822037988582,0.6526982878909657,0.08222818572908491,1.2928318565760535,0.01721428615379078,1.055051426150012,-0.4308243259877243,0.34894893456313497,0.19035030386597818,-0.4308243259877243,1.2928318565760535,0.34894893456313497,0.6211746298537024,0.0005581877430696061,0.0007384677966228183,0.7558625941393111,-0.00018028005355321221,4.7125625387415736e-05,6.536863598247674e-05,0.720810776781068,-1.8243010595061003e-05,3.776534081230864e-05,5.337433984847176e-05,0.7074235800143505,-1.560899903616312e-05,5.8618071485004785e-05,6.283676822122712e-05,0.9327141736017852,-4.218696736222332e-06,5.0681704769912395e-06,7.134423858450458e-06,0.7093882694258942,-2.0662533814592183e-06,6.77269626678111e-06,8.77040407505527e-06,0.7713422080450755,-1.99770780827416e-06,0.11864440955617225,Train122.csv,Normal
1241,18.410605614662185,66.27818021278387,0,0,0.7843194352469623,0.7526276452025038,1.042108179025034,0.031691790044458545,1.6427029302585192,1.667710347199078,0.9850049339607396,-0.025007416940558747,1.1041794971867398,19.556023514989683,20.027129893897424,-0.47110637890774143,-0.0819987227166884,0.921887805669139,0.08539018591430236,1.1218585692770948,0.10801806032904282,1.1034563423964527,0.1912131385672068,1.312144015321343,0.3147066227131914,1.5063825503700408,-0.3417659705826802,0.6293531749780151,-0.016754210332672603,0.9490241033659612,-0.0710466231123364,0.8019578739578025,0.3147066227131914,-0.3417659705826802,1.5063825503700408,0.6293531749780151,0.6564725932958716,0.0013867839658063413,0.0013524587035142089,1.025372315235812,3.432526229213244e-05,0.00016351291019011183,0.00022336506721919608,0.7320105696024614,-5.985215702908426e-05,0.00016072434193863827,0.00014124165698321985,1.1378580993052116,1.948268495541842e-05,0.00018235125965376304,0.00019946149870462358,0.9141720037096022,-1.7110239050860545e-05,2.0102880748363152e-05,1.671697458333315e-05,1.2018240745337039,3.3859061650300014e-06,4.124421884893329e-06,4.172459845390354e-06,0.9861234865025685,-4.8037960497024385e-08,0.18852459956364886,Train123.csv,Normal
675,10.013826583317465,36.04977569994288,0,0,0.18762023368934247,0.19362694356818977,0.9689778733375987,-0.0060067098788472995,1.4059155192218111,1.5582684720345117,0.9022293240419104,-0.15235295281270056,0.8271264317970981,20.52568444064941,21.430683685088653,-0.9049992444392423,0.016408660360646976,1.0872709433709113,0.011003695548806314,1.0722556480124508,-0.01759990514437787,0.9284306276428722,0.0073816701351474,1.0274749249853783,-0.03402500131666017,0.818971713254905,0.00547631382363073,1.0370786800270169,-0.018816219732302214,0.8927275084925674,-0.029636944779183133,0.7946221312593291,0.016408660360646976,-0.03402500131666017,1.0872709433709113,0.7946221312593291,0.050433661677307146,6.689000965894924e-05,9.565726701162128e-05,0.699194319524396,-2.876725735267204e-05,5.913418501353014e-06,7.171257561163571e-06,0.8234516658103082,-1.2578390598105576e-06,1.359941156300005e-05,1.2410248059743951e-05,1.0949388045700923,1.1891635032560985e-06,3.404407101667005e-05,2.947446286920169e-05,1.1546444365527564,4.569608147468361e-06,9.8772989025691e-07,1.1020361821912047e-06,0.8882174034217519,-1.1430629193429467e-07,3.5992547903610216e-07,4.387795165603719e-07,0.8020095965937057,-7.885403752426975e-08,0.0183109971474404,Train124.csv,Normal
264,3.916518841475275,14.09946782931099,1,0,0.18731602071618556,0.17691035695953125,1.0588187901901454,0.010405663756654304,1.37391393698963,1.4283695474712141,0.961875678323758,-0.054455610481584094,1.0189790517644144,34.93511219141416,35.66476778822001,-0.7296555968058485,0.06400799851350228,1.4307423887458641,-0.032059007718472976,0.7895440537336346,-0.04776953899712158,0.7534705423367113,0.06487300822176083,1.53147443704872,-0.06863456037909632,0.7296106532415083,-0.0033588743481335614,0.9789457059438899,0.09632306914492034,1.576893237972037,0.0049509640324462145,1.0265079666058075,0.09632306914492034,-0.06863456037909632,1.576893237972037,0.7296106532415083,0.16495762952401666,5.364647072594687e-05,8.179450318514176e-05,0.6557887235685913,-2.8148032459194887e-05,2.270629529071545e-05,1.8233610911934165e-05,1.244616287878733,4.472684378781284e-06,1.6716768050921532e-05,7.974250968676805e-06,2.0937177596875975,8.742517082244727e-06,4.8282543208269815e-06,3.4639015868655402e-06,1.3898650264250743,1.3643527339614412e-06,5.426708547877235e-07,5.859444113746298e-07,0.9106065002539024,-4.327355658690624e-08,3.0016654902954885e-07,3.527896489253901e-07,0.8273845461651524,-5.262309989584123e-08,0.0,Train125.csv,Normal
1237,18.351264420094378,66.06455191233977,0,0,0.573201541580643,0.6463335065036647,0.8868510249652091,-0.07313196492302176,1.5359951415031774,1.5315599854573583,1.0028958356570907,0.004435156045819122,0.8082641118888864,21.5602957874076,17.819366519003818,3.7409292684037823,0.1339438885386618,1.2589090900379094,-0.14078897038257288,0.8609273805040418,-0.1340383911523657,0.8232188736338849,-0.2676669306945534,0.7384691339507536,-0.015857138726356634,0.9565858311620574,0.005875688926351874,1.0164832063026605,0.034163494804037076,1.097965821759854,0.07742903495925468,1.36482078913615,0.1339438885386618,-0.2676669306945534,1.36482078913615,0.7384691339507536,0.4016108192332152,0.0007422360000138583,0.0009838674514799392,0.754398831782753,-0.00024163145146608085,8.235006175712602e-05,0.00014002254862705688,0.5880780044677018,-5.767248686993086e-05,7.527148622548975e-05,0.00011219083824991463,0.6708638491437209,-3.691935202442487e-05,0.00012842808369596372,0.0001280532543715077,1.00284882128169,3.748293244560123e-07,9.858673639295634e-06,9.744675619018905e-06,1.010661350960145,1.1399802027672916e-07,2.603284142285065e-06,2.5422045511200018e-06,1.0200139095993102,6.107959116506334e-08,0.1879169457374969,Train126.csv,Normal
1131,16.778722764047487,60.40340195057095,0,0,0.6782388819078056,0.8058259835955089,0.8416691535123813,-0.12758710168770337,1.545797381318096,1.7341507032865624,0.8913858348496717,-0.18835332196846633,0.8198365900562868,24.733430812301357,24.919608533828903,-0.18617772152754597,-0.5265622659358444,0.4225174128909938,-0.6347287301126573,0.49843490509967564,0.6210909963622513,1.816054283821497,-0.2254362493105374,0.7832050792511592,-0.22402249593727475,0.6329024450156252,0.047445500034269394,1.1613229982933682,-0.07807053010430731,0.8466202893225429,-0.28974548063366745,0.5320514454737632,0.6210909963622513,-0.6347287301126573,1.816054283821497,0.4225174128909938,1.2558197264749085,0.0007037137620553569,0.0016212195068197662,0.4340617778637491,-0.0009175057447644093,0.00015651004278217855,0.00017835694072555896,0.8774610482499101,-2.184689794338041e-05,0.00018585533983062226,0.00021268713225924474,0.8738027535044219,-2.6831792428622477e-05,0.0003089351323953272,0.00025487074943403694,1.212077150123413,5.406438296129027e-05,1.746378035615068e-05,2.3679388848099117e-05,0.7371984337853446,-6.215608491948439e-06,3.1413807525896024e-06,7.431327330090329e-06,0.42215328169839694,-4.289946577500726e-06,0.02684595637952245,Train127.csv,Side II
1167,17.31279351515775,62.3260566545679,0,0,0.3692145305149078,0.40376781721318256,0.9144228579657706,-0.03455328669827473,1.3596735332224184,1.4978765519224222,0.9077340334889614,-0.13820301870000384,0.9183817662684545,22.489724969820806,29.741385737772625,-7.251660767951819,0.018189709280518218,1.0634294342467456,-0.01192736980168424,0.9639061664630441,0.014581693924191341,1.0359708545565882,0.035073338011088306,1.082132820760294,0.08743418773549494,1.2936974729494384,-0.1778938309612838,0.5520499266254772,0.0853533588867903,1.262280005494977,-0.26775005085247133,0.5838011928591188,0.08743418773549494,-0.26775005085247133,1.2936974729494384,0.5520499266254772,0.35518423858796627,0.0002281787098091427,0.00027989008698711036,0.8152148585064588,-5.171137717796767e-05,3.261847181597128e-05,3.865608388795976e-05,0.8435938821859421,-6.0376120719884805e-06,2.690916385523195e-05,3.1163234755709676e-05,0.8632137173478052,-4.254070900477726e-06,7.636409484733592e-05,0.00011808474855545933,0.646634128794254,-4.172065370812341e-05,3.7060924465906893e-06,4.762973675618037e-06,0.7764745205955488,-1.0568812290273477e-06,9.926333084120745e-07,1.2454503503056881e-06,0.7906591512522813,-2.5281704189361364e-07,0.02859403311329233,Train128.csv,Normal
888,13.1737451940532,47.42548269859152,0,0,0.43573903113008094,0.46905299963660374,0.9289760905013005,-0.033313968506522795,1.4336439178807174,1.581968971486554,0.9062402200411935,-0.14832505360583648,0.8467493353740215,15.37616160751371,13.437285094196614,1.938876513317096,-0.012551286381348531,0.9373399886470687,0.027814469438742107,1.090578080850816,0.05573322298687486,1.3774033402872916,0.0387421818651994,1.122038962962369,-0.06726824503264306,0.8817581217446646,-0.006165304616477352,0.9905350635792188,-0.03056555032914543,0.937721281499252,-0.14830902469289653,0.7931865309093131,0.05573322298687486,-0.14830902469289653,1.3774033402872916,0.7931865309093131,0.2040422476797714,0.00039431763164785044,0.0005380805195231873,0.7328091043069539,-0.00014376288787533686,5.782628204541841e-05,5.941372659174954e-05,0.973117731957374,-1.5874445463311262e-06,5.317355986484318e-05,7.248538576615616e-05,0.7334750936612962,-1.9311825901312975e-05,8.64287384646131e-05,0.00011342323208934378,0.7619349010221181,-2.6994493624730683e-05,4.917746605934125e-06,5.198742829830761e-06,0.9441331174520492,-2.8099622389663594e-07,1.1868206921895409e-06,1.7064905430540775e-06,0.6914227969341923,-5.196698508645367e-07,0.1348991494057375,Train129.csv,Normal
1255,18.61829979564951,67.02587926433823,0,0,0.7852375918926786,0.798633745906151,0.9832261485137542,-0.013396154013472383,1.652393665951945,1.7316197491950827,0.9542474074793621,-0.07922608324313773,0.9785109058716035,18.163114014713052,14.798592362289357,3.3645216524236954,-0.5971813210005262,0.47438682450505854,0.053401150701284844,1.2214945867742986,0.2648055264627178,1.350112936023607,0.02308293065780831,1.026552662252674,-0.15576569834757104,0.8026169500460153,0.1348512283608687,1.229685562188216,0.00851799467685399,1.008676736949053,0.19868364089073054,1.2825257543662247,0.2648055264627178,-0.5971813210005262,1.350112936023607,0.47438682450505854,0.861986847463244,0.0012871369050371823,0.001274783150736125,1.0096829468325348,1.2353754301057266e-05,0.00022542571328509694,0.00015847715002823172,1.422359561926259,6.694856325686522e-05,0.0001366764486350967,0.00014868389332893463,0.9191799715187131,-1.2007444693837928e-05,0.0003566252363059352,0.0004091287999656952,0.8716485367211247,-5.250356365976e-05,2.417093430762395e-05,2.3804786414735132e-05,1.014954906027142,3.6614789288881905e-07,4.521984599381557e-06,5.196113798506282e-06,0.8685911938150462,-6.741291991247254e-07,0.19065138795518077,Train130.csv,Normal
438,6.497860805174888,23.392298898629598,0,0,0.13989253984487385,0.13232210727710272,1.0572120725057437,0.007570432567771124,1.325767226066329,1.5453425666829488,0.8579115375906263,-0.21957534061661987,0.9053000686937264,18.593279411850013,17.68300432534145,0.9102750865085625,0.030484523852952458,1.3006200614898926,-0.010946317845927644,0.9225837246463691,0.013630698930471835,1.1000935069862507,0.02705846934856715,1.1795282325911656,-0.024817090585466328,0.8526682238863346,0.008098403359645873,1.0661803121681372,0.008129019626320927,1.0563688600956345,0.018825721557537325,1.2840713587676984,0.030484523852952458,-0.024817090585466328,1.3006200614898926,0.8526682238863346,0.055301614438418786,1.2610387018111565e-05,1.2264381866896526e-05,1.0273745069086722,3.460051512150391e-07,3.246918571050654e-06,2.6924010487561207e-06,1.201493972386211,5.545175222945334e-07,4.214849681872536e-06,5.119012625760861e-06,0.821766290982231,-9.041629438883246e-07,4.774757114785347e-05,5.30362670054999e-05,0.9001118050946533,-5.288695857646435e-06,4.571354703137457e-07,4.815177630835515e-07,0.9300487279358789,-2.4382292769805737e-08,2.6331836681340225e-07,3.4033080062500917e-07,0.7516277939125763,-7.701243381160692e-08,0.008214579575416488,Train131.csv,Normal
663,9.835802999614044,35.40889079861056,0,0,0.43765722476744445,0.45014521646946926,0.9722578382093056,-0.012487991702024803,1.45512627963576,1.6208025611901684,0.8977813248206098,-0.1656762815544084,1.0040223444082053,16.797070393583873,18.817030729057162,-2.0199603354732893,-0.15882740684723817,0.7376546120711837,0.08492833343227302,1.3074529545332607,0.0019837580404322153,1.0045277849943084,0.007968925705091612,1.0192188725817501,0.025815118378344937,1.0797295944654992,-0.09940998357842434,0.7984664829079002,0.12696990122747553,1.2702557818187588,-0.051947930429339984,0.8951477599625152,0.12696990122747553,-0.15882740684723817,1.3074529545332607,0.7376546120711837,0.2857973080747137,0.0006268419216061213,0.0004957448130044381,1.2644192354023795,0.00013109710860168325,3.4027642609622854e-05,4.531052188555866e-05,0.750821949834292,-1.1282879275935805e-05,2.780234691138382e-05,3.179327600190001e-05,0.8741975798255134,-3.990929090516189e-06,2.9964900813879974e-05,3.0104418641205884e-05,0.995035008674505,-1.3951782732590998e-07,3.6002726824354193e-06,4.896564665920618e-06,0.7337664797208784,-1.2962919834851987e-06,1.7096975706705653e-06,1.8933800292563493e-06,0.8982428860192173,-1.83682458585784e-07,0.10071862168468913,Train132.csv,Normal
1191,17.668840682564593,63.607826457232534,0,0,0.49249873037631475,0.459898304066352,1.0708861400723886,0.03260042630996274,1.5260166659920653,1.6225250661406878,0.9405196187302227,-0.0965084001486225,1.184220713354924,38.525040015584565,38.04813783163367,0.476902183950898,-0.0010936297964065644,0.994485377139815,-0.09611089156351985,0.7140686809601688,0.12337114132469507,1.2055707243231653,-0.1393773851842821,0.8420057772162662,0.3328940923944434,1.7754393842510812,-0.10463990164576747,0.6967192520203362,0.06309273332521648,1.2484646374712958,-0.011348197925847514,0.9380253958731705,0.3328940923944434,-0.1393773851842821,1.7754393842510812,0.6967192520203362,0.4722714775787255,0.0006231044469069126,0.0007603289914519276,0.8195087374343978,-0.000137224544545015,5.137318938930331e-05,3.259708930587855e-05,1.5755220868500373,1.877610008342476e-05,2.996862872858567e-05,2.6539487475734527e-05,1.1287837008520838,3.429141252851142e-06,0.0001388663131901988,0.0001659663818627189,0.8366630940603154,-2.71000686725201e-05,6.455725442782521e-06,7.985578137250485e-06,0.8074119634584064,-1.5298526944679638e-06,1.70906021340017e-06,1.6450730867534253e-06,1.032619179828877,6.398712664674463e-08,0.028270145046871118,Train133.csv,Normal
1244,18.45511151058804,66.43840143811694,0,0,0.6426099121498603,0.7425549698555124,0.8654038146440017,-0.0999450577056521,1.6652697053839607,1.7389288100616342,0.9576410984579216,-0.07365910467767356,0.8253533757399082,14.95595410205176,14.472224180767853,0.48372992128390635,-0.25608708936122415,0.7435705283704908,-0.0607530531076671,0.9415890411421934,-0.007712425824901614,0.9904028661121494,-0.24524053611369911,0.7737312655461329,-0.0537857058666264,0.8522019712113733,0.05065478323648204,1.167845978517648,-0.025605683064659712,0.9342939205657225,-0.04738407765999536,0.8715426808248828,0.05065478323648204,-0.25608708936122415,1.167845978517648,0.7435705283704908,0.3067418725977062,0.0007436123130675294,0.001312519405761614,0.5665490691509786,-0.0005689070926940846,0.00012538097319459007,0.00013227951851400217,0.9477770771485508,-6.898545319412104e-06,0.0001036806047957939,0.00011609800978808416,0.8929668589189301,-1.241740499229026e-05,0.00014427062721352284,0.00014458081438265685,0.9977855635539431,-3.1018716913400776e-07,1.273093812436264e-05,1.1844915672591326e-05,1.0738952917055906,8.86022451771314e-07,3.39098237218261e-06,3.3052857669921726e-06,1.0228326034347,8.56966051904373e-08,0.18898033993326285,Train134.csv,Normal
625,9.272061651219875,33.37942194439155,0,0,0.2646868711273239,0.2902482334951042,0.9119327233130649,-0.025561362367780283,1.3040311354064924,1.4866822641053117,0.8771417794641164,-0.18265112869881928,0.7794925032743837,19.451690395979245,24.97923515643832,-5.527544760459076,-0.07307532470177208,0.7212108478037699,-0.0017406406838429422,0.9915195990078435,0.06797418061843927,1.3079650901324495,-0.013285373026057895,0.9393582829557375,-0.046001411838873074,0.8416330668093146,-0.09449135653797597,0.8044503740597416,0.02988819653622804,1.154232432870229,-0.022139203605766544,0.933544458506335,0.06797418061843927,-0.09449135653797597,1.3079650901324495,0.7212108478037699,0.16246553715641524,8.795319696629664e-05,0.000134980121049902,0.6515528416615232,-4.702692408360535e-05,1.610611467508578e-05,1.999600453674306e-05,0.8050640319262781,-3.889889861657281e-06,2.5102830827922574e-05,3.563048444375107e-05,0.7043347255153237,-1.0527653615828493e-05,0.00013335456800143177,9.36174695967365e-05,1.4243102860282792,3.973709840469527e-05,1.5397149833146449e-06,2.2268404690286705e-06,0.6883436725298758,-6.871254857140257e-07,4.682375884339122e-07,1.0366440413472686e-06,0.4473704238846897,-5.684064529133564e-07,0.0166571773926179,Train135.csv,Normal
1142,16.941911049108956,60.99087977679224,0,0,0.5045244588731572,0.48474210385058053,1.0408100399312004,0.019782355022576692,1.5027474183794938,1.6471004685299215,0.9123592871035613,-0.14435305015042776,1.0582793689787122,21.254157390318735,24.834183074615908,-3.5800256842971727,-0.05114866117616934,0.8474395040382094,-0.13406783946808054,0.7314599586577867,0.019308775280976354,1.0469031653671317,0.01950264516309208,1.0380474675942712,0.03920892635382228,1.0899292941836107,-0.09961583446285804,0.8403882474948434,0.027225949852157205,1.047277099740293,0.2811686341266333,1.6727409769809785,0.2811686341266333,-0.13406783946808054,1.6727409769809785,0.7314599586577867,0.41523647359471383,0.00037809329519052065,0.00041348286901511465,0.9143889133834131,-3.5389573824594e-05,8.374510965126778e-05,5.817777962761735e-05,1.439221606103703,2.556733002365043e-05,0.00011222495945210308,0.00012119514609208245,0.9259091966841334,-8.970186639979368e-06,0.00023973148466168638,0.000195091282007263,1.228754020451603,4.4640202654423386e-05,9.88689965902531e-06,1.0718793050011421e-05,0.9215295339315717,-8.318933909861111e-07,1.634688622102682e-06,1.6962836619024347e-06,0.9580403649180306,-6.15950397997527e-08,0.02891419480779906,Train136.csv,Normal
839,12.446815560597562,44.80853601815122,0,0,0.5015696849635174,0.4542594886289288,1.1041479297128245,0.047310196334588606,1.4664057327255877,1.564335857805193,0.937398267792067,-0.09793012507960519,0.8806764180993346,25.899188893979385,20.382529111832667,5.516659782146718,-0.031289735620271375,0.8441694746202872,0.06470549693939742,1.299967781764891,-0.03273656552081988,0.8849474049939241,-0.02066147985739314,0.9425685330103682,0.04823057792522234,1.1280892798978965,-0.13090705416343906,0.8385760230198109,0.11710231724883868,1.3777134606935244,0.2726861606781419,1.4029148928273305,0.2726861606781419,-0.13090705416343906,1.4029148928273305,0.8385760230198109,0.40359321484158095,0.00042166310168601575,0.00035109271493198883,1.200967932611102,7.057038675402691e-05,8.657783085790289e-05,7.669600676653461e-05,1.128696884474961,9.881824091368275e-06,5.968682319753634e-05,5.4126757524790356e-05,1.1025193588700706,5.560065672745983e-06,8.707280234323156e-05,7.411410803473131e-05,1.1746893777451335,1.2958694308500254e-05,4.359906556013944e-06,4.9835172371831865e-06,0.8731133485529613,-6.236106811692426e-07,1.3148721649772462e-06,1.3553146671125911e-06,0.9630543029014533,-4.044250213534494e-08,0.11586853650365929,Train137.csv,Side I
0,0.0,0.0,1,1,0.07727035413970852,0.060126975138345626,1.285119384614377,0.017143379001362896,1.4179837392574348,1.5812808897583204,0.8967310864718321,-0.16329715050088556,0.9851063555064127,23.406025098111094,23.05621226408903,0.34981283402206387,0.00903200450712606,1.1294669668776518,0.0029865464259690305,1.047411369952831,0.04346058003629743,1.9811766537572693,0.0496681494948128,2.3075498959424543,-0.014268080422595697,0.8118349195973574,0.001401163553296468,1.0277626580966261,0.020036839648586657,1.2831270745234125,0.026113031283132943,1.4493576347181212,0.0496681494948128,-0.014268080422595697,2.3075498959424543,0.8118349195973574,0.0639362299174085,1.137863322381459e-06,1.333428905474122e-06,0.8469843977191225,-1.9556558309266293e-07,9.129064029879219e-08,1.543091160375819e-07,0.5556030152210883,-6.301847573878971e-08,7.237153145890976e-07,8.581195849511809e-07,0.833658550198238,-1.3440427036208336e-07,2.5488140042731707e-07,3.610668165652884e-07,0.6868881534236335,-1.0618541613797131e-07,1.9218945858713856e-07,2.2089905821663005e-07,0.8323527175534252,-2.8709599629491485e-08,2.8959530560352184e-07,3.288430135386906e-07,0.8546592198527196,-3.924770793516877e-08,0.0,Train138.csv,Normal
340,5.044001538263612,18.158405537749005,0,0,0.27927186994059056,0.2860878642193985,0.9761751374559104,-0.006815994278807969,1.4601325793781608,1.6041710936278302,0.9102099994670603,-0.1440385142496694,0.983454662940583,22.108204594641066,20.622737682670742,1.4854669119703239,0.03436394638095902,1.224506210803469,0.017765635865671037,1.0614928646177049,-0.20288518889136714,0.5738490705619691,0.12291193524803784,1.4295531486520219,0.00838404558793776,1.030800634455333,-0.01281782624429878,0.9559977479673459,0.07429702627466289,1.3887117752381481,-0.047967182623894655,0.7709522966722016,0.12291193524803784,-0.20288518889136714,1.4295531486520219,0.5738490705619691,0.325797124139405,0.00017673366493043256,0.00019990844601243355,0.8840288050230289,-2.317478108200099e-05,3.730598663218739e-05,3.8776441555879394e-05,0.961830607183721,-1.4704549236920037e-06,2.5325881958436962e-05,2.880355204501714e-05,0.8789573017193026,-3.4776700865801776e-06,8.765631872674057e-06,8.994603055341909e-06,0.973461219645203,-2.2897118266785214e-07,1.2025364187367983e-06,1.34080534208279e-06,0.8902366471860573,-1.3826892334599183e-07,5.770429608641349e-07,6.734874418816005e-07,0.8442627113609721,-9.644448101746565e-08,0.0516505752229175,Train139.csv,Normal
415,6.156648936409997,22.163936171075992,0,0,0.21550797607487576,0.23109442735118782,0.9325537150311163,-0.015586451276312058,1.4511537037323994,1.566028290440703,0.9266458999010578,-0.11487458670830364,0.8518875466133782,24.226892594572714,24.363396030767607,-0.1365034361948929,0.036351391872143424,1.202121606723639,-0.06996254922471767,0.8262548026424777,0.026415676743127878,1.257068030175934,0.06253782369985766,1.476027107966239,-0.06580944650538656,0.79311149213891,0.03717046361446277,1.1809455658654393,0.00022338264500909588,1.0017190215521838,-0.06856774701226157,0.6755457876234228,0.06253782369985766,-0.06996254922471767,1.476027107966239,0.6755457876234228,0.13250037292457534,8.147056120163039e-05,0.00012375930973381187,0.6582452578660046,-4.228874853218148e-05,5.073818483717981e-06,7.817842330580484e-06,0.6481758662788147,-2.744023846862503e-06,2.0307818609055254e-05,1.9365339132424744e-05,1.0481271305889042,9.424794766305105e-07,5.934213117008008e-05,4.71335537943405e-05,1.2587538781856533,1.2208577375739581e-05,1.1003057301126438e-06,1.0928374719523958e-06,0.9977043382147055,7.468258160248026e-09,4.216070222158289e-07,5.755455231749251e-07,0.7200243286462265,-1.5393850095909623e-07,0.0114625609075385,Train140.csv,Normal
638,9.464920533565248,34.0737139208349,0,0,0.31589585732460224,0.35584695903775476,0.8877295152430713,-0.039951101713152526,1.5476466936820636,1.6402726095812112,0.9435301639536016,-0.09262591589914759,0.9723543362827459,15.89694738527663,18.404057292859566,-2.5071099075829366,0.008038594076411248,1.0558804152860208,-0.0015842006585948532,0.989599443269415,0.013801467905300707,1.0599141294926773,-0.021195984495846282,0.9131099908460276,0.4042701853042668,2.54633678999204,-0.5719638249054588,0.33437797527625013,0.11192974156887206,1.584413864910016,0.045049380214320034,1.39304177577878,0.4042701853042668,-0.5719638249054588,2.54633678999204,0.33437797527625013,0.9762340102097256,0.00018076679281620457,0.0003067144320879305,0.5893459206548733,-0.00012594763927172595,1.1171811202221737e-05,1.5061337183566955e-05,0.7412621100669774,-3.8895259813452175e-06,3.3003721154279985e-05,3.4853529323285744e-05,0.9466546214595786,-1.849808169005759e-06,2.1460039179242452e-05,2.0311934027161007e-05,1.056003781459005,1.1481051520814457e-06,1.5239027103232661e-06,1.6941501054011588e-06,0.8942303295310584,-1.7024739507789268e-07,8.518603607531951e-07,9.469342076368357e-07,0.8901974179153632,-9.507384688364059e-08,0.027691653137184462,Train141.csv,Normal
6,0.0890117918517108,0.3204424506661589,1,0,0.14267070423103734,0.17227781300236159,0.8281431802692423,-0.029607108771324248,1.3797767518083397,1.446033901041861,0.9541800792307953,-0.06625714923352133,0.899999990250843,35.726636963441315,48.60347912910893,-12.876842165667618,0.009910676995150788,1.1488282652896729,-0.16140295427585757,0.5239814450448216,0.008673328382650086,1.0645619230038343,0.033294350451993346,1.267203118500786,-0.018676612378260668,0.8163025634533023,0.013800163440022856,1.076470330070978,0.0001032003200300835,1.000863619811749,-0.019879590494872174,0.8796406383864089,0.033294350451993346,-0.16140295427585757,1.267203118500786,0.5239814450448216,0.1946973047278509,2.4098121906714997e-05,2.3601836311821915e-05,1.0205949926329791,4.962855948930817e-07,7.174375678023657e-06,6.385983871027951e-06,1.1217000891014761,7.883918069957059e-07,8.198790735081676e-06,4.091968289940368e-05,0.20031405460024043,-3.2720892164322005e-05,3.2647652321114576e-07,4.3676127308980605e-07,0.7307628097512356,-1.1028474987866028e-07,1.948955459738488e-07,1.9956999145615871e-07,0.9299783075795002,-4.6744454823099096e-09,2.8016645937921873e-07,3.49626910712497e-07,0.7790475379724773,-6.946045133327828e-08,0.0,Train142.csv,Normal
860,12.75835683207855,45.930084595482775,0,0,0.6346640997171634,0.5854212680281725,1.0841151894151362,0.04924283168899091,1.4075356899388127,1.5020918529382035,0.9370503393750954,-0.09455616299939074,1.047669100359278,26.394482738586458,26.278178430547044,0.11630430803941394,-0.10145692994479016,0.7176723401888839,0.1305428079989388,1.2360639846752723,0.16308024078023764,1.3035962197693323,-0.10987060058020925,0.8351332787581902,0.09360244588207106,1.2332961133748948,0.5142547073031877,1.79070550168612,-0.33792741235889817,0.5377473829993235,-0.3106603262504074,0.5398262532435335,0.5142547073031877,-0.33792741235889817,1.79070550168612,0.5377473829993235,0.8521821196620858,0.0011865726963595938,0.0005624610766919395,2.109571043791589,0.0006241116196676543,0.0001226733799482502,8.270801649052361e-05,1.4830309665646297,3.996536345772659e-05,7.665204196098446e-05,6.368912235010609e-05,1.20334533872674,1.2962919610878375e-05,0.00019821299421026348,0.000237787133219309,0.833538199249278,-3.9574139009045524e-05,1.0208003105970853e-05,1.0237377548700713e-05,0.9961576078813597,-2.9374442729859833e-08,2.0063720453691756e-06,2.3271053708622905e-06,0.8584859161180702,-3.2073332549311487e-07,0.13064557262267368,Train143.csv,Normal
422,6.2604960269036605,22.537785696853177,0,0,0.1969763492565221,0.18723145640491706,1.052047249528721,0.009744892851605041,1.409163389686667,1.5017623136834697,0.9383398207982212,-0.09259892399680258,1.0400200031857179,26.909844753008727,28.138750281196828,-1.2289055281881005,0.015820935178858686,1.1512110511698583,0.0017581406388684773,1.0072762863282,0.06091570344754335,1.4022483064167266,0.05682720583404127,1.3787515361617748,-0.01721663203488688,0.9363521360110789,0.012432262745656036,1.0583259242278205,-0.017142854277521907,0.8820368316096568,-0.02956795186643507,0.8164457138965915,0.06091570344754335,-0.02956795186643507,1.4022483064167266,0.8164457138965915,0.09048365531397842,6.091519811074693e-05,4.2075906853623126e-05,1.4474013432243011,1.8839291257123807e-05,3.876322832392257e-06,5.03531101514356e-06,0.7683020572482903,-1.158988182751303e-06,1.1370646802415605e-05,1.212655873027879e-05,0.9368921664794193,-7.559119278631846e-07,7.239138395932487e-05,5.70063599309772e-05,1.2696598668690942,1.5385024028347674e-05,9.424140037496391e-07,1.093957348823571e-06,0.8536688530167582,-1.5154334507393195e-07,3.4399264587956543e-07,3.7858181944475506e-07,0.8852515188978652,-3.458917356518963e-08,0.011655905308388548,Train144.csv,Normal
296,4.391248398017733,15.808494232863838,0,0,0.17401722068471184,0.1961317558902101,0.8872464890879663,-0.022114535205498248,1.4568977320348782,1.579487269430333,0.9223864927613291,-0.12258953739545486,0.9386090098704728,15.979457356825472,16.061674916578625,-0.08221755975315226,-0.009183464819137788,0.9348977768331005,0.007126100090920365,1.0747179217981386,-0.16479335706435957,0.5009013803829576,0.02557944416672346,1.2251588307350703,-0.05872222942986913,0.7545293759970096,-0.0065448649948427196,0.9698205364380598,0.08983007464057291,1.490073729976928,-0.010361715882663713,0.9247557493479351,0.08983007464057291,-0.16479335706435957,1.490073729976928,0.5009013803829576,0.2546234317049325,5.0605943240505e-05,0.00010566719917264314,0.4788728660174924,-5.506125593213815e-05,1.665312499962617e-05,1.8912623656019305e-05,0.8800642713373837,-2.2594986563931346e-06,1.2570028015584242e-05,9.645095012896981e-06,1.3019061955157958,2.924933002687261e-06,4.769770073025177e-06,4.849481761984876e-06,0.9815388361653083,-7.971168895969881e-08,5.895152846755993e-07,7.115173187138706e-07,0.8170493893707645,-1.220020340382713e-07,3.9748315033943143e-07,4.967682636602196e-07,0.7843489398261486,-9.92851133207882e-08,0.0,Train145.csv,Normal
759,11.259991669241417,40.5359700092691,0,0,0.5992025173915502,0.6345306548468291,0.9443239713815771,-0.03532813745527896,1.6520756757391324,1.7396361287888134,0.9496673694588553,-0.08756045304968096,0.9781801043565275,27.38305223557566,24.598150922214074,2.784901313361587,0.039322120757420864,1.217428640703435,-0.2926424489353742,0.5623731985969617,0.16133640960865592,1.237345574455816,0.0005542331819603508,1.0005685816801695,-0.2223773540315167,0.7687080525951303,0.03336138903264685,1.0850804551006972,0.003299601575293243,1.0076561948219944,0.07345314246690027,1.2879380474869877,0.16133640960865592,-0.2926424489353742,1.2879380474869877,0.5623731985969617,0.45397885854403014,0.0008685185607651508,0.0011511718069915095,0.7544582058979294,-0.00028265324622635875,0.00010349418561651013,0.0001533991277710027,0.6746286033970433,-4.990494215449258e-05,9.163433815614161e-05,8.617726563617424e-05,1.063200433147065,5.457072519967366e-06,6.650497899656718e-05,6.869414118330533e-05,0.9679908350666855,-2.1891621867381494e-06,7.260871868829566e-06,7.820899371490128e-06,0.9272079137249732,-5.600275026605626e-07,7.698850564557849e-06,8.128381947563066e-06,0.9459927801573839,-4.2953138300521677e-07,0.11530231351233643,Train146.csv,Normal
737,10.933615099118477,39.361014356826516,0,0,0.21931883493903506,0.20607872569629823,1.064247770144752,0.01324010924273683,1.4556202772947031,1.5094673522455733,0.9643270955718023,-0.053847074950870155,1.0583923084567444,19.85251935827943,21.149047682696455,-1.2965283244170251,0.0467204171161163,1.2581336736185673,0.019643503930744793,1.1003093277067937,-0.03733641156599554,0.8692742030525098,0.03281492485807014,1.1150867649965972,-0.0020234328407651714,0.9893900281785301,0.04250106573961332,1.2653656652572531,-0.002096402807793135,0.9877586357864689,0.015963890219849897,1.1329562375290032,0.0467204171161163,-0.03733641156599554,1.2653656652572531,0.8692742030525098,0.08405682868211184,8.414473830441293e-05,5.778245707170649e-05,1.4559813264213635,2.6362281232706437e-05,7.977287936631271e-06,6.7423459198763e-06,1.1814098435255243,1.2349420167549712e-06,2.7399885825222642e-05,2.305718037196531e-05,1.1878298683840476,4.342705453257334e-06,3.584757147896425e-05,2.5806975607509892e-05,1.3885271467869598,1.004059587145436e-05,1.075780984623549e-06,1.202878037904319e-06,0.8869655076633639,-1.2709705328077006e-07,4.16382460991154e-07,4.508756104276384e-07,0.9034595269747515,-3.4493149436484364e-08,0.03392733886895674,Train147.csv,Normal
0,0.0,0.0,1,1,0.07686921485110067,0.05920479764234203,1.2983610269535852,0.017664417208758637,1.3246523653907358,1.4699957776873167,0.9011266402842939,-0.14534341229658088,1.0058071703058868,27.931107836747238,45.444659979999905,-17.513552143252667,0.0102581409193086,1.1529154648376696,0.0039620635825844686,1.0668900204412104,0.04488984399217191,2.0474607803693594,0.04396547898830804,2.0202689023604443,-0.012597330580033192,0.830722683228105,0.003973763931642102,1.0784757952134671,0.01954552069423647,1.271645176261911,0.02739439870450891,1.495212917891323,0.04488984399217191,-0.012597330580033192,2.0474607803693594,0.830722683228105,0.057487174572205105,1.1141448402283907e-06,9.623355275631705e-07,1.1458440102673377,1.5180931266522016e-07,9.214771686885391e-08,1.3062353876944532e-07,0.6552794622807185,-3.8475821900591415e-08,7.40115380939062e-07,9.70235401809619e-07,0.755038411765919,-2.3012002087055687e-07,2.35576317454772e-07,2.8133310173561097e-07,0.808615004787753,-4.5756784280838976e-08,1.9270866189796331e-07,2.0871911861310676e-07,0.8810782665910726,-1.601045671514344e-08,2.771789787318677e-07,3.3261182662644716e-07,0.8090175446105615,-5.5432847894579466e-08,0.0,Train148.csv,Normal
377,5.592907588015829,20.134467316856984,0,0,0.30211842156042984,0.3260244761704536,0.9266740210502928,-0.023906054610023764,1.3727875896448172,1.4369345539592397,0.955358458260148,-0.06414696431442257,0.9907851055445587,42.91401132672909,36.63566177539334,6.278349551335751,-0.11609308379991229,0.750569379241203,0.0536722917337521,1.3090335448898256,0.11326947848408264,1.410211653324975,-0.010807236481527371,0.9631928126595782,-0.08604293231061436,0.725864555772976,0.05270664210674897,1.1672661686602686,-0.02509521883384941,0.9263545231833491,-0.1615789298171477,0.5468950580583392,0.11326947848408264,-0.1615789298171477,1.410211653324975,0.5468950580583392,0.27484840830123036,0.00020178686560803728,0.00031126675152698163,0.6482554980998839,-0.00010947988591894435,5.024903046155677e-05,6.8428068313612e-05,0.7342263114630091,-1.8179037852055227e-05,2.3176279544546985e-05,3.423709240802065e-05,0.6767371451107221,-1.1060812863473667e-05,7.776529769136052e-06,6.388135117972946e-06,1.2154369399438079,1.3883946511631058e-06,1.0728272798782934e-06,1.1074397511698043e-06,0.9600761730153167,-3.461247129151092e-08,5.945704618377614e-07,6.726786682029591e-07,0.8709375135491955,-7.810820636519768e-08,0.057271373114823235,Train149.csv,Normal
876,12.995721610349776,46.784597797259195,0,0,0.6998618773818723,0.6722782444143538,1.0410300687050298,0.027583632967518534,1.5352450977827632,1.7110166750457863,0.8972706760844243,-0.17577157726302306,1.1134747082989285,15.03752549787414,16.743103307098018,-1.7055778092238771,-0.005253867964110981,0.9547483901554401,-0.03512516106974101,0.9309704744804479,-0.026621764360676314,0.9369163770223052,-0.08268359681486159,0.8589855257450564,0.0881709060098208,1.138116155546345,0.057289213291392915,1.0537391433290313,0.15532791576059596,1.3112637911843974,0.012472798951658204,1.0122998010600903,0.15532791576059596,-0.08268359681486159,1.3112637911843974,0.8589855257450564,0.23801151257545755,0.0011647131778464888,0.0009918429519133777,1.1742800942414373,0.00017287022593311108,0.00011506442718640707,0.0001614758982823753,0.7125354499078592,-4.641147109596824e-05,9.84235590608346e-05,8.258469414929448e-05,1.19164505752547,1.5838864911540127e-05,0.00012331159375206168,9.342419858109167e-05,1.3197693737913252,2.988739517097001e-05,1.0969268627391201e-05,8.461414806122387e-06,1.2948567480680544,2.5078538212688138e-06,3.16359853890696e-06,3.4907060502922632e-06,0.9037029940411139,-3.2710751138530305e-07,0.13307618792728154,Train150.csv,Side I
699,10.36987375072431,37.33154550260752,0,0,0.20287816359178393,0.20216231367611742,1.0035409165399847,0.0007158499156665055,1.4374591802808507,1.6232251519541778,0.8855574777748726,-0.1857659716733271,0.9151225295896817,28.786863488968123,30.097508198246878,-1.3106447092787548,0.09141302126097245,1.4037438651092926,0.008615816190425535,1.0579806025208633,-0.09760801065327801,0.7116655376791847,0.00280291711206046,1.0133620134750982,-0.015860307256519907,0.9112072912551896,-0.011536511057744003,0.9093500266533303,0.014314111682038222,1.0812821540268451,0.0294045551409495,1.2332115187367754,0.09141302126097245,-0.09760801065327801,1.4037438651092926,0.7116655376791847,0.18902103191425046,6.502939953693982e-05,7.221259229667475e-05,0.9004024567522189,-7.183192759734934e-06,1.2050040646641197e-05,1.2870483165478154e-05,0.9355270677219096,-8.204425188369567e-07,1.2847412823164019e-05,1.8520399463504794e-05,0.6933154813239029,-5.672986640340775e-06,2.8307565798154407e-05,2.7383385799808e-05,1.0333722893923107,9.241799983464077e-07,1.17397136857555e-06,1.5035736632833642e-06,0.7756288293421267,-3.2960229470781424e-07,4.6224210816340987e-07,4.845476550761174e-07,0.9346765744794902,-2.2305546912707523e-08,0.10618750612005687,Train151.csv,Normal
1112,16.496852089850403,59.38866752346145,0,0,0.37633524357293674,0.34480001258749293,1.0914594516229816,0.03153523098544381,1.4210488074330525,1.5716971638846648,0.9041492413711834,-0.15064835645161234,1.0512725897505866,17.561697689715,18.81735781746423,-1.2556601277492305,-0.04262699432055561,0.8606434205836719,-0.010002415890255634,0.9758334095993189,-0.01295042066964408,0.9744029965503138,0.04493032512541806,1.1003524227447878,0.023707879167173374,1.1209780356236996,-0.02487646766936341,0.9129256643092932,0.13563580005254716,1.5343356695129677,0.17032146058734718,1.7999294158328645,0.17032146058734718,-0.04262699432055561,1.7999294158328645,0.8606434205836719,0.2129484549079028,0.00027940083943207703,0.000219674723088885,1.2718264406534576,5.972611634319204e-05,3.100289534215208e-05,2.8765125156347925e-05,1.077419999867931,2.2377701858041567e-06,1.875650112008298e-05,2.6050956251059706e-05,0.719716534550427,-7.294455130976728e-06,8.234269042184862e-05,0.00011390552741166483,0.72283991737387,-3.156283698981621e-05,5.037454762505036e-06,6.827978411166414e-06,0.7366877254655961,-1.790523648661378e-06,9.270083796975652e-07,1.0534146604893106e-06,0.8717280418825706,-1.264062807917454e-07,0.025988886943683374,Train152.csv,Normal
319,4.732460266782624,17.03685696041745,0,0,0.3008129719317951,0.25659784914205264,1.172312867058119,0.04421512278974249,1.4589195905738668,1.5825749035663739,0.9218644741980355,-0.1236553129925071,1.0474261788009342,21.169291055905376,25.096369196165817,-3.9270781402604413,0.10045444813475285,1.2981807805052972,0.11119200000444379,1.3954358811512457,0.1254848737891367,1.4729539249288846,-0.04119189733637724,0.8466579702304587,0.03947274795462741,1.2056644809510977,0.007739977450776675,1.034581468287196,-0.021054882671946967,0.9114248639648279,-0.07768809935631482,0.6460870592200599,0.1254848737891367,-0.07768809935631482,1.4729539249288846,0.6460870592200599,0.20317297314545152,0.0002516750714749721,0.0001921812199879162,1.3095034803920587,5.9493851487055866e-05,5.166071652044459e-05,4.512717570701468e-05,1.1445270048745229,6.533540813429907e-06,1.8738798394986017e-05,1.9108389501423374e-05,0.9801452362706023,-3.695911064373565e-07,8.117426189215582e-06,7.747282506382314e-06,1.0464265266266841,3.701436828332686e-07,9.526021995946213e-07,1.0298317240145988e-06,0.9161118838698243,-7.72295244199775e-08,6.087210032741338e-07,6.128786197931145e-07,0.977270665473021,-4.157616518980673e-09,0.0,Train153.csv,Normal
1034,15.339698795778162,55.222915664801384,0,0,0.5322247247051741,0.43783482975381716,1.2155833122015367,0.09438989495135697,1.3997595318030729,1.4806656741093374,0.9453582579953342,-0.08090614230626447,1.1347981426482132,30.532836346227967,32.01931627652155,-1.4864799302935836,0.2850959999667311,1.6051507523515398,0.07340550753832353,1.3187727783991832,-0.06264943594400096,0.8630954729933508,0.053638823137164005,1.1525660762176906,-0.06179918856540101,0.8731816588762378,0.0787577324601913,1.1955023440326975,0.286943070370964,1.4809308226009152,-0.11531699379866556,0.7202061635051544,0.286943070370964,-0.11531699379866556,1.6051507523515398,0.7202061635051544,0.40226006416962956,0.0007515543590568093,0.0003256017531519609,2.308130317108252,0.00042595260590484843,0.00015121333586092705,0.00011615464506573578,1.3017156448535416,3.505869079519126e-05,6.939115785759627e-05,5.895693441363715e-05,1.1767808272147233,1.0434223443959118e-05,0.00012373970208580254,0.00012587570144436173,0.9829527950042233,-2.1359993585591823e-06,8.230593554371847e-06,6.395192233082852e-06,1.2849877497603879,1.8354013212889952e-06,1.3397620118445526e-06,9.6571297151998e-07,1.3731107927748996,3.740490403245726e-07,0.1570785140602844,Train154.csv,Normal
0,0.0,0.0,1,1,0.076532068578798,0.05929534016760108,1.2906925815005144,0.017236728411196924,1.4423406657102893,1.5054600074115325,0.9580730467955105,-0.06311934170124323,0.9157043602717778,24.61738828196392,24.419502923640987,0.19788535832293164,0.005339562846108467,1.0735537588646136,-0.0008897516561624935,0.9866741052592533,0.04550808032994274,2.094081124458517,0.04048841675425335,1.772927071982754,-0.013510517903098922,0.8026355342191416,0.00792605154228971,1.191158088344443,0.02246636210454206,1.3332630128815581,0.027274031542043956,1.4999941954993155,0.04550808032994274,-0.013510517903098922,2.094081124458517,0.8026355342191416,0.05901859823304166,8.779599809892162e-07,9.118351601434147e-07,0.9524045284328571,-3.38751791541985e-08,9.339080830403977e-08,1.5795384788972909e-07,0.5560504238364099,-6.456303958568931e-08,7.43823111454041e-07,7.935463322824799e-07,0.9256754484103055,-4.9723220828438965e-08,2.6997755228097025e-07,3.0559987489419236e-07,0.855442519967673,-3.5622322613222105e-08,1.6445887411087992e-07,2.2072384283896943e-07,0.7127953144645816,-5.626496872808951e-08,2.5697903913530374e-07,3.070016333984026e-07,0.8106552524047614,-5.002259426309887e-08,0.0,Train155.csv,Normal
136,2.0176006153054447,7.263362215099601,1,0,0.19700664927658862,0.19541240759472006,1.0081582926074584,0.0015942416818685579,1.3421622353933154,1.4067182491469072,0.9541087752761941,-0.06455601375359188,0.886352709458144,26.264368262592274,23.433331340834364,2.83103692175791,0.04594438473391284,1.498458832974555,0.061028792481383376,1.3545610846874752,-0.02324631719552811,0.8849912726405939,0.016199452362711836,1.0728137498911066,-0.08211082465341246,0.6995944570965481,0.06499295262913576,1.3811734496233739,-0.006206539988249882,0.9676253963027205,-0.04384055579962104,0.7704554919108028,0.06499295262913576,-0.08211082465341246,1.498458832974555,0.6995944570965481,0.14710377728254823,5.783354812240133e-05,6.750342896169557e-05,0.856622882467039,-9.669880839294243e-06,3.21008248339234e-05,3.161311306926124e-05,1.0151064116810975,4.877117646621599e-07,1.0472395482168824e-05,9.512322124675727e-06,1.099773284820004,9.60073357493097e-07,7.226971872673125e-07,8.288094758793917e-07,0.8615748963847252,-1.0611228861207917e-07,2.0606567462622305e-07,2.434670601968444e-07,0.8129879853665833,-3.7401385570621346e-08,3.080046817632878e-07,3.293160283714953e-07,0.9077221705131868,-2.131134660820749e-08,0.0,Train156.csv,Normal
0,0.0,0.0,1,1,0.07673665803496955,0.058781826644889984,1.305448458484674,0.01795483139007957,1.294437730229293,1.4156647556608801,0.9143674135486489,-0.12122702543158703,0.9881516280760639,29.718899010489437,29.535948490347472,0.182950520141965,0.010081591987729302,1.150758109641141,0.0026165018048115787,1.0435912014335527,0.04844324974837281,2.2481298915122485,0.03994665608773759,1.8225337475283532,-0.013023719408305316,0.8227268007949635,0.006604109157270277,1.1380943068176048,0.020876442730359837,1.290989596843737,0.0277825090236948,1.5184909268998434,0.04844324974837281,-0.013023719408305316,2.2481298915122485,0.8227268007949635,0.061466969156678125,8.894168624642708e-07,8.174403291899557e-07,1.0749015138469122,7.197653327431512e-08,9.165143374703381e-08,1.2589115104218956e-07,0.6744474017927714,-3.423971729515575e-08,5.828883250302762e-07,7.230817878893087e-07,0.7951204553976576,-1.401934628590325e-07,2.8632119575806874e-07,3.444163098607269e-07,0.8078668723529763,-5.809511410265815e-08,1.887358849961014e-07,2.1661565382266674e-07,0.8328457536468008,-2.7879768826565337e-08,2.576817256445969e-07,3.150648089781443e-07,0.7927087723049163,-5.73830833335474e-08,0.0,Train157.csv,Normal
671,9.954485388749658,35.83614739949877,0,0,0.49303351742326484,0.5389660169288348,0.9147766144606458,-0.04593249950556999,1.54857239109194,1.73027918110411,0.8949841153113441,-0.18170679001217005,0.970484842777696,14.455552540286977,16.680080286775365,-2.2245277464883877,0.07226688505935441,1.224804184894207,-0.009278815934056217,0.9676371202604171,-0.27032626708939106,0.5997192897615357,-0.008644742484041346,0.9875525993804325,0.21635814804819237,1.558294076504328,-0.0674236038976932,0.889654457391122,0.022718199518295012,1.0410454375164084,-0.3150039554717667,0.48215716213862336,0.21635814804819237,-0.3150039554717667,1.558294076504328,0.48215716213862336,0.531362103519959,0.0005226022761987486,0.0008506094368495794,0.6143784794458721,-0.0003280071606508308,6.609477165444695e-05,6.7224527981613e-05,0.9830480504380467,-1.1297563271660526e-06,6.228270337513529e-05,5.3292943348569444e-05,1.1684664947645305,8.989760026565844e-06,3.224121880943039e-05,3.696381368643993e-05,0.8720014408807062,-4.722594877009536e-06,7.017797820991759e-06,9.075952077706687e-06,0.7723789164825824,-2.058154256714928e-06,2.066098210055773e-06,5.247692018944361e-06,0.3929667623381645,-3.1815938088885877e-06,0.10193392933699306,Train158.csv,Normal
793,11.764391823067779,42.351810563044005,0,0,0.24712108290202414,0.22324884134423917,1.1069310386774405,0.023872241557784973,1.253819317790024,1.4349800697121848,0.8737538140888365,-0.18116075192216075,0.909011938364994,37.89076098206049,38.792705545636906,-0.9019445635764143,0.04759816845625087,1.2670064030443633,0.07808801174872876,1.3610865532764556,-0.03569389869372447,0.8842501742847582,0.00957362751740709,1.0322065627178951,-0.007049184701943406,0.9639564118025459,0.07649370565968033,1.4431841113307007,-0.0022686708801328004,0.988079754176324,0.04220380641710261,1.2342589814698826,0.07808801174872876,-0.03569389869372447,1.4431841113307007,0.8842501742847582,0.11378191044245323,6.703965420209951e-05,9.693847712651301e-05,0.6914977541587998,-2.98988229244135e-05,8.780098735544348e-06,8.269939640100588e-06,1.060406128206713,5.101590954437607e-07,7.921891704446822e-05,3.3800951461484844e-05,2.3429957933810015,4.541796558298338e-05,1.8950848446499536e-05,1.3222926346619871e-05,1.4320980824729077,5.727922099879665e-06,1.5093774494053325e-06,1.4291370802664478e-06,1.0488072818788605,8.024036913888471e-08,4.1698077941783737e-07,4.714603421193916e-07,0.8660750282822572,-5.447956270155424e-08,0.0334631588682087,Train159.csv,Normal
685,10.162179569736983,36.58384645105314,0,0,0.48588885151190164,0.44878295305091104,1.0826811432607375,0.037105898460990605,1.5367697870189372,1.6986049484837458,0.9047246561618011,-0.16183516146480859,1.0508234942004164,18.991962642286868,20.785371769324396,-1.7934091270375276,-0.010007063203550548,0.9543019035375565,-0.0341119697729971,0.8700877354064706,0.006725850512301179,1.0141202643439178,-0.2316643464481482,0.6684918412796178,0.09100949879879738,1.2039315146683358,0.46309410659881595,2.070071947363674,-0.1451282152090772,0.6889928184485171,-0.03527611050925672,0.9156527391793148,0.46309410659881595,-0.2316643464481482,2.070071947363674,0.6684918412796178,0.6947584530469642,0.0007530994021341621,0.00037073442577358507,2.0313168581368846,0.0003823649763605771,6.044768554617581e-05,6.598950300325155e-05,0.9158809202426537,-5.541817457075744e-06,5.299226350488096e-05,4.35608826380057e-05,1.21623112263182,9.431380866875254e-06,3.577454283626583e-05,3.621654131063298e-05,0.987523002251543,-4.4199847436714933e-07,4.80565957148102e-06,4.607814515617091e-06,1.040678345834085,1.9784505586392924e-07,4.875292794712663e-06,2.759234629836477e-06,1.7605199437364207,2.1160581648761855e-06,0.10406071772852496,Train160.csv,Normal
0,0.0,0.0,1,1,0.07651953343066156,0.059332337078733054,1.2896764951691764,0.01718719635192851,1.4455455691985184,1.524622313242724,0.9481335457059182,-0.0790767440442055,1.005675338974829,21.279448713338404,20.505373558769115,0.7740751545692888,0.005973595080439584,1.0792935719451717,-0.00214804250475871,0.9666168869741812,0.05265402638831246,2.6172422093927654,0.04242880880342301,1.9137353945480309,-0.010731712635088243,0.8515949205884342,0.004183467619330368,1.0991732188024852,0.021485137531442183,1.3028720755176835,0.02639119876165756,1.4747790667463905,0.05265402638831246,-0.010731712635088243,2.6172422093927654,0.8515949205884342,0.0633857390234007,5.820596458327581e-07,1.0764394787212736e-06,0.5357497193657169,-4.943798328885155e-07,8.037322248395074e-08,1.1470968940451223e-07,0.6444825808462217,-3.433646692056149e-08,6.394511203423929e-07,8.112631420148991e-07,0.7786190413629839,-1.7181202167250623e-07,2.624685332456426e-07,3.357666758158645e-07,0.7590914671760278,-7.329814257022193e-08,2.1997850064314158e-07,2.306121838996787e-07,0.9142450605695838,-1.0633683256537113e-08,2.796693021023595e-07,3.3530787053134796e-07,0.8099129095204634,-5.5638568428988446e-08,0.0,Train161.csv,Normal
0,0.0,0.0,1,1,0.07724381840148263,0.060279961583353324,1.2814176313051544,0.016963856818129307,1.495754791810977,1.6118151992058358,0.9279939680851855,-0.11606040739485879,0.9395491550925027,27.881522781292684,28.34077338400587,-0.45925060271318685,0.009579865382629907,1.1355001045555633,0.0021285356158929764,1.032768983320498,0.04213726080649883,1.947700948579998,0.04857666391526116,2.186542117009531,-0.015057841790055614,0.8021903502736741,0.0011557327217634056,1.024194988329761,0.020779586081193152,1.3025141773597209,0.026201026824461217,1.4490754620521276,0.04857666391526116,-0.015057841790055614,2.186542117009531,0.8021903502736741,0.06363450570531677,1.0358696663531178e-06,1.4196229311051394e-06,0.7245754414084286,-3.837532647520216e-07,9.017594858519943e-08,1.45298567180919e-07,0.5806618195011849,-5.512261859571958e-08,5.907338716147076e-07,8.162125222545371e-07,0.7149902182585367,-2.2547865063982948e-07,3.4877109602400266e-07,2.6487241718112126e-07,1.2688471968221804,8.38986788428814e-08,2.273162122174279e-07,2.1542125059164342e-07,1.0084063131617402,1.189496162578448e-08,2.9667561134646707e-07,3.382228328925973e-07,0.8519705870004538,-4.154722154613024e-08,0.0,Train162.csv,Normal
870,12.906709818498065,46.46415534659304,0,0,0.5788591767778829,0.5015033059009433,1.1542479549471591,0.07735587087693963,1.4319372138249677,1.5346259535567528,0.9330854865156937,-0.10268873973178505,0.985034564796902,21.741522219981437,23.839599326067756,-2.0980771060863184,-0.0401724273879209,0.796911158395465,-0.016888028285400425,0.9602007724596293,-0.05016261458748361,0.8410827857249976,-0.0857274441286181,0.8229640061122712,0.24550696507398606,1.515186669635743,-0.20088655951466494,0.754879364298706,0.1584572573723257,1.552105026798799,0.38497404217172193,1.5570408349124165,0.38497404217172193,-0.20088655951466494,1.5570408349124165,0.754879364298706,0.5858606016863869,0.0008309674611099902,0.00047945887249277366,1.7330999128051094,0.00035150858861721654,0.00010674411037294831,9.267991186691004e-05,1.151625977659987,1.4064198506038273e-05,9.633242710589855e-05,7.757777871003751e-05,1.2415927960241508,1.875464839586104e-05,0.00015218041842680362,8.248471791700237e-05,1.8447292416941383,6.969570050980125e-05,7.414424517786356e-06,5.951185195133196e-06,1.243783622733212,1.4632393226531598e-06,3.0283931352666653e-06,1.5787845548174318e-06,1.906106857650476,1.4496085804492335e-06,0.02493673741246566,Train163.csv,Side I
1248,18.514452705155847,66.65202973856105,0,0,0.824730447320421,0.8786999121163134,0.9385803123028518,-0.053969464795892375,1.4102786349845409,1.8562284109115654,0.7597548982101969,-0.44594977592702456,0.9585287570907304,19.212505355884076,16.786963773276998,2.425541582607078,-0.4630297133738338,0.45951532659142025,-0.7461775622539927,0.42800612294937196,0.3067269379012736,1.4708987737939907,-0.4234016609073028,0.6054194038606708,0.20676939544383655,1.2257500241298507,-0.03260602466075557,0.9546860177575834,0.34614698601854954,1.6159809365701772,0.3359828566192832,1.4784848641119392,0.34614698601854954,-0.7461775622539927,1.6159809365701772,0.42800612294937196,1.092324548272542,0.0009133383285037475,0.0018284652074977124,0.4995081829704766,-0.0009151268789939649,0.0003399750675814133,0.00025808840969924747,1.3172303850208673,8.188665788216583e-05,0.0003286470883814347,0.00035994922899320724,0.9130119799974251,-3.130214061177253e-05,0.00044482716960846574,0.0003566321567293471,1.2472646915547942,8.819501287911862e-05,3.446467896803366e-05,3.904325506203379e-05,0.8825046443193673,-4.57857609400013e-06,7.521132976536225e-06,8.24345645821508e-06,0.9112706918142234,-7.223234816788543e-07,0.18958799375941482,Train164.csv,Side II
0,0.0,0.0,1,1,0.07686353541771919,0.060407628402090005,1.272414175606306,0.016455907015629184,1.48828652617503,1.623118573859047,0.9169302483350004,-0.13483204768401702,0.9224137670468497,17.757580623191433,18.458058996235714,-0.7004783730442803,0.008051943231800807,1.112303325589203,0.0010793164378842396,1.016364954727768,0.04380345347591297,2.0300388386285286,0.04750682004108378,2.12337038421848,-0.015649035258930133,0.79449670139079,0.0015947163269618009,1.033129680234527,0.022642686577566407,1.3366762947514725,0.02285204938175312,1.3881246617223515,0.04750682004108378,-0.015649035258930133,2.12337038421848,0.79449670139079,0.06315585530001391,1.118145754321469e-06,1.254683844527741e-06,0.8841306538070056,-1.36538090206272e-07,7.675958494315302e-08,1.6268285101039563e-07,0.4445119158852203,-8.59232660672426e-08,8.592067030862117e-07,1.1668193916214875e-06,0.7301092327365108,-3.076126885352758e-07,4.028794230536468e-07,4.1357709276834545e-07,0.9511360031784858,-1.0697669714698632e-08,2.421786371265036e-07,2.428712350759249e-07,0.9577152460768785,-6.925979494212697e-10,3.109389094057545e-07,3.918766173688511e-07,0.773717344993894,-8.093770796309661e-08,0.0,Train165.csv,Normal
599,8.88634388652913,31.990837991504865,0,0,0.1759536983400026,0.17228583251955323,1.0212893628797914,0.0036678658204493675,1.4721299985793732,1.5609348221322499,0.9431079173039092,-0.08880482355287667,0.9026197344107874,26.26964665445866,29.246054267051317,-2.9764076125926557,-0.00036041351839044555,0.9980075253406993,0.02513468099949423,1.1709217877666456,0.012417050378107447,1.0681645630323546,0.013177272596430395,1.0716769626269742,0.008776821734551743,1.0499372431363319,0.009075063615219509,1.060672630533645,-0.006056112335732444,0.9647433338974081,-0.034077926176646206,0.8134292412745459,0.02513468099949423,-0.034077926176646206,1.1709217877666456,0.8134292412745459,0.059212607176140436,3.386142452312034e-05,4.2360779758183425e-05,0.799169255708125,-8.499355235063087e-06,1.203155998372539e-05,1.1648080351828267e-05,1.0320361174932673,3.834796318971224e-07,9.545708409629085e-06,9.679135767338622e-06,0.9851970948541128,-1.3342735770953694e-07,5.630694725507707e-05,4.812855039691749e-05,1.1696851440437772,8.178396858159577e-06,9.122836184075284e-07,8.871389387645585e-07,1.0168810860710444,2.5144679642969957e-08,3.434029699107139e-07,4.19459797369888e-07,0.7996161037978264,-7.605682745917411e-08,0.011234093985558169,Train166.csv,Normal
957,14.197380800347872,51.11057088125234,0,0,0.31660821952975143,0.3495028955657454,0.9058815091029162,-0.03289467603599394,1.4510340098871406,1.5691968531893614,0.9246985154800418,-0.11816284330222082,0.9513650761981632,26.787447065591287,22.80124147103246,3.986205594558829,-0.04993508661383861,0.7998214142449148,-0.0039885142972933,0.9782035777636343,-0.02828828723600585,0.8993299018098994,0.03462760127431391,1.1170294750547618,-0.027109376885981334,0.8944469698612978,-0.11863779096799748,0.7680115772093079,-0.08619219578554693,0.8159584752910264,0.04147659444558871,1.1011399348358166,0.04147659444558871,-0.11863779096799748,1.1170294750547618,0.7680115772093079,0.1601143854135862,0.00020868807515256248,0.0002456090240379246,0.8496413336466161,-3.6920948885362095e-05,6.556784629687319e-05,8.53809017372882e-05,0.76785518085519,-1.9813055440415017e-05,2.8621729317576372e-05,2.682480702147834e-05,1.0665897203832244,1.7969222960980323e-06,2.9213092141821767e-05,5.0107139325826056e-05,0.5828962413815957,-2.089404718400429e-05,3.3530041984457156e-06,3.6875470479543575e-06,0.9068185353586622,-3.3454284950864184e-07,8.191419187386025e-07,1.0041386729140105e-06,0.8077218043415036,-1.8499675417540804e-07,0.14538117790685895,Train167.csv,Normal
671,9.954485388749658,35.83614739949877,0,0,0.4977734535140647,0.46103063194108973,1.0796971138800573,0.03674282157297498,1.4474294660791478,1.558145478026904,0.9289437200835738,-0.11071601194775615,1.0365796445854842,19.7917135044911,24.152605793419053,-4.360892288927953,0.24987360218188148,1.598807573792799,0.05400548376794184,1.1746246843597026,-0.03129848036206889,0.88617915829732,0.07415846458790376,1.177740858069011,0.00367927918343236,1.0071690697586737,-0.10739828094562676,0.803530527537279,0.1594788982710692,1.3228919501510952,-0.14604590747155433,0.7614373169050139,0.24987360218188148,-0.14604590747155433,1.598807573792799,0.7614373169050139,0.3959195096534358,0.0006765601743423045,0.0005107449051155753,1.3246278548988386,0.00016581526922672916,6.220731781292583e-05,4.2573970976634024e-05,1.4608153346492558,1.963334683629181e-05,5.2504109326866825e-05,4.3679580091898114e-05,1.2017535809780715,8.82452923496871e-06,3.9512743875698775e-05,2.8098412597586672e-05,1.4057266214703015,1.1414331278112103e-05,6.016510263368375e-06,8.116232085995387e-06,0.7403812984540681,-2.099721822627012e-06,1.7044116449869518e-06,3.849402760587282e-06,0.4416257516299214,-2.14499111560033e-06,0.10193392933699306,Train168.csv,Normal
1092,16.200146117011364,58.320526021240916,0,0,0.5572289937792291,0.7194246233948791,0.7745481151371365,-0.16219562961565004,1.365238618434811,1.6097454054501479,0.8481084060444657,-0.2445067870153368,0.870341142235312,42.62650603243905,32.34712296503778,10.279383067401277,-0.27975805041123397,0.6204332442904491,-0.10245579851124542,0.7745579301554412,0.30994320395267816,1.5769939755707478,0.023010674119642804,1.0493064433413664,-0.17609025024067304,0.7279949456028265,0.09989525862006898,1.1926082945920726,-0.5483378139010221,0.5411948039653437,-0.46337985916710667,0.47124021738721206,0.30994320395267816,-0.5483378139010221,1.5769939755707478,0.47124021738721206,0.8582810178537003,0.0004180125153202675,0.0008386152577833107,0.4984497085446432,-0.00042060274246304315,0.000198207801894568,0.0003645157038344032,0.5437416341554062,-0.0001663079019398352,0.00012446521427762552,0.00017291196614856318,0.7197767701223868,-4.8446751870937665e-05,0.0002508521262058552,0.00020016129467714537,1.2531873094514003,5.069083152870984e-05,8.064928416898562e-06,1.0711523932883362e-05,0.7522184782112075,-2.6465955159847996e-06,2.2055102512436748e-06,3.2887331924580365e-06,0.6685931000076574,-1.0832229412143618e-06,0.02811686372038639,Train169.csv,Normal
886,13.144074596769297,47.31866854836947,0,0,0.39350666304507553,0.2870017607442061,1.3710948961210183,0.10650490230086945,1.406367212947208,1.4299146474708122,0.9835322727824511,-0.023547434523604194,1.2745483753511857,32.31075283350834,23.60336142313823,8.707391410370107,0.053644997507502235,1.2824437633449188,-0.020698761857113585,0.9197617062412387,-0.05428993725370179,0.8489665108259321,0.0019040719619149438,1.0056583525943006,0.0018739146133049112,1.0091285126776335,-0.007716791949889695,0.9661052552700053,0.032104514151838265,1.136192139627567,0.46205102344939447,2.139726233747399,0.46205102344939447,-0.05428993725370179,2.139726233747399,0.8489665108259321,0.5163409607030962,0.00027043735165963696,0.00012099104533255286,2.23500012678718,0.0001494463063270841,3.558669332080176e-05,2.2348132682395012e-05,1.591666613054096,1.3238560638406746e-05,5.835155065141148e-05,5.6507058356996955e-05,1.0324590901887838,1.8444922944145278e-06,7.419916988712295e-05,5.9569255975376134e-05,1.2453859765853599,1.4629913911746816e-05,3.480313249237574e-06,2.848268434682578e-06,1.2176299493102287,6.320448145549961e-07,8.339083872397148e-07,7.621602090056462e-07,1.0799680914840006,7.174817823406861e-08,0.1345953224926615,Train170.csv,Side I
179,2.6555184569093724,9.559866444873741,1,0,0.08263357734885227,0.06675283363217621,1.2379034787518959,0.015880743716676055,1.2672010832304321,1.4629996062430468,0.8661663811536593,-0.1957985230126147,0.942473610060997,19.501177503563248,17.712509267388988,1.78866823617426,0.01455225633741461,1.1894426143268086,0.0003132358758951015,1.0046673664514263,0.03800875587864033,1.742473422819092,0.041740345385974695,1.7350691757697176,-0.015798758000176688,0.8257461079622556,0.005841443059902328,1.1186881672488034,0.019391392496389617,1.2587765478814223,0.024799067517715226,1.442534804285696,0.041740345385974695,-0.015798758000176688,1.742473422819092,0.8257461079622556,0.05753910338615138,1.5533903051922605e-06,1.116842568488187e-06,1.378533566828546,4.365477367040736e-07,1.5082213639556864e-07,1.634582278065645e-07,0.8695011952028071,-1.2636091410995865e-08,4.210703591750133e-07,1.0957842090796698e-06,0.38078890593442716,-6.747138499046564e-07,7.459796335606776e-06,8.291411001826848e-06,0.8986178776072089,-8.316146662200721e-07,2.040146980137473e-07,2.444718806202955e-07,0.8017180425453893,-4.0457182606548225e-08,2.4605388995223723e-07,2.935027935120665e-07,0.8107137568816306,-4.744890355982928e-08,0.0,Train171.csv,Normal
381,5.652248782583636,20.34809561730109,0,0,0.2582425266333462,0.31749320824560234,0.8133796622817254,-0.05925068161225616,1.516122225490853,1.6588397278386882,0.9139654608625529,-0.1427175023478351,0.9226216220317638,18.067981539935186,15.655113105479451,2.412868434455735,-0.12811480628997557,0.6906040882715749,0.001695930528862133,1.0057422623891372,-0.05283390042671601,0.8219460488823565,-0.06849916520157545,0.7964173775062626,0.08806326481937107,1.5654479027928812,0.051427777730213675,1.310308816643344,-0.10469869085750982,0.696087155709907,-0.15862052847221603,0.6219713694390949,0.08806326481937107,-0.15862052847221603,1.5654479027928812,0.6219713694390949,0.2466837932915871,0.00015381051861032807,0.00024675460423880506,0.623308675426881,-9.294408562847699e-05,4.025235889580336e-05,6.744991766137133e-05,0.5966855622009236,-2.7197558765567965e-05,1.391427593829973e-05,2.891785681938271e-05,0.4809991982875365,-1.500358088108298e-05,5.924863105134894e-06,6.358832040242225e-06,0.9302903684220183,-4.33968935107331e-07,1.4026190311455377e-06,1.3125207368406478e-06,1.0605648683409197,9.009829430488988e-08,2.0481721693748907e-06,9.355772875591573e-07,2.1660547438294437,1.1125948818157335e-06,0.0578790269409752,Train172.csv,Normal
1173,17.40180530700946,62.646499105234064,0,0,0.4428343831275244,0.47055662267371595,0.9410862633288729,-0.027722239546191574,1.3550626118135694,1.4063798003426722,0.9635111382062581,-0.05131718852910283,0.9209858085031299,28.153004754483725,20.58401280839152,7.568991946092204,-0.058697239089815556,0.8273079719524611,-0.1761976959299344,0.6599788616655311,0.06465872856752941,1.17211214541208,0.04206033263353187,1.0844762975183981,0.03790735718531285,1.0912674179944626,-0.2300711404353563,0.6546147243963814,0.08977703729654585,1.165111208962702,0.006728945857746693,1.0228908670905448,0.08977703729654585,-0.2300711404353563,1.17211214541208,0.6546147243963814,0.31984817773190216,0.00031126290879319486,0.0003109654599640698,1.0009243456996841,2.9744882912508463e-07,5.0682509542114394e-05,9.570890775065936e-05,0.5294931872200064,-4.502639820854497e-05,0.00010283610184783697,0.00011982639585080214,0.8581374724909888,-1.6990294002965174e-05,0.00019502405924784762,0.00020020031970900267,0.9740959383677472,-5.176260461155051e-06,1.2538654732261075e-05,1.0805442072296957e-05,1.1593289158635516,1.7332126599641184e-06,1.3922244178970828e-06,1.378131839866755e-06,1.0029482632072764,1.4092578030327773e-08,0.029212210826990794,Train173.csv,Normal
834,12.372639067387803,44.54150064259609,0,0,0.45882173101570967,0.4462397175602331,1.0281956147747473,0.012582013455476548,1.4595941597973408,1.5162214870201352,0.9626523319092327,-0.0566273272227944,1.101889413598543,21.050599932631172,19.78162392634733,1.268976006283843,-0.07694362684742984,0.9211605278277553,0.024265481490043095,1.0622799393654554,-0.02886663737818923,0.9204199526440189,0.17518910267455945,1.3604439250966094,0.008581980311803655,1.0478633409161386,0.02535509487089438,1.1436151065450553,0.047916782764077986,1.275817085314702,0.009672006237343655,1.058386568595422,0.17518910267455945,-0.07694362684742984,1.3604439250966094,0.9204199526440189,0.2521327295219893,0.000429488019666694,0.0003540060291974279,1.2131880599880318,7.548199046926608e-05,8.706717374942474e-05,6.646830297675045e-05,1.3097081280771394,2.0598870772674298e-05,3.9923118750111677e-05,3.638792489029839e-05,1.0968515065196176,3.5351938598132858e-06,6.526178643020226e-05,5.717441020749533e-05,1.1412513689202692,8.087376222706931e-06,3.791630478613453e-06,2.8762708735269888e-06,1.3136779757542734,9.153596050864643e-07,1.106026605729853e-06,1.0978932315374695e-06,0.9983151573143687,8.13337419238354e-09,0.12669582275268587,Train174.csv,Normal
1015,15.057828121581078,54.20818123769188,0,0,0.46721370244385324,0.3823676279546473,1.2218965625413873,0.08484607448920595,1.3927000299721626,1.4943442325925214,0.9319807245725273,-0.10164420262035878,1.1829693183470018,22.016188008943942,19.97688993995653,2.0392980689874136,0.35888580952918886,1.8205081523142495,-0.04868513346211756,0.8643664988691167,-0.03213642812194545,0.9192663232598761,0.10598849809674549,1.2749571572618756,-0.06919382414459296,0.8517351756951974,0.15966822549093895,1.3990764098761168,0.04212431572549041,1.1430002963637915,-0.04259432155464132,0.8472884459227019,0.35888580952918886,-0.06919382414459296,1.8205081523142495,0.8472884459227019,0.4280796336737818,0.0003896968719586173,0.0001920155783616805,2.0294008500504166,0.0001976812935969368,7.121982963949035e-05,6.790423479293332e-05,1.0486730779877826,3.315594846557026e-06,7.340904831552128e-05,5.790062071057526e-05,1.2676266877263118,1.5508427604946014e-05,0.00016322442034590618,0.00013707886400995842,1.1906468225898292,2.6145556335947757e-05,7.177686659182697e-06,6.55436622703187e-06,1.0934317816737877,6.23320432150827e-07,1.0453911069443142e-06,1.0300045449895431e-06,1.0051793638602082,1.5386561954771038e-08,0.15419215838606254,Train175.csv,Normal
587,8.708320302825706,31.349953090172544,0,0,0.31939746252336193,0.4618341415090937,0.6915847636639597,-0.14243667898573176,1.442321974124066,1.570617130104373,0.9183154425706948,-0.12829515598030694,0.7765968961763343,27.653961000155675,31.286283694837387,-3.6323226946817115,-0.04928718657001291,0.8732708746020492,-0.4898326431024671,0.5695190162667475,0.023079063319049825,1.122163428512289,0.037978381148565554,1.186130908119476,-0.021889094639733736,0.91154642313554,0.012713561957300279,1.0479930984530155,0.03446749899179735,1.2478637120458298,-0.040889033820132314,0.7722804411424786,0.037978381148565554,-0.4898326431024671,1.2478637120458298,0.5695190162667475,0.5278110242510327,0.00015365236115437683,0.0005191978606555028,0.29593612269350056,-0.000365545499501126,2.969254337560188e-05,8.398795255031484e-05,0.3534912753714565,-5.429540917471296e-05,2.9524071036404854e-05,3.4280103741197826e-05,0.8610085072718276,-4.756032704792972e-06,8.717988624633537e-05,9.359793681506632e-05,0.9313300689296214,-6.418050568730957e-06,2.553821720344223e-06,3.138785932470566e-06,0.8110496474241016,-5.849642121263427e-07,9.956721226454327e-07,1.5084860653742304e-06,0.6557005331491466,-5.128139427287977e-07,0.08917319898780168,Train176.csv,Normal
1056,15.6660753659011,56.39787131724396,0,0,0.6956095720545263,0.6020378477249615,1.1554249672656178,0.09357172432956484,1.4375233994917012,1.6087646278863574,0.8935573082836791,-0.17124122839465628,1.0112838922971874,27.441779546335976,28.705241872372724,-1.2634623260367484,0.03888753347915008,1.1280911072997521,0.04100092549512002,1.185201905549812,-0.10522373683768554,0.8062195037125722,0.05889013083398015,1.1505201733850892,-0.13451647612482165,0.8043779204424261,0.11259763057125166,1.2572642755012755,0.3965573078264807,1.4381779491953082,0.08443491728525576,1.092844995644258,0.3965573078264807,-0.13451647612482165,1.4381779491953082,0.8043779204424261,0.5310737839513023,0.0009037137257034093,0.0008354315662404712,1.0817198499832443,6.82821594629381e-05,0.00022791064408369507,0.00015650954258813522,1.456116216001334,7.140110149555986e-05,0.00014026523354820187,9.299920495616068e-05,1.5080790510392497,4.726602859204119e-05,0.00019905138287704415,0.00016728036394732398,1.1898556389041093,3.177101892972017e-05,1.2474270792750102e-05,1.0625022875691505e-05,1.1729425445113588,1.849247917058597e-06,2.257918739778595e-06,1.833659715957148e-06,1.2246938631006437,4.2425902382144706e-07,0.16042061010412023,Train177.csv,Normal
0,0.0,0.0,1,1,0.07658373917628467,0.05899275189719415,1.2981887389803186,0.017590987279090517,1.4184471760340156,1.456820192723742,0.9736597374075522,-0.03837301668972648,0.9199535683108692,30.40173325042924,31.78077043482253,-1.3790371843932903,0.007136377940677757,1.1015723278982978,-0.0005260781944850107,0.9919300504908105,0.04379998905512682,2.0434285346627115,0.040681660607384824,1.7805548557581978,-0.011993659468628341,0.8218985597021529,0.007256148062574186,1.1629046046843252,0.023600292145540117,1.346201665261523,0.026440763935481212,1.4818921543250045,0.04379998905512682,-0.011993659468628341,2.0434285346627115,0.8218985597021529,0.05579364852375516,9.096161075630698e-07,9.886019650262904e-07,0.9108895630293721,-7.898585746322056e-08,9.123031900192931e-08,8.135831802075065e-08,0.9985989341573445,9.872000981178664e-09,6.103467751192872e-07,7.488839759594321e-07,0.8042688928141429,-1.3853720084014496e-07,2.6521681670631577e-07,2.7868307569795577e-07,0.9187127304401025,-1.3466258991640006e-08,1.6657345572947894e-07,1.769268852589567e-07,0.8911155583570474,-1.0353429529477762e-08,2.497940436196803e-07,2.9888385995855427e-07,0.8086989189179307,-4.9089816338873946e-08,0.0,Train178.csv,Normal
902,13.381439375040523,48.173181750145886,0,0,0.8794900695589755,1.0282160243290486,0.8553553340887914,-0.1487259547700731,1.5396672031507967,1.7776198378381027,0.8661397458085889,-0.23795263468730599,0.9125837462320388,16.72236542474259,15.066082151784943,1.6562832729576478,0.11260567566219287,1.229045524506879,-0.0511409699527553,0.9267585738895877,-0.0474384663029469,0.9240794438716697,0.3745348088457704,1.4643949539196803,-0.4827587088325397,0.6434961498737235,0.516116599484471,1.5798541570241824,-0.6051111420009861,0.5201332047713494,-0.8586743965317614,0.45381799157806907,0.516116599484471,-0.8586743965317614,1.5798541570241824,0.45381799157806907,1.3747909960162323,0.001347828359107958,0.002100413272478028,0.6416936894428059,-0.0007525849133700703,0.0008567790426200358,0.0008543455931572626,1.002836581725669,2.433449462773134e-06,0.00032335126653927935,0.0003760923237941256,0.8597428042382381,-5.274105725484624e-05,0.00019005065271125862,0.000211096922916765,0.9002577939435533,-2.1046270205506395e-05,1.5115301570139234e-05,1.7049669440162113e-05,0.8860254662704412,-1.9343678700228794e-06,4.0309782703350195e-06,5.436568009069409e-06,0.7400950954110541,-1.4055897387343898e-06,0.13702593779726935,Train179.csv,Side II
1250,18.54412330243975,66.7588438887831,0,0,0.6261378978987046,0.6281298523034614,0.9968287379341398,-0.001991954404756857,1.579877785140485,1.6151557449739233,0.9781581623166691,-0.03527795983343829,0.9677912480036865,26.488804192946585,20.836026913604062,5.652777279342523,0.013667035178687198,1.0577580840174856,0.022197484018046776,1.0835687691367784,0.170427869171566,1.3409578253691414,0.04073718247842906,1.0571846474821611,-0.1739126392175171,0.7637679158729609,0.18898579886436684,1.3319432687098032,-0.062104624266329234,0.9146436353989252,-0.13624571524819873,0.8545122321254149,0.18898579886436684,-0.1739126392175171,1.3409578253691414,0.7637679158729609,0.36289843808188393,0.0007649690507273865,0.0007694316135406469,0.9941872616004227,-4.462562813260405e-06,8.839342610072585e-05,8.08408372442038e-05,1.093290176250621,7.552588856522054e-06,9.893441599631125e-05,0.00011418088943767459,0.86639500299461,-1.524647344136334e-05,0.00030212560060948943,0.00027079979529202967,1.1156376388959275,3.132580531745976e-05,1.7220592255790964e-05,1.8930772426665656e-05,0.909181097152461,-1.710180170874692e-06,3.260248362586129e-06,3.719943071931234e-06,0.8740745635289513,-4.5969470934510514e-07,0.03014155909656087,Train180.csv,Side I
0,0.0,0.0,1,1,0.07618203767815562,0.060325128049839055,1.2628572456015934,0.015856909628316568,1.2707995065958104,1.4921097888109078,0.8516796200980223,-0.2213102822150974,0.8087774073128375,19.57553617940197,19.06749489305148,0.5080412863504868,0.009780078361613181,1.1435540559025665,0.0003697641967717741,1.005411011301173,0.042563591024839594,1.9770975115022238,0.04067322230835535,1.8264982074066518,-0.014602478594854862,0.7908327213931393,-0.00034920484136651,0.9931198098756908,0.021899591389153705,1.328345978413645,0.022013693990196787,1.3677006199985593,0.042563591024839594,-0.014602478594854862,1.9770975115022238,0.7908327213931393,0.057166069619694455,7.349512385887884e-07,1.6239766228885834e-06,0.4497929947672836,-8.890253842997951e-07,8.547524873317244e-08,1.0935538235309718e-07,0.7161407139587989,-2.3880133619924745e-08,8.146425748441424e-07,1.342293039108826e-06,0.6024157126335573,-5.276504642646836e-07,2.426654102704443e-07,3.0690080435111885e-07,0.7657456432378649,-6.423539408067456e-08,2.052523040677047e-07,2.4368758877858386e-07,0.8090750716498274,-3.843528471087916e-08,2.7408882502275767e-07,3.3742436415778457e-07,0.7889165334941185,-6.33355391350269e-08,0.0,Train181.csv,Normal
377,5.592907588015829,20.134467316856984,0,0,0.29269561671723965,0.34453861581190365,0.8495291813145879,-0.051842999094664,1.3613830739004757,1.485311653107671,0.9165639156512759,-0.12392857920719536,0.9576648206681126,19.797077151543306,29.39401376509619,-9.596936613552884,-0.0997076886942852,0.8073914041985435,-0.07287491020940112,0.757169143622227,0.0562278755367972,1.355337036134396,-0.17845077439188373,0.6122711269613488,0.2194909651175538,2.1869675211462356,0.04404722584513532,1.225140767717944,-0.1022621090989726,0.7174618273182979,-0.17632277738841812,0.5466537638809171,0.2194909651175538,-0.17845077439188373,2.1869675211462356,0.5466537638809171,0.39794173950943756,0.00018975364443168743,0.00028292245305196716,0.6706676536566654,-9.316880862027973e-05,4.6071024984621725e-05,7.21848513364989e-05,0.6381483462011095,-2.611382635187717e-05,1.8627783224074626e-05,3.495912351225052e-05,0.5326923111912962,-1.6331340288175893e-05,5.277578910067465e-06,5.29306894952138e-06,0.9951933418749505,-1.549003945391487e-08,1.0358600709530517e-06,9.9858991769265e-07,1.0270378999254601,3.727015326040174e-08,5.069421786127168e-07,7.117230828350678e-07,0.7024053832688154,-2.0478090422235103e-07,0.057271373114823235,Train182.csv,Normal
1163,17.253452320589943,62.1124283541238,0,0,0.43761369279533374,0.4804817383065107,0.9107810948859801,-0.042868045511176955,1.4841921726682579,1.6181614437784244,0.9172089529154542,-0.13396927111016654,0.9326369448553613,18.153908249811625,17.75591974171927,0.39798850809235375,-0.01949725418308179,0.9078323331193551,0.001980651377824161,1.0059300528106132,0.01706264925299561,1.0399454079030923,0.07767604620829793,1.1501776403064483,0.1106178266531126,1.3768763841743026,-0.06216110324647495,0.8386535193648429,-0.1648113105901272,0.751755990010365,-0.19127486842398755,0.745590648065365,0.1106178266531126,-0.19127486842398755,1.3768763841743026,0.745590648065365,0.30189269507710015,0.0004106028683668137,0.0005003460089150052,0.8206214396369171,-8.974314054819145e-05,4.802553092512344e-05,6.102669567680111e-05,0.7868304532641507,-1.3001164751677673e-05,4.504928126910717e-05,4.525072486826998e-05,0.9953283205300355,-2.0144359916280795e-07,0.00012672102835182655,0.00014264233906579316,0.8883207186205417,-1.5921310713966613e-05,7.215984294306938e-06,7.720883696145736e-06,0.9333970834284437,-5.048994018387988e-07,1.2394900962710088e-06,1.7358118902155363e-06,0.7099791811579326,-4.963217939445275e-07,0.02804370658344023,Train183.csv,Normal
0,0.0,0.0,1,1,0.07657555753435331,0.05935817608773546,1.2900589216316245,0.01721738144661785,1.4429309648591635,1.5443979693973648,0.9342999564284625,-0.10146700453820134,0.9699157335430096,16.030449006941527,15.373557274231388,0.6568917327101396,0.004123265621501088,1.0549510369124424,0.0006328449494371682,1.0104895490505306,0.04782156002514508,2.2363786301396544,0.045298362049290684,2.0283192902011264,-0.011095107694581857,0.8496103094750288,0.006752400773610542,1.1667967502317584,0.019445373899524415,1.2648752080600807,0.0268711079564699,1.4898283750619459,0.04782156002514508,-0.011095107694581857,2.2363786301396544,0.8496103094750288,0.05891666771972694,3.984686471724059e-07,7.236916586073539e-07,0.5431009641417395,-3.2522301143494804e-07,7.43045539407606e-08,1.2257292383588396e-07,0.5604806154290182,-4.8268369895123356e-08,6.066206917637091e-07,8.468149789338686e-07,0.7079949658659385,-2.4019428717015957e-07,3.0428433057206054e-07,3.778565502461452e-07,0.784528017843073,-7.357221967408464e-08,2.0207618024026257e-07,2.499755142449252e-07,0.7772892798276565,-4.789933400466262e-08,3.353149677616085e-07,3.73906776780748e-07,0.8734281029717517,-3.859180901913953e-08,0.0,Train184.csv,Normal
1240,18.395770316020233,66.22477313767284,0,0,0.544654175844341,0.6044381129801919,0.901091700104743,-0.05978393713585095,1.6180095538409967,1.7115102145798524,0.9453694933304833,-0.09350066073885577,0.816796748561326,16.033050492653707,15.388511156149445,0.6445393365042626,-0.021140194224866682,0.9290925596061227,-0.02145675408573383,0.9285015887394589,-0.05947336131640518,0.8442150913506682,-0.040824218625691966,0.9531529437500338,-0.05865752632642918,0.9111913777878087,0.039294814468430084,1.0667124701552766,-0.18774076232186931,0.7507932499304333,-0.10850221194946852,0.8446691822251995,0.039294814468430084,-0.18774076232186931,1.0667124701552766,0.7507932499304333,0.2270355767902994,0.0005772577483271423,0.0007203415388339065,0.8013556120968351,-0.00014308379050676423,5.446388971237479e-05,8.917707857282728e-05,0.6106701843350698,-3.4713188860452496e-05,6.119312092887413e-05,8.919577910118734e-05,0.6859770919041236,-2.8002658172313207e-05,0.00029711783263966095,0.00030367878760307145,0.9783628660930384,-6.560954963410505e-06,1.2883502643244123e-05,1.605245059815088e-05,0.8020882345765646,-3.168947954906755e-06,3.0244768914026394e-06,3.157690117017393e-06,0.9547893826970679,-1.332132256147535e-07,0.029900426623788383,Train185.csv,Side I
312,4.628613176288962,16.663007434640264,0,0,0.2802689748003353,0.25933706454264704,1.0807131039578612,0.020931910257688258,1.387045928478407,1.4373371466745086,0.965010834122971,-0.05029121819610172,0.9900990067284132,25.145562451512426,19.008963009982985,6.136599441529441,0.146169062890332,1.514199459142898,0.022457993778490226,1.1178248476377994,0.0397067106976704,1.1444359290569899,-0.004199863322125852,0.9838593873498659,0.007935412990872942,1.0399014230047363,0.04341663925354078,1.1667806039892166,-0.008687538891096636,0.9616213094981566,-0.11966500330319235,0.6532072057414611,0.146169062890332,-0.11966500330319235,1.514199459142898,0.6532072057414611,0.26583406619352434,0.00014012619761466887,0.0001179052533698102,1.188363622263524,2.2220944244858668e-05,3.123429405691509e-05,2.8413807083770466e-05,1.0988779217668334,2.820486973144623e-06,1.8105270555239552e-05,1.7928680378780624e-05,1.0092866461156187,1.7659017645892846e-07,8.141913872553253e-06,1.121301263430885e-05,0.7254659811807883,-3.071098761755596e-06,1.00107024912642e-06,1.1032071324042667e-06,0.8992668300321998,-1.0213688327784662e-07,4.70598839494912e-07,6.076293353034531e-07,0.7619437947578993,-1.3703049580854107e-07,0.0,Train186.csv,Normal
0,0.0,0.0,1,1,0.07686353541771919,0.060407628402090005,1.272414175606306,0.016455907015629184,1.48828652617503,1.623118573859047,0.9169302483350004,-0.13483204768401702,0.9224137670468497,17.757580623191433,18.458058996235714,-0.7004783730442803,0.008051943231800807,1.112303325589203,0.0010793164378842396,1.016364954727768,0.04380345347591297,2.0300388386285286,0.04750682004108378,2.12337038421848,-0.015649035258930133,0.79449670139079,0.0015947163269618009,1.033129680234527,0.022642686577566407,1.3366762947514725,0.02285204938175312,1.3881246617223515,0.04750682004108378,-0.015649035258930133,2.12337038421848,0.79449670139079,0.06315585530001391,1.118145754321469e-06,1.254683844527741e-06,0.8841306538070056,-1.36538090206272e-07,7.675958494315302e-08,1.6268285101039563e-07,0.4445119158852203,-8.59232660672426e-08,8.592067030862117e-07,1.1668193916214875e-06,0.7301092327365108,-3.076126885352758e-07,4.028794230536468e-07,4.1357709276834545e-07,0.9511360031784858,-1.0697669714698632e-08,2.421786371265036e-07,2.428712350759249e-07,0.9577152460768785,-6.925979494212697e-10,3.109389094057545e-07,3.918766173688511e-07,0.773717344993894,-8.093770796309661e-08,0.0,Train187.csv,Normal
823,12.209450782326332,43.954022816374795,0,0,0.3594165549924114,0.7751775281802296,0.46365708149408047,-0.4157609731878182,1.325755030637446,1.4908276805810554,0.889274487597375,-0.16507264994360948,0.7887695649183545,60.791814398196124,52.97472721809059,7.817087180105531,-1.3691058941561132,0.333883932026106,0.06807907346424324,1.2399482566752709,-0.12525923734286198,0.7675999246128858,0.017090151659199138,1.063565940038354,0.010339500721389117,1.0548512162064365,0.023387533105429625,1.1181339564151682,0.04353143339382662,1.199932178296279,0.038810636370911256,1.2951166824184175,0.06807907346424324,-1.3691058941561132,1.2951166824184175,0.333883932026106,1.4371849676203565,0.00036098576149736405,0.0017601125298447344,0.20509126800916963,-0.0013991267683473702,3.256705555678195e-05,6.153492929437416e-05,0.529159037635923,-2.8967873737592208e-05,5.457986731120539e-05,8.00191265441076e-05,0.6820000375878651,-2.5439259232902205e-05,0.00010526315163597847,0.0001025455577577312,1.0264012398493652,2.7175938782472735e-06,3.7759290503747022e-06,5.162351789780258e-06,0.7300217007349221,-1.386422739405556e-06,8.739339607121772e-07,1.487930672887458e-06,0.5834275087161108,-6.139967121752809e-07,0.12502477473076795,Train188.csv,Side II
311,4.61377787764701,16.609600359529235,0,0,0.1430289248689436,0.13392122381922347,1.068007819148488,0.00910770104972014,1.4524779087097284,1.5272469358785212,0.9510432563832804,-0.07476902716879286,0.9644208836935221,20.006202612213798,18.88779757775949,1.1184050344543088,0.012674723453710693,1.1735319286661212,-0.010321792958119191,0.948887718747544,0.04821073974585599,1.6105786979894143,0.017685736657649928,1.1634619869281684,-0.009783411158902022,0.9501848152141034,0.018893526572478225,1.118441540408897,0.017407661957984683,1.1968781534068016,0.011485182775774289,1.1318476706661846,0.04821073974585599,-0.010321792958119191,1.6105786979894143,0.948887718747544,0.05853253270397518,2.6632218052305285e-05,2.8961800572496323e-05,0.9192462161840205,-2.329582520191037e-06,3.6724295535257755e-06,2.04650080821581e-06,1.7857661610704263,1.6259287453099657e-06,4.691812966425695e-06,4.8033954971984815e-06,0.974740797666938,-1.1158253077278613e-07,1.3530288388631197e-05,1.47561679310738e-05,0.9163032989864738,-1.2258795424426036e-06,6.62972478161628e-07,7.384700601687741e-07,0.8857702043714787,-7.549758200714607e-08,3.500291058307577e-07,4.204262748816574e-07,0.8132150062795206,-7.039716905089969e-08,0.0,Train189.csv,Normal
835,12.387474366029755,44.594907717707116,0,0,0.4373681591410793,0.5542636464181798,0.789097668729509,-0.11689548727710053,1.3489742495973722,1.5453466907082696,0.8729266053883604,-0.19637244111089736,0.7389057197546504,46.03835923259773,26.930902329519004,19.107456903078724,-0.02263477865131358,0.8948935064202727,-0.14162643760743066,0.7434478466241236,-0.20167748816987519,0.7038851064930102,0.11712153510694712,1.2887205350702922,0.18731753351469904,1.4794959155164105,-0.13822503113052775,0.7226442333222688,-0.33552284695379486,0.5864376609038712,-0.28460591683482495,0.5602832372982413,0.18731753351469904,-0.33552284695379486,1.4794959155164105,0.5602832372982413,0.5228403804684939,0.0003220138862339731,0.0006646168567845611,0.48450327119169356,-0.000342602970550588,6.235724362424628e-05,0.00015305974126373262,0.4073779906428888,-9.070249763948634e-05,5.766068250761254e-05,7.302178270227787e-05,0.7895286185560153,-1.5361100194665333e-05,8.19485771307603e-05,9.080591550218705e-05,0.902359202983389,-8.857338371426744e-06,4.927492356336542e-06,5.349524699595926e-06,0.9193898027390458,-4.22032343259384e-07,1.4281199303546178e-06,1.7968139427076235e-06,0.7904078536246466,-3.686940123530057e-07,0.12684773620922388,Train190.csv,Normal
0,0.0,0.0,1,1,0.07694040389375681,0.06005724463459472,1.2811175662604615,0.01688315925916209,1.483544614004805,1.5964906081840298,0.9292535747515397,-0.1129459941792248,0.9013640885322993,21.287204142792113,27.668949056809574,-6.38174491401746,0.007831798858832367,1.108885582089171,0.0019764206220433816,1.0298212839178313,0.045914536239429586,2.1471949471594707,0.04849657781264243,2.13958699071606,-0.016581057444936362,0.782765335242114,0.0018769193450502084,1.039719392835893,0.02219656786115011,1.3311459351573007,0.02430688724711537,1.4215752351249946,0.04849657781264243,-0.016581057444936362,2.1471949471594707,0.782765335242114,0.06507763525757879,6.395316343993278e-07,7.443732394365818e-07,0.8477655369601583,-1.0484160503725397e-07,1.1189335844209943e-07,1.5902768345628937e-07,0.6619824407108739,-4.713432501418994e-08,6.753665191456194e-07,1.0203606419464677e-06,0.6554661461736114,-3.449941228008483e-07,2.409044056153478e-07,3.281724769750321e-07,0.7123714140495657,-8.726807135968429e-08,1.930913468449859e-07,2.3241956544294968e-07,0.7965171725812185,-3.932821859796377e-08,2.9695313431066385e-07,3.610797557063147e-07,0.8002407292347222,-6.412662139565084e-08,0.0,Train191.csv,Normal
0,0.0,0.0,1,1,0.07620334586455059,0.05931492294602276,1.2847244712203665,0.01688842291852783,1.3995047158575877,1.4947850019041098,0.9362581941297695,-0.09528028604652206,0.9587378335767754,19.954813351843747,17.02659875882825,2.928214593015497,0.006603251004916197,1.0918196926574584,-0.00072181865625294,0.9893873981313884,0.044108665660557725,2.0585981434208076,0.03999941972530056,1.7540730331936722,-0.01383569516102797,0.7981929941855888,0.007128886702400715,1.1741025957728957,0.021681811732363707,1.321061585926966,0.027027179251352076,1.5053136340090623,0.044108665660557725,-0.01383569516102797,2.0585981434208076,0.7981929941855888,0.057944360821585696,5.926233576916339e-07,9.221500039305155e-07,0.6357596472593153,-3.295266462388816e-07,7.247234343132273e-08,1.114282342210858e-07,0.5968327209582204,-3.895589078976307e-08,4.825164214065211e-07,9.713223736127719e-07,0.4917002143038076,-4.888059522062508e-07,2.580191572892649e-07,2.998192821490711e-07,0.8328053551073612,-4.1800124859806194e-08,1.806912873618209e-07,2.1736406810327788e-07,0.7947222657880297,-3.6672780741456984e-08,2.681339298812959e-07,3.4410618145755194e-07,0.7572133555466841,-7.597225157625602e-08,0.0,Train192.csv,Normal
360,5.340707511102648,19.226547039969535,0,0,0.2880352395917361,0.2773856807966569,1.0383925672751666,0.010649558795079228,1.3785307841765957,1.5509571535990276,0.8888258273862877,-0.17242636942243195,1.113540369044622,33.979456969034274,57.18166920220732,-23.202212233173043,0.09256496539976124,1.777400322295435,0.1515748661418605,1.5503577731125693,-0.039325426040106304,0.8655579095568345,-0.030616673085552548,0.9288142223276965,0.011559394539568557,1.0385641126262812,-0.02612024566566118,0.886705683598287,0.012230194021312119,1.0767071664670593,-0.08264924217978362,0.7190619206952706,0.1515748661418605,-0.08264924217978362,1.777400322295435,0.7190619206952706,0.23422410832164411,0.00019059071778138717,0.00013301246681013748,1.4327708871420695,5.757825097124969e-05,3.316800080884024e-05,3.885437800436599e-05,0.8534293487242783,-5.686377195525756e-06,2.8604360567965157e-05,3.17167909712676e-05,0.9015837937681697,-3.1124304033024453e-06,7.762300997216128e-06,7.361637825766333e-06,1.0529954374703945,4.0066317144979456e-07,1.0879469027535613e-06,1.085466884470108e-06,0.9931353637219403,2.4800182834533476e-09,4.851153681376786e-07,6.28587552789664e-07,0.7596693139702715,-1.4347218465198538e-07,0.05468884435367735,Train193.csv,Normal
855,12.68418033886879,45.66304921992764,0,0,0.9517242132151271,0.7717119017215283,1.2332636036316051,0.18001231149359886,1.6718075384362094,1.7492943434920347,0.9557039586270075,-0.07748680505582528,1.3029564868817776,19.778635581141813,27.42872977319259,-7.650094192050776,0.14317912547897094,1.461960175397422,0.05503579374604678,1.1371041182895703,0.47628806058307505,1.7676661215781364,-0.027838118711451143,0.9732471140936431,0.788847446086216,1.7513313617373314,-0.2858125546999335,0.7830898759224261,-0.026884699277983315,0.917065369729959,-0.04492525838720579,0.8548102102502578,0.788847446086216,-0.2858125546999335,1.7676661215781364,0.7830898759224261,1.0746600007861495,0.002011593072259586,0.001735228794741441,1.1592600847535357,0.00027636427751814483,0.0005920799143615202,0.00031523336548244395,1.8781677243402397,0.0002768465488790763,0.0002318735425775093,0.00014495227230386728,1.599544066827679,8.692127027364201e-05,0.00026103089272182435,0.0002065134902238923,1.263928342673468,5.451740249793206e-05,1.8506418901395812e-05,1.859121377610774e-05,0.9949038339189624,-8.479487471192723e-08,5.20447525767757e-06,4.657537265882851e-06,1.1150366802038072,5.469379917947186e-07,0.12988600533998373,Train194.csv,Side I
624,9.257226352577923,33.32601486928053,0,0,0.26801059485852274,0.21984575853263966,1.2190846184912232,0.04816483632588309,1.5375888434442522,1.6263240129384755,0.9454381917485947,-0.08873516949422333,1.0185671699595154,18.115801404217542,15.554592710023545,2.561208694193997,-0.010753470971386292,0.9488949470792589,0.013795295045486072,1.0611454172152535,0.2270006195010731,1.7191225628997575,-0.10233668748071242,0.6964734643391086,0.031344099690877925,1.2348132792930675,-0.055179981636740205,0.668585411644726,0.08964495167860731,1.68230963574704,0.07460272396257082,1.6019905435077448,0.2270006195010731,-0.10233668748071242,1.7191225628997575,0.668585411644726,0.32933730698178554,0.0001655901055759879,8.142786582476527e-05,2.0333306122277084,8.416223975122264e-05,9.961756186607856e-06,9.249014471927416e-06,1.0758981117062834,7.127417146804405e-07,2.8140001184171703e-05,2.9189913638864506e-05,0.9637015209085386,-1.049912454692803e-06,1.3542242501104912e-05,1.2743838691083777e-05,1.0618169814686702,7.984038100211351e-07,1.3166905039723025e-06,1.2522728854681848e-06,1.0431108194833274,6.441761850411773e-08,6.373061988434757e-07,5.766949056628151e-07,1.086265097399274,6.061129318066058e-08,0.027880587519088448,Train195.csv,Normal
0,0.0,0.0,1,1,0.07648078623155896,0.058908017104176945,1.2983083968557487,0.017572769127382017,1.3181787725651726,1.4044804948750533,0.9385525594621491,-0.08630172230988076,0.9028571158081627,21.744614323868646,22.34947737481468,-0.6048630509460331,0.009478857147139336,1.1398950002554067,-5.539823870163996e-05,0.9991081751986078,0.0471564412129645,2.2291364473959914,0.04001273100167019,1.7967239788197056,-0.011717759504065069,0.8363108065421857,0.006220532422595487,1.1320271638135946,0.021225050859090752,1.2985821196401535,0.027029310955499944,1.500325494852754,0.0471564412129645,-0.011717759504065069,2.2291364473959914,0.8363108065421857,0.05887420071702957,8.727986156787671e-07,1.256022734685613e-06,0.6894020081681284,-3.8322411900684596e-07,9.47801909974329e-08,1.0550408969495924e-07,0.8205786587102054,-1.0723898697526336e-08,6.256687973914702e-07,7.530425099135088e-07,0.8199658462834398,-1.2737371252203856e-07,2.397819836279084e-07,2.608446252167281e-07,0.8853119512193991,-2.1062641588819668e-08,1.809235643884061e-07,1.9707288392242352e-07,0.8737192478382934,-1.6149319534017414e-08,2.4764081856147274e-07,2.9029302757509197e-07,0.8246638976642476,-4.2652209013619225e-08,0.0,Train196.csv,Normal
736,10.918779800476525,39.30760728171549,0,0,0.3533529729387588,0.5076138621416185,0.6961058243896402,-0.15426088920285974,1.4933494318083018,1.629339766932408,0.9165365339695212,-0.13599033512410608,0.8089975616770462,16.634163491953764,15.41173535678716,1.222428135166604,-0.6026361204977446,0.46862805355598575,-0.07329584295705355,0.8626568020472224,0.21252644071638488,1.7358068987317858,-0.191656985980036,0.6457057539228465,0.0007646006256319393,1.0036167082883167,-0.031618276545949064,0.8221927053759382,0.0446469945198508,1.301911384070123,0.03924399819668489,1.3091018120960587,0.21252644071638488,-0.6026361204977446,1.7358068987317858,0.46862805355598575,0.8151625612141296,0.00022863216088809423,0.0007304730630319652,0.3129876275832141,-0.000501840902143871,5.408098382413533e-05,7.382442257708418e-05,0.7324630157115947,-1.9743438752948853e-05,4.644992103566358e-05,7.647774190241395e-05,0.6072858196667148,-3.0027820866750375e-05,3.566582233420927e-05,5.5360331587578343e-05,0.6441323595434357,-1.9694509253369073e-05,3.257806570555154e-06,3.766269961181485e-06,0.8627048924054893,-5.084633906263307e-07,9.178190066196455e-07,1.143759511398204e-06,0.7955028734778274,-2.259405047785586e-07,0.11180830401196258,Train197.csv,Normal
1062,15.755087157752813,56.718313767910125,0,0,0.4294158201295327,0.7007700029451949,0.6127771054654361,-0.27135418281566215,1.5330564507709912,1.7517669826303275,0.8751486112140199,-0.2187105318593363,0.7323553011314317,14.940826823881308,17.459397775203524,-2.518570951322216,-0.010624348884785972,0.9617301455226293,-0.08144679852269443,0.7717317015443845,0.140300371690182,1.3565499243209942,-0.2819464704238045,0.6514149545494794,0.1141807601247688,1.3985073028989436,-0.15831239666934394,0.6421573452423324,0.0025413625491415015,1.0052748063703398,-1.0126682481262446,0.3470409008872217,0.140300371690182,-1.0126682481262446,1.3985073028989436,0.3470409008872217,1.1529686198164266,0.00022781567089516034,0.0010197240457439413,0.22340694796451432,-0.0007919083748487809,6.601535041083546e-05,0.00023272707980685094,0.2836477559382534,-0.00016671172939601548,8.102970128229303e-05,0.00012659713170932012,0.6400089804445674,-4.556743042702709e-05,0.00022204417626486806,0.0002331346201291577,0.9523881620852319,-1.1090443864289647e-05,6.4181370215895145e-06,1.078214310124732e-05,0.5947045884563676,-4.364006079657805e-06,1.6642399093654586e-06,2.8169689670067213e-06,0.5887011597186387,-1.1527290576412626e-06,0.027815877967336936,Train198.csv,Side II
938,13.915510126150789,50.09583645414284,0,0,0.8825579224493034,1.0160451613693826,0.8686207536027452,-0.1334872389200792,1.5975355164487395,1.860323053051424,0.8587409080594619,-0.2627875366026846,1.0390854787753363,16.919757000495903,19.13401781282917,-2.2142608123332685,0.05914763511954513,1.082227681371457,0.008603526439364462,1.0142845666443374,0.22235442352061452,1.304993490626552,0.09319951905612311,1.1425815093188763,-0.4711803365084508,0.5614826720728419,0.6313671424187562,2.044614245607799,-0.33367905023046474,0.7404007088083063,-0.8060359870315114,0.5527441454214977,0.6313671424187562,-0.8060359870315114,2.044614245607799,0.5527441454214977,1.4374031294502676,0.0011952477000036815,0.0020222567914139006,0.5910435285188087,-0.0008270090914102191,0.0005071627480665844,0.000790174109947578,0.641828583594563,-0.0002830113618809936,0.00034206882156875276,0.00035172779553975845,0.9725108473026955,-9.658973971005689e-06,0.00019158782564550764,0.00017468759853609845,1.0966826519136101,1.690022710940919e-05,1.6627114643467352e-05,1.7665189102840487e-05,0.9407036352892708,-1.038074459373135e-06,4.863358517966613e-06,5.2948175837336835e-06,0.9167814804564196,-4.3145906576707057e-07,0.1424948222326371,Train199.csv,Side II
165,2.447824275922047,8.81216739331937,1,0,0.0854172946695564,0.07049426122927824,1.211691293207954,0.014923033440278163,1.4592219528566355,1.57509110106616,0.9264365360229263,-0.11586914820952443,0.9882746851699934,19.519157401587456,18.69008094172301,0.8290764598644458,0.0033368069546406004,1.0322387665696726,0.002089514671693757,1.0329816450180005,0.04430808962332805,1.9600897646636448,0.04182649406789105,1.757881043031047,-0.011293486100575803,0.8754527496636015,0.008258379683628754,1.1733045067657069,0.016198237670947788,1.205542117404491,0.025258676978602908,1.4500509359714706,0.04430808962332805,-0.011293486100575803,1.9600897646636448,0.8754527496636015,0.055601575723903854,1.2251381914823292e-06,2.363017218333276e-06,0.5162786776333731,-1.137879026850947e-06,1.8955805607306983e-07,2.81946266479653e-07,0.649290906709646,-9.238821040658319e-08,1.1701816374920715e-06,7.981489090112906e-07,1.4479777482143739,3.720327284807809e-07,6.103397238812205e-06,5.668034442931975e-06,1.0749137399843922,4.353627958802298e-07,2.1915044804294418e-07,2.6177242012861405e-07,0.8063748629799633,-4.2621972085669866e-08,2.815737391457651e-07,3.462844371754082e-07,0.7903060301428181,-6.471069802964308e-08,0.0,Train200.csv,Normal
722,10.7110856194892,38.55990823016112,0,0,0.4385942814030093,0.473100486472913,0.927063667598837,-0.03450620506990365,1.5117221690232896,1.5982716036649607,0.9458480999714395,-0.08654943464167109,0.9376149271552807,29.951488779021172,29.204047467651947,0.7474413113692258,-0.08610138819045593,0.8373695751971063,0.13448679424010113,1.2282290607149315,-0.11957631277988062,0.7802795804228,-0.007322406897074973,0.9832787629630219,-0.07899657054878578,0.8000244749082526,-0.039938648417883915,0.8024958584780688,-0.09040993193535174,0.7402008863432987,-0.08739186368750362,0.8537524920656256,0.13448679424010113,-0.11957631277988062,1.2282290607149315,0.7402008863432987,0.25406310701998175,0.0004998840690205879,0.0006960978703675584,0.7181129395313968,-0.00019621380134697054,5.329468620377083e-05,5.5465516284224335e-05,0.9606884220909239,-2.170830080453505e-06,3.711059359127445e-05,3.902496585624477e-05,0.9507013206555051,-1.914372264970317e-06,4.2522861865456015e-05,4.11239863284273e-05,1.0337646715282947,1.398875537028717e-06,4.450546133951084e-06,5.245113864570336e-06,0.8468981355392506,-7.945677306192527e-07,3.579404308091621e-06,1.1544204965887052e-05,0.3097923499418222,-7.964800657795431e-06,0.10968151562043069,Train201.csv,Normal
1254,18.603464497007558,66.9724721892272,0,0,0.7779138657313521,0.8435237739084929,0.9222192433352202,-0.06560990817714074,1.7214364014080925,1.7059843375566635,1.0090575589826247,0.015452063851429054,0.8783232466504142,20.69440481334209,21.35809403920608,-0.6636892258639904,-0.031517123487426635,0.9566518361816639,-0.399024353807496,0.602518833758465,0.024058146784244006,1.0274655253217904,0.0015620491549105386,1.0016180937309302,0.12571447819677428,1.152565389312246,-0.16318926258482136,0.8248330799060664,-0.08899913315070562,0.8672643573272297,-0.03337265670223977,0.9508050232588067,0.12571447819677428,-0.399024353807496,1.152565389312246,0.602518833758465,0.5247388320042703,0.0009715217362503862,0.0018381928778248716,0.5285171446363847,-0.0008666711415744854,0.00016542348886402724,0.0002013795352393699,0.8214105497954811,-3.595604637534266e-05,0.0001563079029949333,0.00017463256075508392,0.8950160964149921,-1.832465776015061e-05,0.00035352700585386364,0.0003999725501267574,0.883856072575737,-4.644554427289378e-05,2.066054218654365e-05,2.31320813822472e-05,0.8927694032911321,-2.471539195703549e-06,4.846389146854889e-06,5.156386589862109e-06,0.9380616534513418,-3.0999744300721983e-07,0.19049947449864277,Train202.csv,Side I
641,9.509426429491104,34.23393514616797,0,0,0.35752680220682703,0.3206999372028819,1.114832744205747,0.03682686500394511,1.28495165064422,1.4210938276728127,0.9041990166873572,-0.13614217702859266,1.0740426694707668,23.57684344564584,26.62940921693576,-3.0525657712899203,0.0139516811073577,1.1036448758817197,0.011573563336058412,1.0603968822016485,-0.0009814152433429146,0.9956768941839527,-0.03229515934510968,0.8872871347929326,0.39775524780248944,2.515479781472428,-0.37199367047687065,0.4613737969493227,0.2705536347979062,2.088580095048335,0.028082210828600573,1.1719244064184071,0.39775524780248944,-0.37199367047687065,2.515479781472428,0.4613737969493227,0.7697489182793601,0.000259749369406553,0.00017028411931951248,1.525298527303818,8.946525008704054e-05,1.601570711787635e-05,1.581885377249376e-05,1.011804603673027,1.9685334538258978e-07,4.07769746216357e-05,4.96223820825952e-05,0.8215800433228679,-8.845407460959498e-06,3.269205498528252e-05,3.671105624583452e-05,0.8902808995041085,-4.019001260552003e-06,2.316083155488252e-06,2.0820421911955536e-06,1.107091991373589,2.3404096429269832e-07,6.830298940099037e-07,7.586428956345997e-07,0.8886179757714237,-7.561300162469602e-08,0.026317980099592644,Train203.csv,Normal
945,14.019357216644451,50.46968597992002,0,0,0.3608856010848299,0.3189418895909188,1.1315089097660387,0.04194371149391113,1.3991707512435891,1.5382559558208928,0.9095825287418401,-0.13908520457730367,1.2452986680524396,37.58377351411579,27.434772853914588,10.149000660201203,0.06038782972912918,1.3131833186640984,0.07369050464882859,1.211174907472506,0.051379812921848955,1.1397563604018917,0.005813638146696942,1.014211316320622,0.00961603253623633,1.0234952793784233,0.06665155770414116,1.2082578929028627,0.07837656489370043,1.377636906219617,0.013101863238800832,1.0660679451958808,0.07837656489370043,0.005813638146696942,1.377636906219617,1.014211316320622,0.07256292674700349,0.00015335360363320864,0.0001657677794398165,0.9250552405238466,-1.2414175806607858e-05,3.273283083241456e-05,3.448646628639493e-05,0.9488748952040944,-1.7536354539803646e-06,3.344093446431808e-05,2.3847343579510658e-05,1.4017040226154125,9.59359088480742e-06,0.00012006148530015991,0.00012820964425688293,0.9363735642537078,-8.148158956723019e-06,4.095502336660742e-06,3.8738544750614595e-06,1.0544942821514787,2.2164786159928216e-07,8.96789171223168e-07,1.3587989122719832e-06,0.6551650232791639,-4.620097410488152e-07,0.024751416835342186,Train204.csv,Normal
1181,17.520487696145075,63.07375570612227,0,0,0.5995020370366517,0.5241694990066649,1.1437178751063692,0.07533253802998685,1.4705510535781443,1.5670410189115853,0.9384253675856467,-0.09648996533344101,1.0319574757495802,22.277808850591228,20.928763218252307,1.349045632338921,-0.0922498038617745,0.8791287622866808,0.05706856566775309,1.1114830364799086,0.282546633852252,1.341982783301068,0.13651960621978887,1.2615833754356591,-0.011163130273087296,0.9718233938429228,-0.015151979183626096,0.9608387154650271,0.09215049218368543,1.405488216533042,0.023108185747260035,1.115247643975668,0.282546633852252,-0.0922498038617745,1.405488216533042,0.8791287622866808,0.3747964377140265,0.0008944788042065611,0.0005846584693127638,1.5298906152027614,0.0003098203348937973,0.00010339499279354275,7.66890595692506e-05,1.3480607633811825,2.670593322429215e-05,8.574454137451095e-05,6.97513203793733e-05,1.2291129369143003,1.5993220995137643e-05,9.715779657234075e-05,0.00010194158895917564,0.9529797187491168,-4.783792386834883e-06,7.902596218006587e-06,7.661746635794733e-06,1.0300908767157089,2.408495822118539e-07,2.3447854639695083e-06,2.1490454149583177e-06,1.0860287827779558,1.9574004901119057e-07,0.1794097921713693,Train205.csv,Normal
0,0.0,0.0,1,1,0.07651345070987718,0.05893924499261589,1.2981747176726792,0.017574205717261294,1.2891972287169458,1.4116824952187377,0.9132345438517615,-0.12248526650179192,0.9042675620474838,22.809183106047882,24.64104563759733,-1.8318625315494472,0.010004311772661215,1.1487958109172007,0.0014702693565923977,1.0241629835606145,0.04724557332611391,2.226110592907141,0.04066254437730108,1.8405139651157056,-0.0118880136806511,0.8361277801033566,0.003988547877089008,1.0804728812642985,0.020403825384238003,1.283939207780123,0.02800827199919656,1.5237824984740136,0.04724557332611391,-0.0118880136806511,2.226110592907141,0.8361277801033566,0.059133587006765014,6.941042402684231e-07,9.80134592204682e-07,0.701020089322298,-2.8603035193625885e-07,7.039888049400131e-08,1.0404067265919406e-07,0.6173137956173367,-3.364179216519275e-08,7.5297399434575e-07,9.019665019319312e-07,0.8256597065250009,-1.489925075861812e-07,2.343077672788949e-07,3.422342503321656e-07,0.6652043833271094,-1.0792648305327068e-07,1.7790752860988483e-07,1.9583714676809489e-07,0.8643120612739702,-1.792961815821005e-08,2.6148247455866017e-07,2.718014090954376e-07,0.9278962635353749,-1.0318934536777431e-08,0.0,Train206.csv,Normal
922,13.678145347879559,49.24132325236641,0,0,0.8416190283138865,1.0227863166126256,0.822868869494229,-0.18116728829873918,1.5582274228135935,1.7786568694234246,0.8760697135237876,-0.2204294466098311,0.8961442198771024,18.7970191645122,15.82767195846182,2.9693472060503794,0.05924758366843419,1.0950849065263935,0.08128429925930558,1.1331487834652427,-0.07438080056268315,0.870913716469662,0.20789108692642122,1.275817340740619,-0.6550657105280601,0.48599612178151125,0.6272421107733003,1.9041735049691766,-0.41123921553205833,0.6901523771097532,-0.9249731056164027,0.45119675914541557,0.6272421107733003,-0.9249731056164027,1.9041735049691766,0.45119675914541557,1.552215216389703,0.0010371073195192678,0.0019874727220163787,0.5218195398786069,-0.0009503654024971108,0.00046735459105731514,0.0009528596061703738,0.4904706667427818,-0.00048550501511305865,0.0003369348363596401,0.0003381808204782987,0.9962861673274211,-1.2459841186585594e-06,0.00016030235817795276,0.00016762423306980565,0.9562626633141229,-7.321874891852887e-06,1.6063906853093726e-05,1.6563174578087596e-05,0.9692715645639064,-4.992677249938702e-07,4.750053153447595e-06,5.519575132950361e-06,0.8590267858270616,-7.695219795027659e-07,0.1400642069280292,Train207.csv,Side II
359,5.3258722124606965,19.173139964858507,0,0,0.2847774182338342,0.24637302378764775,1.1558790093857743,0.03840439444618643,1.385722546307204,1.4952455221993692,0.9267525075088726,-0.1095229758921652,1.1373717729670754,36.65037435493768,40.28076391579165,-3.6303895608539705,0.0827164164234575,1.627930516393673,0.20728243814465297,1.6965335838839817,-0.01123169060354462,0.9587882215294794,-0.0828711045751685,0.7570769179658228,0.06503940264612904,1.2777008889151695,-0.030738344948716273,0.8363785480805853,0.02388824017848068,1.1052553780519332,-0.028562401666841847,0.8687769493477133,0.20728243814465297,-0.0828711045751685,1.6965335838839817,0.7570769179658228,0.29015354271982147,0.00019128625314700942,0.0001174518992346762,1.6284961710421533,7.383435391233322e-05,3.3965157142985755e-05,3.4137498778074556e-05,0.9946601759539155,-1.7234163508880079e-07,3.006568899077609e-05,2.1806760489107212e-05,1.3781005207343888,8.25892850166888e-06,7.610760231749266e-06,7.0676409011088445e-06,1.075324439045346,5.431193306404217e-07,1.1160908505534825e-06,9.715118392646546e-07,1.1371139969026296,1.445790112888279e-07,4.841422175645569e-07,5.421549887544064e-07,0.8768230432124177,-5.8012771189849486e-08,0.05453693089713936,Train208.csv,Normal
379,5.622578185299733,20.241281467079038,0,0,0.3184501761266286,0.3600628408218255,0.8844294139197698,-0.041612664695196866,1.4299278430194653,1.5910254659964163,0.8987460380695288,-0.16109762297695096,0.8604676911718226,19.642123334656105,17.851271284203285,1.7908520504528198,-0.06654260052889127,0.8477611960982406,-0.017360730637716926,0.9519620174855019,0.19137689543897457,1.7344625889598966,-0.20940663745956412,0.5949502398132728,-0.018312268510569385,0.8725144504926045,0.03664392495055363,1.120282809976095,-0.11648583194417861,0.708146046883326,-0.11662132505221642,0.6444521209606155,0.19137689543897457,-0.20940663745956412,1.7344625889598966,0.5949502398132728,0.4007835328985387,0.0002912344726181346,0.00031489439589107076,0.9248345733442099,-2.365992327293617e-05,3.79607546068177e-05,6.274861789201996e-05,0.6048691937756103,-2.4787863285202254e-05,1.77531927548405e-05,3.0034127366022183e-05,0.5909039240366862,-1.2280934611181684e-05,8.024619439726543e-06,8.958712663234417e-06,0.8947348121232593,-9.340932235078739e-07,3.6624627732884067e-06,3.6384199082495405e-06,1.0038490265353266,2.4042865038866172e-08,8.189741084272057e-07,1.2081605432207692e-06,0.6723039200250814,-3.891864347935635e-07,0.05757520002789922,Train209.csv,Normal
901,13.366604076398572,48.11977467503486,0,0,0.4283533337332481,0.429602716491095,0.9970917485369525,-0.0012493827578469174,1.3160603571842093,1.4707039555069805,0.8948506212333068,-0.1546435983227712,0.9136309197921767,30.68712033368935,26.145550336977784,4.541569996711566,-0.03240286011318283,0.8676946575905353,-0.011022642168442315,0.9236436415256838,0.05835760393540795,1.3851789125625804,0.02435666472171044,1.0740051377522655,0.04447645569428188,1.0987724356269895,0.05386236291662083,1.0885562636023298,0.09834645453034496,1.2281909214407571,-0.1891554730114281,0.7340641337376835,0.09834645453034496,-0.1891554730114281,1.3851789125625804,0.7340641337376835,0.28750192754177306,0.00043524811761939074,0.0003775751495194445,1.1527151376936682,5.767296809994622e-05,4.075653612391076e-05,5.351685001287415e-05,0.7614222789891073,-1.2760313888963385e-05,4.911573266439324e-05,6.12758924738985e-05,0.8014198811792046,-1.2160159809505255e-05,8.760687342994751e-05,9.340959712024053e-05,0.9377783262883114,-5.802723690293018e-06,4.942729969345203e-06,4.485938541615399e-06,1.0993766759919434,4.5679142772980437e-07,1.816670986675161e-06,1.300338242549724e-06,1.386413772935596,5.163327441254369e-07,0.13687402434073137,Train210.csv,Normal
381,5.652248782583636,20.34809561730109,0,0,0.3310973785522451,0.30861072478506907,1.0728641010586906,0.022486653767176012,1.516050502073175,1.6236769232843307,0.9337143806105247,-0.10762642121115573,1.0975002927650384,19.590839018879276,21.95516950866248,-2.364330489783203,0.039474987512242876,1.1240419843933378,-0.10678542562740612,0.7100997860472252,0.21813429520113137,1.7118900738658194,0.0314150910892535,1.1349634968324163,-0.04783342489960102,0.8124727388569553,0.08291163921206718,1.2651262904442915,-0.016722248329339884,0.9476097134226588,-0.12342177630418119,0.6314605610077005,0.21813429520113137,-0.12342177630418119,1.7118900738658194,0.6314605610077005,0.34155607150531253,0.0003137432087331505,0.00024391381166595415,1.286234445872024,6.982939706719635e-05,4.644259000155128e-05,5.6831612598003254e-05,0.8170526464476612,-1.0389022596451977e-05,2.0112080970300533e-05,2.545946537720421e-05,0.789654618675323,-5.347384406903676e-06,5.829614927703646e-06,6.265839944861394e-06,0.9288979608979491,-4.362250171577478e-07,1.274093571939606e-06,1.2626510046151138e-06,1.0011335136807034,1.1442567324492124e-08,8.384080909769411e-07,7.926083298101213e-07,1.0446042731394143,4.5799761166819784e-08,0.0578790269409752,Train211.csv,Normal
926,13.73748654244737,49.45495155281053,0,0,0.5911081806853299,0.5848283103892994,1.010737955186319,0.006279870296030499,1.5690438091251846,1.6696475562157196,0.9397455132890381,-0.10060374709053499,0.9432492930630432,26.665904391493598,27.120267196544166,-0.45436280505056814,-0.23076524150826772,0.5653299853264927,-0.06842190716694674,0.9126300410263315,0.11408308874227857,1.2044413084595431,0.05777699590851404,1.0990037759856746,0.0283444380893898,1.0555425711143236,0.3330894677467195,1.6745583250004707,-0.04917492275727281,0.8644666272041888,-0.23479908559223628,0.6843126210603269,0.3330894677467195,-0.23479908559223628,1.6745583250004707,0.5653299853264927,0.5678885533389557,0.0008973727574079024,0.0006269625852645944,1.4312790997539293,0.00027041017214330797,9.312880392678344e-05,0.00010375285310464375,0.8975158367403797,-1.062404917786031e-05,8.319859773043424e-05,7.086141156963764e-05,1.1739373590532203,1.2337186160796604e-05,0.00025902693569473316,0.000237265717779736,1.091670644255258,2.176121791499716e-05,1.3982358137654452e-05,1.392333820861624e-05,1.0035181754942186,5.9019929038212583e-08,2.534963035551769e-06,2.5514136884078366e-06,0.9896734162951596,-1.645065285606772e-08,0.02164182491893058,Train212.csv,Normal
687,10.191850167020888,36.6906606012752,0,0,0.6650020526749214,0.3065172937535124,2.169541636088795,0.358484758921409,1.3080253293520776,1.384934713978545,0.9444671338692936,-0.07690938462646746,1.5117235651132694,33.0364703928806,33.273158534430685,-0.23668814155008278,-0.005310311218351488,0.9661254666780246,-0.015492242574779602,0.9279498313337345,-0.006767428610985171,0.9771373110348744,0.03553071183398221,1.14780189303323,-0.004671880418879559,0.981495545675503,-0.007987910090364647,0.9698922133181411,0.7639483747857703,2.782372331803335,0.8622666126816887,2.848619901562585,0.8622666126816887,-0.015492242574779602,2.848619901562585,0.9279498313337345,0.8777588552564684,0.0012676811637038542,0.00012769778743090381,9.926420222335556,0.0011399833762729503,5.102843535774449e-05,2.2355556256409653e-05,2.281563434985904,2.8672879101334838e-05,6.983240609882672e-05,6.66788795546775e-05,1.0471371923646111,3.1535265441492126e-06,0.00010133155116593433,8.493001414638819e-05,1.1929777995009099,1.6401537019546136e-05,4.427254632139613e-06,3.917516719199806e-06,1.127240174560383,5.097379129398066e-07,1.6775821517728422e-06,9.75334506459859e-07,1.7025509010134157,7.022476453129831e-07,0.016306960241142286,Train213.csv,Side I
1048,15.547392976765487,55.970614716355755,0,0,0.38726322059816104,0.46481180532067434,0.8331613092300324,-0.0775485847225133,1.3230525590007516,1.484009763054145,0.8915389797453034,-0.1609572040533933,0.8870194545302489,40.21690168100112,36.98037469883639,3.236526982164726,0.029788529328922037,1.1280620161586308,-0.03656373005787647,0.8621122203054673,0.03939115244683994,1.1054228059127313,-0.2640939259393231,0.6764433115480144,0.13632355884395847,1.4652131978077105,-0.10001442511476638,0.7159751133982905,0.15006171060334245,1.5703470198342,-0.29080147348647845,0.5963638741203467,0.15006171060334245,-0.29080147348647845,1.5703470198342,0.5963638741203467,0.4408631840898209,0.00019318671433360226,0.0002887411665526958,0.6690421951883146,-9.555445221909355e-05,7.847213286379198e-05,0.0001369598663485829,0.5729153057949513,-5.848773348479093e-05,4.522727600435969e-05,5.501731451138889e-05,0.8219059281004727,-9.790038507029196e-06,0.00012802364255860382,0.00013094124881735125,0.9776435407436946,-2.9176062587474272e-06,5.511483924401944e-06,5.051532613864907e-06,1.0888962582804462,4.599513105370363e-07,1.4509700730870556e-06,1.5611490015035856e-06,0.9235088917082218,-1.1017892841652996e-07,0.1592053024518163,Train214.csv,Normal
357,5.296201615176793,19.066325814636457,0,0,0.19808190189321165,0.1863534162458987,1.0629367320128416,0.011728485647312936,1.3086913417608061,1.481257479244878,0.883500236294472,-0.1725661374840719,1.0798822727962023,54.84456802684852,40.7904130410293,14.054154985819217,0.0759817093609953,1.5071345252305852,0.0061222966351092145,1.0196789982176557,-0.009368055385474278,0.9349974133841107,0.043531664306079854,1.4398958309383068,-0.011824406471311472,0.9513324069191332,-0.004746282756743575,0.9766084609961464,-0.007161467724819903,0.9474477649639522,0.02400865152174647,1.2496334087693148,0.0759817093609953,-0.011824406471311472,1.5071345252305852,0.9349974133841107,0.08780611583230677,5.0745327641685724e-05,5.14117863994202e-05,0.9868448996991263,-6.664587577344746e-07,6.0304806408817666e-06,6.029670661885542e-06,0.9984783903761888,8.099789962247165e-10,1.0830134141184656e-05,8.379698187674051e-06,1.2908848326744384,2.4504359535106047e-06,5.3565930618521724e-05,5.695254101310954e-05,0.9403711573574972,-3.386610394587818e-06,7.925804256341255e-07,7.873857115740269e-07,0.9939736994654496,5.194714060098532e-09,3.597483740659564e-07,3.882469848837628e-07,0.9033298122042454,-2.8498610817806404e-08,0.010232661214080738,Train215.csv,Normal
788,11.69021532985802,42.08477518748887,0,0,0.26736143049677574,0.5423731916712428,0.49294734635291904,-0.275011761174467,1.412034890148118,1.5547783291344976,0.90819048259584,-0.14274343898637976,0.6438371061761974,34.90703519030923,36.12800279139167,-1.2209676010824424,-0.8019006623320503,0.3544044057147907,-0.4137694894147435,0.45047268001336216,0.0253650242109843,1.1133984441762304,-0.028280065254884107,0.8910772048452655,0.028979551779993645,1.135683283868209,-0.01582680662368738,0.9158813605831019,0.019122638162520023,1.104021906154127,0.026872497835322418,1.2526136200627631,0.028979551779993645,-0.8019006623320503,1.2526136200627631,0.3544044057147907,0.8308802141120439,0.00011996072654721616,0.0007404570530412262,0.16200683886543865,-0.00062049632649401,1.478968425801965e-05,2.2931455453672736e-05,0.6446707048681144,-8.141771195653086e-06,3.963810429889827e-05,4.6487181729638815e-05,0.8524840178352499,-6.8490774307405455e-06,2.2969136255641244e-05,2.4069351900984148e-05,0.9538934581832524,-1.1002156453429043e-06,2.088371601730712e-06,2.4860138391033286e-06,0.8366827014392443,-3.976422373726166e-07,8.75687191901202e-07,1.308884098519613e-06,0.6639606868292073,-4.3319690661841096e-07,0.03325216795478998,Train216.csv,Side II
880,13.055062804917586,46.99822609770331,0,0,0.6312262170479002,0.6711555315268425,0.9405066009168228,-0.039929314478942324,1.3994266656852472,1.5616712541976765,0.896108353766896,-0.1622445885124293,0.9373483187781311,29.20339651360974,26.42921719448999,2.7741793191197495,-0.01235870471280473,0.8973524500784036,-0.04022042351450972,0.9078135758136602,-0.0008336502646919541,0.997450503526327,-0.09036679489468691,0.834948084542198,-0.09600831541195398,0.8547441451678981,0.08378670678457611,1.079779629206585,0.055533220775637826,1.1008653422197756,-0.21688209746745213,0.7976767791103752,0.08378670678457611,-0.21688209746745213,1.1008653422197756,0.7976767791103752,0.30066880425202824,0.0009546090174046677,0.0011059117495227353,0.8631795312974293,-0.00015130273211806764,0.00015839265681876275,0.00016484302327983687,0.9608113558820957,-6.450366461074127e-06,8.257342129874567e-05,8.762367104743784e-05,0.9422567868239485,-5.050249748692173e-06,0.0001345784609455403,0.00013375985952629872,1.006044720552933,8.186014192415885e-07,8.132045809156169e-06,9.224813234208034e-06,0.8805858443387959,-1.0927674250518653e-06,2.315779042948919e-06,3.6484449666464186e-06,0.6329954568297691,-1.3326659236974996e-06,0.13368384175343354,Train217.csv,Side II
113,1.6763887465405534,6.034999487545992,1,0,0.2081768475119536,0.19705826889831915,1.0564227429357158,0.011118578613634439,1.4632853730126323,1.5877471365737466,0.9216110866080317,-0.12446176356111427,0.962688404932963,15.027918667523268,14.108731421957305,0.9191872455659631,0.0053417400510041985,1.0514152539897659,0.10799972284639217,1.564996672971131,-0.034228496630909905,0.8404472475592815,0.0558453599675747,1.2925869545029838,-0.07108197099645083,0.7290100522302997,0.07806398833503864,1.434358098281738,-0.03285516101749841,0.8373795258729203,-0.05501503138330527,0.7212342024330767,0.10799972284639217,-0.07108197099645083,1.564996672971131,0.7212342024330767,0.179081693842843,8.02224737728258e-05,7.027180336929178e-05,1.1414401726617818,9.950670403534022e-06,3.671676105327485e-05,2.9854243121583665e-05,1.2294556036057278,6.862517931691184e-06,9.03645276211895e-06,1.0041838731420219e-05,0.8989850517470643,-1.0053859693012684e-06,9.842918582547462e-07,9.375351399273984e-07,1.0387919315901721,4.6756718327347776e-08,2.615207838653912e-07,3.271455313529948e-07,0.7756910875131139,-6.562474748760361e-08,3.4188566203571677e-07,4.1145552373362685e-07,0.8112022331727683,-6.956986169791008e-08,0.0,Train218.csv,Normal
0,0.0,0.0,1,1,0.0767344430724308,0.05921473456787335,1.2958671633629348,0.017519708504557446,1.4459147376190704,1.4843457567320903,0.9741091125973775,-0.03843101911301994,0.9117646777631012,18.27107123114496,17.47903189506497,0.7920393360799878,0.008609566559577092,1.1250012381769847,-0.0007517011748086749,0.9885074414737305,0.04350818907421342,2.0213236839017465,0.04050845778571417,1.7689851078804057,-0.011490459537196539,0.8296662905075158,0.006348354528039328,1.1400157500164385,0.0215813018505817,1.3100368046632977,0.027213448077855452,1.497888153605987,0.04350818907421342,-0.011490459537196539,2.0213236839017465,0.8296662905075158,0.05499864861140996,9.143823555007055e-07,7.413075765546054e-07,1.2170546178889063,1.730747789461001e-07,7.39043869333451e-08,8.73282151505685e-08,0.7593315753197949,-1.3423828217223399e-08,7.690315649424934e-07,6.690663656340127e-07,1.1324836626601058,9.996519930848068e-08,2.674736321840867e-07,3.0751241375529594e-07,0.8424037001281667,-4.003878157120922e-08,1.768792223434157e-07,2.0610308064706618e-07,0.8184946823238034,-2.922385830365047e-08,3.043711702937886e-07,3.7532937574343147e-07,0.7898986930507258,-7.095820544964288e-08,0.0,Train219.csv,Normal
953,14.138039605780065,50.896942580808236,0,0,0.5640256588830881,0.5675048081432219,0.9938693749393757,-0.003479149260133818,1.5386326662836511,1.7193747521536427,0.894879173610994,-0.18074208586999152,0.996720295412845,18.1744698691198,15.878447064794893,2.296022804324908,-0.11151020945715634,0.7132485433020613,-0.049529254638205344,0.9252882633434917,0.16545191411183519,1.4832152827419935,0.07538486476122086,1.119971660358951,0.11353223646149291,1.2082538552928408,-0.01009444195067688,0.9845497243180806,-0.0987606943862816,0.8336623996503103,-0.1342164603645975,0.7870180281945649,0.16545191411183519,-0.1342164603645975,1.4832152827419935,0.7132485433020613,0.2996683744764327,0.0006741886562974409,0.0008840548488360961,0.7626009078237134,-0.00020986619253865523,0.00011623520150972399,0.00012405381790802,0.9368984726546131,-7.818616398296024e-06,0.0001339830074067039,0.00010105968075505305,1.325649852713177,3.292332665165085e-05,9.912083121793197e-05,8.496215432067755e-05,1.16650957022766,1.4158676897254417e-05,8.582792001914283e-06,9.577414497148157e-06,0.8952144506182864,-9.946224952338748e-07,1.699437720037332e-05,3.3744035067097925e-06,5.021380330885753,1.3619973693663527e-05,0.14477352408070698,Train220.csv,Normal
676,10.028661881959417,36.1031827750539,0,0,0.4147317174724243,0.44485618924468073,0.932282652633807,-0.03012447177225641,1.6077717314005584,1.7232027841192274,0.9330136516069957,-0.11543105271866905,0.8740060307847859,16.798641390142233,18.163260648756516,-1.3646192586142831,-0.16965241917912172,0.6784415293131224,0.11361928882409089,1.226529983602312,-0.0310782109494967,0.9337605465356391,0.010570048277147193,1.0259181367157781,0.08262177755109001,1.2910839055923538,0.05178815216989635,1.1962872987190354,-0.17513458523083048,0.7126952191288872,-0.09834926325328808,0.7417595482028198,0.11361928882409089,-0.17513458523083048,1.2910839055923538,0.6784415293131224,0.28875387405492137,0.0005009830046027592,0.0007001468293493387,0.7155296979225736,-0.00019916382474657944,3.9409721931187284e-05,4.09856941433638e-05,0.9613136880514743,-1.5759722121765185e-06,3.382441873675954e-05,3.109472901716325e-05,1.087436534749928,2.72968971959629e-06,3.415842912874941e-05,3.176267953291121e-05,1.075088082935119,2.3957495958382003e-06,3.662935469791751e-06,3.950077514735463e-06,0.9249655988202137,-2.871420449437118e-07,2.505300413744797e-06,5.413695296722167e-06,0.46191761828119027,-2.90839488297737e-06,0.10269349661968302,Train221.csv,Normal
808,11.986921302697056,43.1529166897094,0,0,0.7133438296248866,0.6260717445322265,1.139396282392369,0.08727208509266016,1.4874549194662896,1.586377224570939,0.9376426281536973,-0.0989223051046495,1.2106182307756648,24.9224948812688,33.90879666082146,-8.986301779552658,0.21407425056801038,1.6124053036265722,0.0006442904275795747,1.0017100291458836,0.028232822151005088,1.0373166176301756,0.15602218845095306,1.2522310647300376,0.23505451752786177,1.2298415239634954,-0.03319266148090416,0.9619983993792531,-0.004074019140885676,0.9853247668101824,0.003937782029286213,1.0224813486475928,0.23505451752786177,-0.03319266148090416,1.6124053036265722,0.9619983993792531,0.26824717900876593,0.0015134283373031334,0.0008116575588050171,1.8645913845950528,0.0007017707784981162,0.00019716857396846494,0.00023705147095425018,0.831719187326379,-3.9882896985785245e-05,8.161685820182308e-05,7.38597102941609e-05,1.1048758398646998,7.757147907662179e-06,0.00014096301764629753,0.00013437519813765158,1.0489475001696857,6.587819508645958e-06,7.986369210159742e-06,7.703195748778183e-06,1.0354163786683142,2.83173461381559e-07,2.2240730956735614e-06,2.290803046219446e-06,0.9666507958288899,-6.672995054588451e-08,0.12274607288269807,Train222.csv,Normal
254,3.7681658550557575,13.565397078200727,1,0,0.09522570768146815,0.08494150005167862,1.121073873345701,0.01028420762978953,1.2640281724748288,1.4287390161859275,0.8847159273371286,-0.16471084371109868,0.8602461820775976,17.570905354407373,19.328484649264546,-1.7575792948571731,-0.0131377890649306,0.8964695176078813,0.0015066931127060978,1.0191085537606142,0.03613633037205875,1.6291974016803679,0.03681225955332397,1.4916793160462833,-0.0031936572305168026,0.9704988015816,0.005627216865697934,1.090173899360094,0.011501855561704633,1.1320355384424834,0.02338884375980891,1.4075009431061258,0.03681225955332397,-0.0131377890649306,1.6291974016803679,0.8964695176078813,0.04995004861825457,4.1907757413793816e-06,4.682190706107305e-06,0.893138408872579,-4.914149647279237e-07,4.4756407044888263e-07,4.67879511573038e-07,0.9365625845218475,-2.031544112415538e-08,1.255950169374891e-06,1.6066501859377208e-06,0.776884313192585,-3.507000165628298e-07,2.050688547596988e-05,1.569798092526354e-05,1.3055074088476986,4.8089045507063395e-06,2.376692449519918e-07,2.5944854558998664e-07,0.8820579989830317,-2.1779300637994827e-08,2.5316706609691056e-07,3.1602028952442185e-07,0.7765377623160048,-6.28532234275113e-08,0.0,Train223.csv,Normal
775,11.497356447512646,41.39048321104553,0,0,0.5571823658649139,0.6603254191067487,0.8437996498463477,-0.10314305324183481,1.640108643320181,1.74139122382617,0.9418381185464845,-0.10128258050598893,0.7611758638789603,25.753814100901877,28.39795876835781,-2.644144667455933,0.0053996054497323365,1.020885807661257,-0.23969358212979736,0.6526737151520354,0.05996601537349733,1.0766051310522258,-0.06676778046302223,0.9348358647710906,-0.520303564768318,0.4473441163233964,-0.07597957098664826,0.8217977121200056,0.1099337177597351,1.3777698684210118,-0.01021479879209991,0.9716403264886406,0.1099337177597351,-0.520303564768318,1.3777698684210118,0.4473441163233964,0.6302372825280531,0.0008032185089825362,0.0010049372404762101,0.799264356009295,-0.00020171873149367394,0.00010656035226585482,0.00012887929366022863,0.8267587573779694,-2.2318941394373817e-05,6.196421699919616e-05,0.00011172316589991414,0.5545731788778016,-4.975894890071798e-05,8.640562517543822e-05,7.92037132545892e-05,1.0907912484513198,7.2019119208490155e-06,5.732456570152997e-06,7.061228561727838e-06,0.8106733533093838,-1.3287719915748402e-06,8.711898290162952e-06,1.132039905260458e-05,0.7688959806018749,-2.6085007624416274e-06,0.1177329288169443,Train224.csv,Normal
275,4.079707126536745,14.68694565553228,1,0,0.2378129030367109,0.2363836897008495,1.0060461162832721,0.0014292133358614068,1.428512591578356,1.6074166119664315,0.8887008956214393,-0.1789040203880754,0.9195118372650805,19.210499544903456,18.86898782487234,0.3415117200311144,0.09269249447618455,1.5011806337347553,0.03203201977754418,1.2984600729187217,-0.021858354307721067,0.90284198058535,0.07408479456522532,1.287849452089755,-0.1591700355450301,0.5834703848092739,-0.02906499120980588,0.8533679525860955,0.04335553135012582,1.1665009709434078,0.008034025844469328,1.0453982947031846,0.09269249447618455,-0.1591700355450301,1.5011806337347553,0.5834703848092739,0.2518625300212146,0.0001780883449342439,0.00014511705851159983,1.2271201990909884,3.297128642264406e-05,2.0429967381745392e-05,2.2094586128448876e-05,0.924241117342241,-1.6646187467034839e-06,9.73373667288975e-06,8.53213136496218e-06,1.1394974224834864,1.20160530792757e-06,4.531668989082031e-06,4.2097450118546796e-06,1.073920100942368,3.2192397722735157e-07,6.373740642005225e-07,7.0887005918015e-07,0.8866332045146362,-7.149599497962743e-08,4.71691889330637e-07,5.321505791147763e-07,0.8700385234316557,-6.045868978413928e-08,0.0,Train225.csv,Normal
1127,16.71938156947968,60.189773650126845,0,0,0.5821030775655452,0.568730762242794,1.0235125405119498,0.013372315322751294,1.3990798074833677,1.530618887265454,0.9140615015160932,-0.13153907978208634,1.1030311437072233,23.143494824805348,18.16560640461857,4.97788842018678,-0.02544480311525879,0.8852279480891018,0.036800233423383455,1.1314944138394163,-0.0377062409263238,0.917844956117523,0.04998916672125475,1.0883196550436274,-0.05905461933977152,0.9052307256289247,0.10663604207980182,1.1932450610965883,-0.06922757240544886,0.9106012540579552,0.07732244306286196,1.0969029578962537,0.10663604207980182,-0.06922757240544886,1.1932450610965883,0.8852279480891018,0.17586361448525067,0.0006430249251479641,0.0006394686560577885,1.0055455628684111,3.5562690901755345e-06,9.193289506367838e-05,0.00011674448627671175,0.7874035336491874,-2.4811591213033367e-05,8.962210914470964e-05,8.363255496512908e-05,1.0714893774116951,5.989554179580562e-06,0.00020373125820720902,0.0001835201253322804,1.1100698473253618,2.021113287492863e-05,1.2774602789853887e-05,1.0987740530027764e-05,1.1615661194201348,1.7868622598261224e-06,2.2257972988128214e-06,2.108508516226414e-06,1.0506435455721064,1.1728878258640757e-07,0.17120646551831772,Train226.csv,Normal
371,5.503895796164118,19.814024866190824,0,0,0.2675674020400694,0.30583162254910456,0.8748846540493439,-0.03826422050903516,1.5090708953934344,1.606986924007765,0.9390685533639458,-0.09791602861433057,0.7948946243933385,32.9796131730055,46.39059772348742,-13.41098455048192,-0.1290216642603904,0.6397464039596942,-0.0016924827252825791,0.9863610325605485,-0.06596161419969704,0.7876116835276664,0.12730176704788937,1.6386129001755185,-0.11341805413264033,0.7375147605623875,0.08494912135915164,1.3938465816433483,-0.0561279147794268,0.8045242288662896,-0.08515133680442438,0.7821177047456319,0.12730176704788937,-0.1290216642603904,1.6386129001755185,0.6397464039596942,0.2563234313082798,0.0001390762495295173,0.00020007675043067592,0.6950797553069515,-6.1000500901158623e-05,4.714084570547633e-05,6.16148533288034e-05,0.7649648341384815,-1.4474007623327063e-05,1.9321379406812974e-05,3.222579999269356e-05,0.5993764513736989,-1.2904420585880587e-05,4.298897536126304e-06,5.2068089749875926e-06,0.8240473355911078,-9.079114388612889e-07,1.4181618306521995e-06,1.6130157724613383e-06,0.8737819155642134,-1.9485394180913873e-07,1.1533919765089348e-06,7.552791050030018e-07,1.5071520559866987,3.9811287150593304e-07,0.05635989237559527,Train227.csv,Normal
0,0.0,0.0,1,1,0.07627839807408907,0.059416588222332395,1.2837893847214392,0.01686180985175667,1.4239636874714503,1.518015439799721,0.9380429478891804,-0.09405175232827068,0.9572071789497614,36.5269337944894,37.795471221245776,-1.2685374267563745,0.005813359460506734,1.079246926321233,-0.0010769920964145557,0.9842348609605692,0.04537704781331431,2.1003752601883963,0.0406426240111984,1.7835918049260524,-0.015778051072728887,0.7758976948605254,0.004653944098069844,1.1092432091427737,0.024709117515078594,1.3837157666854492,0.027164884447403816,1.5057372939223612,0.04537704781331431,-0.015778051072728887,2.1003752601883963,0.7758976948605254,0.061155098886043195,5.00846986422089e-07,6.194356038352063e-07,0.7957080650830434,-1.1858861741311726e-07,9.232239970668863e-08,1.4427348504368424e-07,0.5984333580105908,-5.195108533699561e-08,4.913100258136323e-07,6.663813644809956e-07,0.7263801926160796,-1.750713386673633e-07,3.20263258013428e-07,4.7300755459107356e-07,0.6630605566502392,-1.5274429657764555e-07,2.0765141305030177e-07,2.2203826963198676e-07,0.8949015754152856,-1.438685658168499e-08,2.7778990975120836e-07,3.434283688977548e-07,0.7859864521276493,-6.563845914654646e-08,0.0,Train228.csv,Normal
0,0.0,0.0,1,1,0.07624967282354014,0.058318632673994446,1.3074665206078524,0.017931040149545698,1.3380455122345118,1.3953481426684609,0.9589330875420851,-0.05730263043394901,0.9066666378573068,20.119232538377148,21.642513641320882,-1.5232811029437343,0.008137608932292345,1.1183836255056767,0.0007350482658170787,1.011707523150978,0.04567952283250238,2.1340175956659566,0.04003969827319889,1.7751912249897432,-0.011796865115148138,0.8260206191756335,0.006677034406408114,1.147891784378337,0.023010708949124437,1.33608006105993,0.02701063570461832,1.499224948532254,0.04567952283250238,-0.011796865115148138,2.1340175956659566,0.8260206191756335,0.05747638794765052,7.399522286848441e-07,7.226644534493631e-07,1.0099469480212535,1.7287775235480923e-08,7.029474493398258e-08,8.857677799960351e-08,0.7130963941047588,-1.828203306562093e-08,7.558988268566991e-07,7.626371177335297e-07,0.9783361548485645,-6.738290876830571e-09,2.6164547999877104e-07,2.6853870779533187e-07,0.9393505199680403,-6.893227796560832e-09,1.7805072470489096e-07,1.722924119342708e-07,0.976731410899817,5.7583127706201574e-09,2.640982684069148e-07,3.0661641664872464e-07,0.8341268946263232,-4.2518148241809846e-08,0.0,Train229.csv,Normal
1007,14.939145732445462,53.78092463680367,0,0,0.4181388749399279,0.39476692247243583,1.0592044078289764,0.023371952467492074,1.449122113028833,1.554404421355044,0.9322683876843868,-0.1052823083262111,1.1141422927535387,17.825667715565437,20.44038197341979,-2.6147142578543523,0.07992364572556906,1.4890234227396317,-0.013094154749043102,0.9395593421969844,-0.030002905919817913,0.9205600011141255,-0.03261642992162561,0.9191677796997069,0.29175770385275496,1.6321175647302764,-0.2839517527007447,0.605968944792378,0.13590031081716664,1.4165392379520658,0.09070935412515893,1.5342447856292627,0.29175770385275496,-0.2839517527007447,1.6321175647302764,0.605968944792378,0.5757094565534997,0.00020160810307882283,0.0002563893847372909,0.7863049409630694,-5.478128165846806e-05,0.00014431933528172793,0.00013440199110071002,1.0737087822290698,9.917344181017908e-06,3.556646221213011e-05,3.1937408197575435e-05,1.1132816155906298,3.6290540145546786e-06,6.563382649886544e-05,6.303359926721656e-05,1.0410862841233088,2.6002272316488843e-06,6.520819125019791e-06,6.528722295031611e-06,0.9972619773093249,-7.903170011820155e-09,1.2164393036976903e-06,1.264184033217225e-06,0.9546810130921721,-4.774472951953478e-08,0.15297685073375858,Train230.csv,Normal
735,10.903944501834573,39.254200206604466,0,0,0.5033151986961829,0.5868329116619111,0.8576805767317791,-0.08351771296572819,1.5499105711776207,1.7398702107174382,0.8908196443172138,-0.18995963953981754,0.864252422850171,17.96575892878397,17.28705570028282,0.6787032285011492,0.05735452637617505,1.3164577702077649,-0.11124010479882152,0.7847376421537556,0.12633022722444487,1.1978677375856301,-0.15599865899603405,0.8151163709526775,-0.44331885211406324,0.5195211417570187,0.128178363950963,1.3610751701099675,-0.11514427634287461,0.7500424575237177,0.02375003855722413,1.062157956981153,0.128178363950963,-0.44331885211406324,1.3610751701099675,0.5195211417570187,0.5714972160650262,0.0004833333172232224,0.0009187170483992573,0.526090222406489,-0.00043538373117603483,9.122964616639166e-05,7.465539909524543e-05,1.2218463608560692,1.6574247071146238e-05,5.175732630383658e-05,6.347672197219523e-05,0.815246475105524,-1.1719395668358653e-05,4.0555893197524265e-05,5.333486032098326e-05,0.7602586819703708,-1.2778967123458993e-05,5.127454089787851e-06,6.771610754465517e-06,0.7560820394198464,-1.644156664677666e-06,4.1568270333959285e-06,8.70324165750857e-06,0.4770700959285129,-4.546414624112642e-06,0.11165639055542459,Train231.csv,Normal
342,5.073672135547516,18.265219687971058,0,0,0.11446307362031755,0.09921086056573608,1.153735200261906,0.015252213054581465,1.5534959792148362,1.7079324829727016,0.9095769215743038,-0.15443650375786544,0.9993931879863514,14.61238994822992,13.827718585847926,0.7846713623819941,0.015194933384027998,1.1601497173794506,-0.005965860654581004,0.9386009286125556,0.04061807410481798,1.5790178644144073,0.039549046178003006,1.350633129403808,-0.002145024516018529,0.9841633109140167,0.0025749863371914844,1.0292835206464412,0.012932172448418863,1.1142507980917842,0.02250970381022486,1.366823237400002,0.04061807410481798,-0.005965860654581004,1.5790178644144073,0.9386009286125556,0.04658393475939898,3.7468732882437915e-06,5.196219542537516e-06,0.7196917566825394,-1.4493462542937249e-06,1.3249253032800918e-06,1.0715816953185662e-06,1.2249886522810023,2.533436079615256e-07,1.9204142979944924e-06,2.026707007745596e-06,0.9429016008150205,-1.0629270975110336e-07,4.116384180609073e-05,4.053549776538568e-05,1.015250621518647,6.283440407050449e-07,3.415758683849937e-07,4.2514827174864863e-07,0.7849643226488454,-8.357240336365494e-08,3.2071005719955303e-07,4.073887752109879e-07,0.7683725012428418,-8.667871801143488e-08,0.006494300325188116,Train232.csv,Normal
856,12.699015637510742,45.716456295038675,0,0,0.43521161283682064,0.48294740452226836,0.9011573511938811,-0.047735791685447726,1.3827604996944443,1.4859241918590647,0.930572702136791,-0.1031636921646204,1.0104201278696865,28.764394560560962,30.57891502455622,-1.8145204639952581,-0.23911244599204473,0.8025499664034402,0.044702221634620204,1.2110312322238312,-0.01901388632737583,0.9462304740592858,0.18975974883288643,1.5926382273011692,-0.013376262201655137,0.9359605345417271,-0.014974457742456926,0.9228965336980324,0.040273541601062585,1.292906061820906,0.012525024222428432,1.0766741173639198,0.18975974883288643,-0.23911244599204473,1.5926382273011692,0.8025499664034402,0.42887219482493116,0.00040118060672779616,0.0006195068610297076,0.6475701178834555,-0.00021832625430191147,9.089862652921715e-05,7.452089369410089e-05,1.219610043887234,1.6377732835116263e-05,3.773636496146228e-05,4.481229242533257e-05,0.8419106413248627,-7.075927463870287e-06,6.847579975935527e-05,8.554729819696048e-05,0.8003501887322099,-1.707149843760521e-05,4.1021541731005385e-06,3.963310865062443e-06,1.0324271904247468,1.3884330803809555e-07,1.4470344797228695e-06,1.3232233143707378e-06,1.085365417875136,1.2381116535213165e-07,0.1300379187965217,Train233.csv,Normal
369,5.474225198880214,19.70721071596877,0,0,0.2473966569217559,0.24706146164069634,1.0013566877863782,0.0003351952810595471,1.458150913474879,1.5619161954638376,0.9335653912636473,-0.10376528198895874,1.0845226509034072,26.45471370386694,31.061433910653797,-4.606720206786857,0.07935581575533861,1.688738041388465,0.011594469680073272,1.1045415298522623,-0.11788395789843487,0.6926875108770174,-0.0022422583051888156,0.9929601368294398,0.05926661916827375,1.2181112842920936,-0.0015275476291803092,0.9931060493313462,0.050320523465412575,1.220442552586065,-0.02295012797355389,0.8839420057790179,0.07935581575533861,-0.11788395789843487,1.688738041388465,0.6926875108770174,0.1972397736537735,0.0001296991866329605,0.00014581910475304125,0.8893916399788886,-1.611991812008076e-05,3.54555653613031e-05,3.8283236397194455e-05,0.9258962860579928,-2.827671035891355e-06,2.756205758840973e-05,2.6634916010184814e-05,1.034420884564783,9.271415782249159e-07,6.469123832791153e-06,6.5285981010498075e-06,0.9893747455976075,-5.9474268258654494e-08,9.970281393432794e-07,9.980005547081976e-07,0.9891146732869661,-9.724153649181655e-10,4.822619141244358e-07,5.504470260869212e-07,0.860495089949216,-6.818511196248537e-08,0.05605606546251928,Train234.csv,Normal
238,3.5308010767845284,12.710883876424303,1,0,0.11578348227136655,0.10276702110142033,1.126659795757847,0.013016461169946217,1.4176547025193629,1.517113982997856,0.934441781608013,-0.09945928047849306,1.117817267754068,22.29321551062043,28.55971926252447,-6.26650375190404,0.01768046454517365,1.2588461872502381,0.01930041757720627,1.153784413902416,0.010446836547134755,1.095361023112251,0.025905201618474608,1.316426617462668,0.008863998137711687,1.074389032825263,-0.0018211967669296975,0.9850284156976444,0.02349923016487289,1.3094438261736925,0.007630397768239247,1.0740931199673496,0.025905201618474608,-0.0018211967669296975,1.316426617462668,0.9850284156976444,0.027726398385404305,1.3522741504935812e-05,1.4677143044694196e-05,0.9207196705162458,-1.1544015397583843e-06,1.9265586585975564e-06,1.5639875778562335e-06,1.223998642493433,3.6257108074132286e-07,2.1276864978346023e-06,2.0351428924659604e-06,1.0403608010338652,9.254360536864193e-08,9.736218619870552e-06,7.384532417767224e-06,1.3166780628991277,2.3516862021033274e-06,4.295171999733133e-07,3.9780750720940634e-07,1.0532351474166441,3.170969276390694e-08,3.238066222080037e-07,3.8567049941329575e-07,0.8183744370332069,-6.186387720529202e-08,0.0,Train235.csv,Normal
316,4.687954370856769,16.876635735084367,0,0,0.29040206564261667,0.2186398899591751,1.3282208128381012,0.07176217568344156,1.3611564071272657,1.4113195251239254,0.9644565764532871,-0.050163117996659734,1.2495945698426403,27.68173142154283,44.938608565504424,-17.256877143961596,-0.010089248875996992,0.9330419777219351,0.3617314103464195,2.7669755578686512,0.017677161311723644,1.1193524766488825,0.09342568020242029,1.4903951697326245,0.0235616960912704,1.1026414512103504,-0.05674387469001027,0.8116687226368987,-0.014988343786041691,0.9399606243874244,-0.015135302748132184,0.9347386065734672,0.3617314103464195,-0.05674387469001027,2.7669755578686512,0.8116687226368987,0.4184752850364297,0.00020236985798723108,8.833348880595412e-05,2.2907161662104505,0.00011403636918127696,5.0898313600383454e-05,3.216296007379803e-05,1.5820214703164825,1.8735353526585423e-05,1.580103268301079e-05,2.1230361130415158e-05,0.7439154440921668,-5.429328447404367e-06,1.021737958661322e-05,9.789000195015598e-06,1.0426961305512004,4.283793915976227e-07,1.1281089978762153e-06,1.063944390844317e-06,1.0504352064163351,6.416460703189841e-08,5.282055013419877e-07,4.6754062076953704e-07,1.1060954364275992,6.066488057245063e-08,0.0,Train236.csv,Normal
996,14.775957447383993,53.19344681058237,0,0,0.44055842740450385,0.544503638119542,0.8091009654866118,-0.1039452107150382,1.4214905435874334,1.5076495189674137,0.9428521126929345,-0.0861589753799803,0.7970088361051592,22.10569757522649,17.870840408347156,4.234857166879333,-0.354580400962072,0.4164619311749825,-0.32993076579281877,0.5592572678546673,0.1924238488338904,1.4216585066356242,0.0325753793805863,1.0547290486758678,0.05121961580578227,1.106114208658847,-0.38282235264423103,0.501459624511929,0.023344452312289737,1.1353891886748977,-0.0019158590786585161,0.988422128683399,0.1924238488338904,-0.38282235264423103,1.4216585066356242,0.4164619311749825,0.5752462014781214,0.0003553512691466134,0.0007726569921420058,0.45990222535778336,-0.0004173057229953924,9.824303489348734e-05,0.00016207839465907472,0.6061077666919017,-6.383535976558739e-05,7.882323574261514e-05,7.696933728550146e-05,1.0239531609667543,1.8538984571136769e-06,7.509919052310147e-05,7.801398159778716e-05,0.9625142037769496,-2.91479107468569e-06,5.2841170978850525e-06,6.164320775096667e-06,0.8558216021425163,-8.802036772116144e-07,1.2519233859476847e-06,1.5880969755627507e-06,0.7833838653670157,-3.3617358961506606e-07,0.15130580271184066,Train237.csv,Normal
603,8.945685081096936,32.204466291948975,0,0,0.17939159918368486,0.1643482866831618,1.0915330599958954,0.01504331250052307,1.281415760516132,1.374468451067942,0.9322991373119546,-0.09305269055180987,1.1983109066584294,28.218161683558243,31.759647856984255,-3.541486173426012,0.013527048645079975,1.081114406238871,0.031683780573362685,1.211846349890128,0.0029246521386976643,1.0140720032454322,0.040077980957945014,1.2072124563102054,0.007595908185543843,1.0443028541835946,0.012338504683042428,1.0808032410243698,0.0021086360443276497,1.0135862829052182,0.003285325974039438,1.0356367217937894,0.040077980957945014,0.0021086360443276497,1.211846349890128,1.0135862829052182,0.037969344913617364,4.529239499603602e-05,3.688021385320016e-05,1.227761790058232,8.412181142835859e-06,1.6437113630354575e-05,9.694686364608011e-06,1.6937295047781278,6.742427265746564e-06,9.141652274339417e-06,9.440234156352288e-06,0.9673466416908361,-2.985818820128708e-07,4.5549596935808354e-05,3.985214020087815e-05,1.1426781579280307,5.697456734930201e-06,8.211546797410489e-07,7.20019543219871e-07,1.1248393106288792,1.0113513652117795e-07,3.0158420577130093e-07,3.322943709218094e-07,0.8810667991972094,-3.071016515050844e-08,0.011171196965370679,Train238.csv,Normal
0,0.0,0.0,1,1,0.0772376510404569,0.060106785365684784,1.2850069708516219,0.017130865674772122,1.454793257478542,1.5961961366893167,0.9114125857877433,-0.14140287921077466,0.9483666755944538,17.981300637753172,18.575996224491305,-0.5946955867381334,0.009484764863226774,1.136290355644566,0.003512070144700341,1.0553913454248705,0.043736796598712165,1.9971047805940545,0.05017734729991046,2.3197951765525113,-0.014553834707370393,0.8093790808235627,0.0018124039534951897,1.0368601246073865,0.019659569598307433,1.2795317166673277,0.02485640868803355,1.421558105235474,0.05017734729991046,-0.014553834707370393,2.3197951765525113,0.8093790808235627,0.06473118200728085,5.582135355707203e-07,1.068413591524459e-06,0.517624722052717,-5.102000559537387e-07,9.896688508427494e-08,1.4299698792722616e-07,0.6468551206468788,-4.403010284295122e-08,6.586151543152901e-07,9.404682693371141e-07,0.6929375504293569,-2.81853115021824e-07,3.906686256318021e-07,4.7683708042692474e-07,0.8024627567177318,-8.616845479512263e-08,2.2003094845270045e-07,2.3172170125248121e-07,0.9102655959833557,-1.169075279978076e-08,3.021656239113524e-07,3.780335016544841e-07,0.7787101438999181,-7.586787774313168e-08,0.0,Train239.csv,Normal
879,13.040227506275635,46.944819022592284,0,0,0.31914053853312785,0.6270601632052489,0.5089472305374224,-0.3079196246721211,1.4507588614496256,1.662583596706461,0.872593026658999,-0.21182473525683543,0.9087351796729258,20.88729309100435,16.054908572361107,4.8323845186432415,-1.1023601770631255,0.3378725171821452,0.01991999844791928,1.125963734339912,0.01163854734502584,1.030195413096838,0.14825616918655504,1.5710125869074238,-0.031032320083093867,0.844780065370075,-0.015111787338821542,0.9151022370254379,0.07319275423236579,1.5055737596387986,-0.00041180924276523756,0.9979467010883589,0.14825616918655504,-1.1023601770631255,1.5710125869074238,0.3378725171821452,1.2506163462496804,0.0001847179549243172,0.00111708534415387,0.16535558570806644,-0.0009323673892295528,2.9295374954300166e-05,4.912751142537163e-05,0.5961916691445186,-1.9832136471071463e-05,4.7386636661079254e-05,7.053194981379915e-05,0.6717511606378884,-2.3145313152719897e-05,6.4386861412093e-05,6.0185343570765046e-05,1.0696319281972442,4.2015178413279535e-06,3.6855836110050143e-06,4.62087716566798e-06,0.7958715982209362,-9.352935546629654e-07,8.235605847382894e-07,1.478168774460642e-06,0.5534053656224396,-6.546081897223527e-07,0.13353192829689556,Train240.csv,Side II
954,14.152874904422017,50.95034965591926,0,0,0.6133079682440468,0.5910625772867921,1.0376362528025493,0.02224539095725464,1.5627027767447965,1.5206113829340622,1.0276805658607606,0.042091393810734345,1.0045855963352237,17.06275176247992,19.540274522488076,-2.4775227600081564,0.14570152865002783,1.2350057346801615,-0.0008324418440077697,0.9989349393478305,0.06382977328916933,1.1685800853299002,-0.052843298819536644,0.9253927896369256,-0.06825607781628457,0.8452818521307167,0.13701665214220737,1.3594012469916106,0.08367903143552435,1.127588255257415,-0.13693667028145157,0.7791374517469378,0.14570152865002783,-0.13693667028145157,1.3594012469916106,0.7791374517469378,0.2826381989314794,0.0008936089573954177,0.0007528806800234929,1.1869039969621271,0.0001407282773719248,0.00020687362040221349,0.00015026403771336853,1.3766424563423427,5.6609582688844955e-05,0.00014433387495687728,0.00014159221583553587,1.0192910760980896,2.741659121341416e-06,0.00012210794954475664,0.00012414113121955234,0.9835427864834958,-2.0331816747957033e-06,9.710364510183422e-06,1.0169995533285866e-05,0.9538672662903559,-4.5963102310244376e-07,1.23992414830794e-05,3.748909338384713e-06,3.298627438672844,8.650332144694688e-06,0.144925437537245,Train241.csv,Normal
956,14.18254550170592,51.05716380614132,0,0,0.47247773978754976,0.33183864589032697,1.4238176637977469,0.1406390938972228,1.5334205553752802,1.6214391364854155,0.9457157604089418,-0.08801858111013527,1.1078595283036463,26.567991981388303,27.94767789337254,-1.379685911984236,0.036632848597383,1.1706956809481277,-0.010091365418527426,0.9516573910262109,-0.055073773300878814,0.852947617367463,0.07579193984012572,1.223714920211674,-0.006947913012370188,0.9728818397076621,-0.0133877580366982,0.9467922365511628,0.3344673958101948,1.6139769469716356,0.3868542094214183,2.163500633612185,0.3868542094214183,-0.055073773300878814,2.163500633612185,0.852947617367463,0.4419279827222971,0.0004092707926184056,0.00022100011687201256,1.851819266967834,0.00018827067574639302,0.0001585970995056294,6.335823175737361e-05,2.502785624709732,9.523886774825578e-05,7.173306234149184e-05,4.715857710807464e-05,1.5207807133366356,2.4574485233417207e-05,6.301858468770362e-05,4.7720582129521315e-05,1.3202978441934126,1.5298002558182305e-05,4.55783546420166e-06,4.024084976077591e-06,1.129831297860592,5.33750488124069e-07,1.4855225589317486e-06,1.0443895975342825e-06,1.408893413218114,4.411329613974661e-07,0.14522926445032097,Train242.csv,Normal
770,11.423179954302887,41.123447835490396,0,0,0.4139795214576729,0.4799186709447781,0.8626034740775335,-0.06593914948710516,1.5999968943447003,1.5875945472111952,1.0078120305194869,0.012402347133505076,0.8087935179517632,33.69179190331136,36.16074784651214,-2.4689559432007755,-0.016128963761908643,0.954113405923975,-0.06052988315854779,0.9094288322938501,-0.24152381076051904,0.6388931294113644,0.061665352118115135,1.143419298547834,-0.051495205120611676,0.8676869291043999,-0.03808225623450506,0.8904712475946879,-0.008240040955140027,0.9728022786621383,-0.11537346718184827,0.7803951174178453,0.061665352118115135,-0.24152381076051904,1.143419298547834,0.6388931294113644,0.3031891628786342,0.0003719142899163299,0.0005019998657506392,0.7408505595008943,-0.00013008557583430927,3.606312855344488e-05,4.560107620901905e-05,0.7906660300708673,-9.537947655574171e-06,3.46184117497782e-05,3.801794560991264e-05,0.9103413606638355,-3.3995338601344366e-06,4.540909577985351e-05,4.798229388061262e-05,0.9461747315686729,-2.573198100759108e-06,3.242659650479241e-06,3.9109090723656955e-06,0.8270173040566763,-6.682494218864545e-07,6.832166643769502e-06,4.28788569352912e-06,1.5896575970031,2.544280950240382e-06,0.11697336153425435,Train243.csv,Normal
0,0.0,0.0,1,1,0.07648576654818498,0.05912161517787589,1.2937020306540385,0.01736415137030909,1.44169838023599,1.4847180432844989,0.9710250219202625,-0.043019663048508905,0.9363128217375656,26.138520870814467,31.927876202451884,-5.789355331637417,0.0062977845351906425,1.0883497923209047,-0.0010963571915583725,0.9836571603728733,0.046570405734714306,2.1597652152024045,0.040138272608933455,1.7617113608534718,-0.012384985965288378,0.8178191046921284,0.006796324442773942,1.1566017613730026,0.021955166593393333,1.3220129286669506,0.027672923234782168,1.5194093851334896,0.046570405734714306,-0.012384985965288378,2.1597652152024045,0.8178191046921284,0.058955391700002684,7.443055367810511e-07,8.987103682110765e-07,0.8190789527870367,-1.544048314300254e-07,7.013096025195456e-08,1.1757421409146685e-07,0.54972676689721,-4.744325383951229e-08,8.285899685209381e-07,1.1869275543989695e-06,0.6922640935749951,-3.583375858780314e-07,2.3420674112710927e-07,2.656864475309631e-07,0.8495402774588869,-3.147970640385383e-08,1.6950363421363249e-07,2.2164529667488752e-07,0.7317378623556928,-5.214166246125503e-08,2.865238392008172e-07,3.343160023538162e-07,0.8321537112480406,-4.779216315299897e-08,0.0,Train244.csv,Normal
0,0.0,0.0,1,1,0.07671280286234058,0.059435641384798614,1.2906866682706335,0.01727716147754197,1.3127848251917091,1.458250736962218,0.900246290239495,-0.14546591177050883,0.9319727614159787,29.264674778989537,31.953552659230954,-2.6888778802414173,0.010479481002341931,1.1556338117368947,0.001605070576202454,1.0264393250294555,0.04655213608366357,2.1359726669211083,0.04238896801474014,1.9479038933883743,-0.011780556308278067,0.8404550152681172,0.002605858182268238,1.0509588463306152,0.018268483827334897,1.248174197372727,0.02828044273078399,1.5272779427236884,0.04655213608366357,-0.011780556308278067,2.1359726669211083,0.8404550152681172,0.05833269239194164,8.517085287586824e-07,1.2100482332790154e-06,0.69809414540081,-3.5833970452033303e-07,9.246523358035604e-08,9.596714566698672e-08,0.8725839787261809,-3.5019120866306774e-09,6.841008608241854e-07,9.263512113021538e-07,0.7306028470586674,-2.422503504779684e-07,2.0937719790324844e-07,2.832628612027765e-07,0.7139574272873054,-7.388566329952808e-08,1.8572423611718538e-07,1.9702995841480026e-07,0.8970886993324548,-1.1305722297614879e-08,2.696131106029216e-07,3.160199408372864e-07,0.826983496501777,-4.64068302343648e-08,0.0,Train245.csv,Normal
955,14.167710203063969,51.003756731030286,0,0,0.5435199623995851,0.5908293845528443,0.9199270845536311,-0.04730942215325917,1.4430680001830822,1.5953026935054615,0.9045731553091059,-0.15223469332237927,0.9002920781398193,17.768372374144604,19.528468665351184,-1.7600962912065796,-0.09072689622508001,0.8608922118050688,-0.2631790813627841,0.530430654643798,0.057805682487953036,1.073441414703859,-0.11738116320943409,0.7831766741183274,0.21253725403832752,1.5313299401810303,-0.09292877259189286,0.8005155830758123,-0.06853300415203839,0.8562889469696433,-0.11169181600883027,0.8474545965631239,0.21253725403832752,-0.2631790813627841,1.5313299401810303,0.530430654643798,0.47571633540111163,0.000636944740674122,0.0007941273146208329,0.802058698095853,-0.00015718257394671086,0.00011636709648855149,0.00024439580727849504,0.4761224693648697,-0.00012802871078994353,0.00010475644372413964,0.0001284134513913798,0.8157111694879369,-2.365700766724017e-05,8.739020305350538e-05,0.00011251840822607563,0.7766056983400472,-2.5128205172570252e-05,7.571521828426458e-06,8.18640482247899e-06,0.9237613310242115,-6.148829940525319e-07,4.014719909098007e-06,5.478866797211393e-06,0.7314296479443948,-1.4641468881133863e-06,0.14507735099378297,Train246.csv,Normal
514,7.625343501963226,27.451236607067614,0,0,0.16098017977311654,0.15590722065516582,1.0325382542979744,0.0050729591179507205,1.2498241790784235,1.4422663736576489,0.866569583289334,-0.1924421945792254,0.9041501898215565,28.17338398052115,30.89932576041302,-2.725941779891869,-0.006860801525769344,0.9633171459718566,0.01977301974143239,1.137049811273831,0.011704651114853332,1.0684756539527267,0.007050375940677589,1.037238253843574,-0.0146208528406023,0.9010090158351973,0.022457654573936475,1.156118832417015,-0.004082145826576178,0.9727482743299749,0.004059002175742746,1.0436410901056445,0.022457654573936475,-0.0146208528406023,1.156118832417015,0.9010090158351973,0.037078507414538775,2.1286536749557323e-05,2.8908187877980854e-05,0.7360951121617654,-7.621651128423532e-06,1.2064593494580546e-05,1.161150690884205e-05,1.0381264313839869,4.5308658573849657e-07,7.928892839668952e-06,8.808843671922925e-06,0.8990853148823398,-8.799508322539722e-07,5.568079462203033e-05,4.4895481584432756e-05,1.2399554053849189,1.0785313037597572e-05,5.849252562219654e-07,5.658395055407071e-07,1.0157782691076864,1.9085750681258365e-08,3.056974315393065e-07,3.2734011578229534e-07,0.9061994623153279,-2.164268424298884e-08,0.009760439670019567,Train247.csv,Normal
1016,15.07266342022303,54.26158831280291,0,0,0.5360083822130216,0.7530063625361707,0.7118244967937165,-0.2169979803231491,1.6862254655396722,1.8043340569363076,0.9345417217571138,-0.11810859139663532,0.889986123942671,20.48737354809476,15.004896560194211,5.482476987900547,-1.205630291148676,0.35226411281545755,0.04692723612482408,1.1573813581881571,0.3880498773499793,1.528733374799304,0.08531147109323695,1.2106425462797232,-0.026317673711614697,0.9132452580178559,0.009273207621926294,1.0366820999608937,-0.050292827439998966,0.8404741229143565,0.028411392753934006,1.1803857386151806,0.3880498773499793,-1.205630291148676,1.528733374799304,0.35226411281545755,1.5936801684986555,0.0006435576010320581,0.0017253417313219247,0.3730008144710175,-0.0010817841302898667,9.786356200407729e-05,7.9224406445303e-05,1.235114471030137,1.8639155558774286e-05,0.00010666109762636492,9.73852944352469e-05,1.0951360457899573,9.275803191118021e-06,0.00017504782209016082,0.00018245726998524512,0.959338198594826,-7.409447895084299e-06,6.979938012110271e-06,9.11837217178998e-06,0.7646421378042453,-2.138434159679709e-06,2.7857506682153775e-06,3.608190337589166e-06,0.7699292763220271,-8.224396693737886e-07,0.02707790756943966,Train248.csv,Side II
0,0.0,0.0,1,1,0.07627837365504653,0.059445394804204826,1.2831668638860212,0.0168329788508417,1.4299437937741915,1.5360720951972622,0.9309092906094785,-0.10612830142307073,0.8387096529629918,23.72935374808697,24.505220967785238,-0.7758672196982666,0.0052825437430667616,1.072005572711929,-0.0005535873960132859,0.9918954864223968,0.04700256338868192,2.1683672615350966,0.03950842551998852,1.7454457128955803,-0.015404124797958094,0.7804534778555513,0.00589331269761386,1.144696032210926,0.02331156964344333,1.3553809921736317,0.02684786998123463,1.4976849765254743,0.04700256338868192,-0.015404124797958094,2.1683672615350966,0.7804534778555513,0.06240668818664001,8.723796639729843e-07,1.1429980411880143e-06,0.7566185134834321,-2.7061837721502997e-07,6.876820326806212e-08,1.1020976966926449e-07,0.5720683390149189,-4.1441566401202365e-08,5.914590896495831e-07,7.127020649245694e-07,0.8183996121711863,-1.2124297527498632e-07,3.274965358611926e-07,3.5048035944503024e-07,0.9085003587029896,-2.2983823583837638e-08,1.917451421672153e-07,2.484153001933862e-07,0.7420038288124658,-5.667015802617089e-08,2.9466594529041116e-07,3.7657618166859716e-07,0.7622454751830041,-8.1910236378186e-08,0.0,Train249.csv,Normal
129,1.9137535248117823,6.889512689322417,1,0,0.21865187513293557,0.21226871715676027,1.0300710710507128,0.006383157976175308,1.4617703210422872,1.575529631660396,0.9277961406691012,-0.11375931061810873,0.9323807031278897,14.622379861928128,15.796131918512948,-1.1737520565848207,0.035345634576024146,1.3102173859380455,0.09484269564171333,1.436641133872705,-0.05403257082484053,0.8243499626787062,0.04950363013285508,1.2642870714400394,-0.05867048101842137,0.7570037673614616,0.053005249438314445,1.2617408264529528,-0.055213174024884765,0.7609442575253388,-0.0206295732662347,0.8459759332591086,0.09484269564171333,-0.05867048101842137,1.436641133872705,0.7570037673614616,0.1535131766601347,8.106581219508489e-05,0.00010295067359100095,0.7873473372669375,-2.188486139591606e-05,3.9391650449852084e-05,3.114180591969142e-05,1.2645061590137912,8.249844530160663e-06,1.2671594451909495e-05,1.0408549152306845e-05,1.2162532677694176,2.26304529960265e-06,9.642290470280311e-07,1.2902554096487685e-06,0.7415689562779774,-3.2602636262073735e-07,3.0967670247958445e-07,3.772958151505938e-07,0.7995870091164594,-6.761911267100936e-08,3.730046489650605e-07,3.909863781897342e-07,0.9302177561467347,-1.7981729224673668e-08,0.0,Train250.csv,Normal
939,13.93034542479274,50.149243529253866,0,0,0.7598763715520754,0.8480241925677785,0.8960550527345853,-0.08814782101570307,1.487775348205936,1.6387119715983038,0.9078931288186756,-0.1509366233923679,0.8626517877168567,33.39837985453707,33.256088965017916,0.14229088951915259,0.1684288246246496,1.4793057430087893,0.18629463030069404,1.4013689422917905,0.6384295446869038,1.8371289945633973,-0.522546807375671,0.6001885510311898,-0.04109848602712707,0.9287442819580436,-0.6311146869698593,0.6097390923117842,0.06332341488804993,1.4506530338603383,-0.17947651876540585,0.546743927148782,0.6384295446869038,-0.6311146869698593,1.8371289945633973,0.546743927148782,1.2695442316567631,0.00109449079700412,0.0010025947584253734,1.0916473194512433,9.18960385787467e-05,0.0003050114577521466,0.00029286179132342947,1.0414504461964753,1.2149666428717151e-05,0.0001409526623270151,0.00016525408231411317,0.8528935044646303,-2.430141998709806e-05,0.0002223348427026631,0.00024947395423890794,0.8911789272417632,-2.713911153624484e-05,1.5102222460809604e-05,1.6055877907288764e-05,0.9400185005736929,-9.5365544647916e-07,4.673290759741618e-06,4.7986526473215745e-06,0.9718503502939948,-1.253618875799567e-07,0.1426467356891751,Train251.csv,Normal
0,0.0,0.0,1,1,0.07601301426927616,0.058412960409176075,1.3013036956828907,0.017600053860100086,1.287720714499644,1.3783100843016276,0.9342750371077534,-0.09058936980198351,0.9110275389949369,21.70821080181966,20.601755699017854,1.1064551028018066,0.007089837934613041,1.1025690228758678,-4.782930789828943e-07,0.9999921634876866,0.047696511810541346,2.233395967042684,0.03868451388104784,1.748054740830013,-0.011085800068310205,0.8371687814479556,0.006483244610999646,1.1422472792670901,0.021786626974893905,1.31305474719472,0.027244289740976965,1.504977264789651,0.047696511810541346,-0.011085800068310205,2.233395967042684,0.8371687814479556,0.05878231187885155,6.998367522976231e-07,9.695232833191678e-07,0.7144666841672087,-2.696865310215447e-07,9.95186347121383e-08,8.609243561804395e-08,1.0356552424970586,1.3426199094094347e-08,5.37329467369804e-07,6.633757416840478e-07,0.7979638025361514,-1.260462743142438e-07,2.8839619398163386e-07,3.234252425049094e-07,0.8649500914058343,-3.502904852327552e-08,1.7330350278527648e-07,1.7439341199914768e-07,0.9398573458040764,-1.0899092138711929e-09,2.522347643233164e-07,3.040814656750652e-07,0.8030870709966289,-5.184670135174883e-08,0.0,Train252.csv,Normal
158,2.3439771854283844,8.438317867542183,1,0,0.20596736146787006,0.1944713384413734,1.0591141734689125,0.01149602302649666,1.3601542702547615,1.510132036832747,0.90068565401778,-0.14997776657798556,0.9983490504313394,34.83238120664396,37.423860873850145,-2.591479667206187,0.06951864929352063,1.5985500699409039,0.06416522374997363,1.4184417024243352,0.0018889235814425198,1.0081921437413273,0.06069512350178294,1.3533018765086817,-0.0867884009584548,0.6759923318605294,0.0569649533009024,1.2775923531110343,-0.0005821480187390426,0.9964284241391255,-0.05902265569802187,0.7135034578548136,0.06951864929352063,-0.0867884009584548,1.5985500699409039,0.6759923318605294,0.15630705025197544,8.506107723655381e-05,8.337878528313453e-05,1.020054158934457,1.6822919534192871e-06,4.028204549733908e-05,3.2212619608115096e-05,1.2501170291938108,8.069425889223986e-06,9.736788243570799e-06,1.5124287749130765e-05,0.6433595293660271,-5.387499505559966e-06,9.692709899530498e-07,9.265968171245796e-07,1.0348860600752223,4.267417282847016e-08,2.2252512405361032e-07,2.9725922812101613e-07,0.7242260075130023,-7.473410406740582e-08,2.8823488856944885e-07,3.444106315910745e-07,0.8132794642064225,-5.617574302162563e-08,0.0,Train253.csv,Normal
155,2.299471289502529,8.278096642209105,1,0,0.1966850547096078,0.18452530014320284,1.0658974346498498,0.012159754566404946,1.4554576623612552,1.5662471789762196,0.9292643412899709,-0.11078951661496439,0.9719205230521024,17.44227605799812,22.01748216089414,-4.5752061028960185,0.06353048976544996,1.5504522833747754,0.0550223271516663,1.3058180371599932,-0.009108234666498793,0.957099477084318,0.04571334148541975,1.22422313143382,-0.053487660773800266,0.778490269734842,0.03985857164916842,1.2280203213226797,-0.009051954323965744,0.9403806109041414,-0.03787659341103444,0.7742462693014914,0.06353048976544996,-0.053487660773800266,1.5504522833747754,0.7742462693014914,0.11701815053925023,8.942763012541532e-05,9.256285156798953e-05,0.9660243647105953,-3.1352214425742144e-06,4.318990563999368e-05,2.8420180586126567e-05,1.5191569223119743,1.4769725053867111e-05,7.985298921316e-06,1.0184934438996046e-05,0.7832614293988887,-2.1996355176800464e-06,8.945212310834416e-07,1.0215407957228e-06,0.8671699992792348,-1.270195646393584e-07,2.4629254469952675e-07,2.7777884595816577e-07,0.8558396426932997,-3.1486301258639024e-08,3.09779024380863e-07,3.5634727827905274e-07,0.8455884423000932,-4.6568253898189755e-08,0.0,Train254.csv,Normal
1254,18.603464497007558,66.9724721892272,0,0,0.7960699627937836,0.8311151943077643,0.9578334732268917,-0.035045231513980646,1.7062870348076464,1.7879075648124343,0.9543485685979319,-0.08162053000478786,0.9108463282327915,16.585402543217604,20.419471600836886,-3.8340690576192813,-0.3729655365030158,0.5784969569250095,-0.3378436198618421,0.6056844248541488,0.1038092963011259,1.1662093347967175,0.10343207277448152,1.1269893713738117,0.05192097328570666,1.0514407852570018,-0.027903601471861883,0.9727082178218813,0.17169348747916613,1.2324192575988993,-0.11764460281372208,0.7999090076630013,0.17169348747916613,-0.3729655365030158,1.2324192575988993,0.5784969569250095,0.5446590239821819,0.001781799756926442,0.0016754496989084228,1.0634691828680218,0.00010635005801801927,0.00021203300051193376,0.00023432308764013502,0.9048359437722792,-2.2290087128201252e-05,0.0001798373314501429,0.0001668802621632606,1.07757833871827,1.2957069286882294e-05,0.0003339809248261266,0.0003707687152546057,0.9007553861250885,-3.678779042847911e-05,2.380145841876193e-05,2.5533368272508193e-05,0.931805788682104,-1.7319098537462635e-06,4.7045616722171315e-06,5.077617827114505e-06,0.924708150668104,-3.7305615489737366e-07,0.19049947449864277,Train255.csv,Normal
1060,15.72541656046891,56.611499617688075,0,0,0.3417860451753699,0.3807680136577776,0.8976227622584099,-0.0389819684824077,1.4786614613184714,1.6100665498683753,0.9183853004433268,-0.13140508854990385,0.7940070974301087,15.563119939422167,19.642126963633544,-4.079007024211377,-0.31429165745206966,0.5163431915966212,-0.024244013927377878,0.9043793113422615,-0.030891022997786177,0.9153952886328746,0.043375525881953036,1.1076608684686668,0.008648517048674975,1.0305703302253553,-0.00210030264002381,0.9921183523392633,0.0006695811194427082,1.0022000371863655,0.09281863905505805,1.2535511244169035,0.09281863905505805,-0.31429165745206966,1.2535511244169035,0.5163431915966212,0.4071102965071277,0.00017788613912407382,0.00025911838935541496,0.6864787743503048,-8.123225023134114e-05,7.034446678604771e-05,3.050212000257595e-05,2.3054598231820322,3.984234678347176e-05,2.464160287181785e-05,2.3670002429901538e-05,1.0406081226031492,9.716004419163121e-07,8.376825442089089e-05,7.066973841428017e-05,1.1851805948954435,1.309851600661072e-05,4.194451601955504e-06,5.362075157814151e-06,0.7807879597243366,-1.167623555858647e-06,9.068064669080921e-07,1.1897285752096934e-06,0.7558430178672679,-2.8292210830160135e-07,0.14638933098197718,Train256.csv,Normal
0,0.0,0.0,1,1,0.07667740245160261,0.05978791173512624,1.2824898445425235,0.01688949071647637,1.311914495380325,1.480412754073066,0.8861815618036479,-0.16849825869274104,0.9300699016535846,18.869662241795833,19.63591502934127,-0.7662527875454366,0.008671522011472851,1.126211066380121,0.001903219745467838,1.0312172444010206,0.04812757525596677,2.219599585799034,0.04130552264108539,1.883597019722525,-0.012597052003850952,0.8296178033090709,0.0023701417262302835,1.0463363731346718,0.01870536384319818,1.254889605408695,0.026709912265132585,1.491886668939927,0.04812757525596677,-0.012597052003850952,2.219599585799034,0.8296178033090709,0.06072462725981772,6.177672260409369e-07,1.0177414301698366e-06,0.6010920722918114,-3.999742041288997e-07,1.0512701238637098e-07,1.151280312480801e-07,0.8401555697615437,-1.0001018861709114e-08,4.790187657595312e-07,1.0213515354108255e-06,0.4644573157771277,-5.423327696512943e-07,2.80355324202981e-07,3.4935520583242186e-07,0.7801621338796442,-6.899988162944086e-08,2.4314437299777e-07,2.276185243587473e-07,1.023255125642814,1.5525848639022706e-08,2.7253001067564573e-07,3.288216288060822e-07,0.8043465573197596,-5.6291618130436486e-08,0.0,Train257.csv,Normal
951,14.108369008496162,50.790128430586186,0,0,0.4984885221035654,0.525404564325133,0.9487708072276673,-0.026916042221567626,1.7189846499072297,1.7329098941171834,0.9919642364690345,-0.01392524420995378,0.9585435384128359,15.48186576267674,16.277210363765136,-0.7953446010883951,-0.22488802945746322,0.5840934410742903,-0.2021609336234209,0.5667342552139921,0.0627215813579518,1.1369481247152147,-0.058582606945075666,0.9083784933050392,0.05476299102421045,1.0823779389260575,-0.13095072933815122,0.811770469400537,0.214704914865561,1.9930623490161627,0.10570609123472996,1.3230727481167175,0.214704914865561,-0.22488802945746322,1.9930623490161627,0.5667342552139921,0.4395929443230242,0.00047497196795344047,0.00047333851515170587,1.003429719857079,1.6334528017346002e-06,0.0001501054676384192,0.0001272209653464057,1.1797872257727056,2.2884502292013517e-05,0.00011566649739986475,0.00013594995718417197,0.8507394367827168,-2.028345978430722e-05,6.87892489539054e-05,6.0721610028231546e-05,1.1326761948502304,8.067638925673859e-06,6.7252245084732305e-06,6.6981880361662115e-06,1.0025396533631987,2.7036472307019026e-08,1.0375633684730504e-05,3.284247279598377e-06,3.1496219937671057,7.091386405132127e-06,0.144469697167631,Train258.csv,Normal
301,4.465424891227492,16.07552960841897,0,0,0.23328568416496187,0.23263506968745407,1.0027966739942311,0.0006506144775078049,1.3816270026645479,1.4930942006355674,0.9253448260819582,-0.11146719797101956,1.008878440207972,41.537433322949965,33.64865871931926,7.888774603630708,0.0029616522907102427,1.0131609840500875,0.08053192818643755,1.6536664917134332,-0.01733885274068181,0.9276226649344045,0.0921160648973394,1.5069614836244554,-0.08704598427610644,0.7597244504282867,-0.04541065609784739,0.8363789450079598,0.058082190278999246,1.2863313622584642,-0.02450922450900564,0.8516949208619429,0.0921160648973394,-0.08704598427610644,1.6536664917134332,0.7597244504282867,0.17916204917344583,0.00013314957025828566,0.00012069642438750563,1.1030860282202843,1.2453145870780025e-05,2.4831983770844047e-05,2.4203391275632895e-05,1.0255475364094773,6.285924952111524e-07,1.1792419556674252e-05,1.1553184820876146e-05,1.0198245327173399,2.392347357981063e-07,5.337960711566668e-06,6.479025032238102e-06,0.8226136723232172,-1.1410643206714338e-06,7.254355010727999e-07,7.924201371056991e-07,0.9040594415905612,-6.69846360328992e-08,4.065698552880434e-07,4.5136480036131306e-07,0.8812329310117339,-4.479494507326963e-08,0.0,Train259.csv,Normal
598,8.871508587887178,31.93743091639384,0,0,0.22534495751343459,0.2656921904797545,0.8481429153980967,-0.040347232966319924,1.5574140235340828,1.6806922789149539,0.9266503058329262,-0.12327825538087112,0.9335364645834893,20.971544477221503,17.090146609000122,3.8813978682213808,-0.22023913341083445,0.6138742367978005,-0.025504922978768857,0.8810961709799119,0.09779004997938107,1.449804799418195,-0.006152820489044114,0.9727942605183983,0.008744953835750274,1.047140464935801,-0.024021342499831788,0.8653619563509477,0.01473305663273275,1.1057219265267222,0.02537972492440181,1.2629720658670796,0.09779004997938107,-0.22023913341083445,1.449804799418195,0.6138742367978005,0.3180291833902155,9.852920371734297e-05,0.00012000205777094529,0.8209942029774672,-2.147285405360232e-05,1.6732606327152747e-05,2.8733874198847125e-05,0.5821277330744742,-1.2001267871694379e-05,1.6286148198503382e-05,2.5289559640982974e-05,0.6437324771503654,-9.003411442479592e-06,4.6811223651076116e-05,6.472518064628114e-05,0.7231187614483825,-1.791395699520502e-05,1.0017617990684723e-06,1.2018094803647304e-06,0.826666085139854,-2.0004768129625808e-07,4.6604212198660394e-07,5.579398535211842e-07,0.8205835866195654,-9.189773153458022e-08,0.011355530977960507,Train260.csv,Normal
854,12.669345040226839,45.60964214481662,0,0,0.2915300544436096,0.3620129790025606,0.805302746862344,-0.070482924558951,1.3590107772745446,1.3954088896425896,0.9739158017571998,-0.03639811236804502,0.8422005040321172,24.295394664503984,22.480180911986473,1.8152137525175114,-0.32372453222667824,0.46972211244802736,-0.09694180752840892,0.8296254390240886,-0.0151218810946121,0.9455860979350793,0.03051031333088311,1.0919981612889669,0.0011515702384849447,1.0044904112465207,9.833761361272009e-05,1.0005440674226516,0.006803450816632917,1.0315131960855126,0.02076837162876033,1.1478406129575285,0.03051031333088311,-0.32372453222667824,1.1478406129575285,0.46972211244802736,0.35423484555756135,0.00016336012075504836,0.00039512503296700767,0.4134285930771629,-0.00023176491221195932,1.76603351638376e-05,1.938572239230944e-05,0.9105273217789539,-1.72538722847184e-06,4.591539717637617e-05,5.905257659736118e-05,0.7774025418733187,-1.3137179420985013e-05,4.3923729041591534e-05,5.9354350788000794e-05,0.7399007730826521,-1.543062174640926e-05,3.0162661022075187e-06,2.7519401992120404e-06,1.0920823351164648,2.643259029954783e-07,6.4059254351055e-07,7.405637867060503e-07,0.8534818157453028,-9.997124319550036e-08,0.03506326833861485,Train261.csv,Normal
951,14.108369008496162,50.790128430586186,0,0,0.47495352910263655,0.5253099677417999,0.9041395542197095,-0.05035643863916339,1.5418050368853848,1.678154630172994,0.9187502748414453,-0.1363495932876091,0.8850348256384537,17.91777386519986,17.71596155069708,0.20181231450277792,-0.26519135394019655,0.5529983248925054,-0.26833871932442993,0.5024598098702684,0.11640447691776384,1.2787700532741983,-0.05780905889148036,0.9240717956391434,0.1502993045624403,1.7085471853140402,-0.28519431611851054,0.4396617938021089,0.1601736763335853,1.3544901631986972,-0.013850028017289184,0.974818868802105,0.1601736763335853,-0.28519431611851054,1.7085471853140402,0.4396617938021089,0.44536799245209585,0.0004151360080709457,0.0005121234139031488,0.8106012941179686,-9.698740583220311e-05,0.00011804405034102938,0.00011353448237488724,1.0396282397174177,4.509567966142142e-06,0.00010040486365005541,0.0001000895081976279,1.0030505190077923,3.1535545242751463e-07,8.178740674855527e-05,7.229091933055083e-05,1.1312083927264245,9.496487418004441e-06,6.684326386841116e-06,7.852294637592304e-06,0.850175005510615,-1.167968250751188e-06,7.797226122485635e-06,2.264330523565752e-06,3.4283610239117532,5.532895598919882e-06,0.144469697167631,Train262.csv,Normal
1310,19.43424122095686,69.9632683954447,0,0,0.7554190641409054,0.7456762040465829,1.013065791707973,0.00974286009432257,1.4585180440578498,1.575676679669919,0.925645504321948,-0.1171586356120693,1.00212167978267,19.963381417660152,21.758892750680307,-1.7955113330201549,-0.272937807632376,0.627446396253333,-0.3077209282962331,0.6062255107586435,0.261871873848629,1.3552694609734108,-0.2505453290966574,0.6842996788042097,0.3212633084127545,1.5319976426684012,-0.38198088511798767,0.6633283378229985,0.4306626517022539,2.0914309565648845,0.29059993301246745,1.5136680092121781,0.4306626517022539,-0.38198088511798767,2.0914309565648845,0.6062255107586435,0.8126435368202416,0.0007080085925254057,0.0006454014552827869,1.0969879550947725,6.260713724261875e-05,0.00020229933383006474,0.00016345232075876904,1.2375900017265127,3.88470130712957e-05,0.0004068097548247034,0.00036221029827149145,1.1231003805308317,4.459945655321194e-05,0.000494187525321575,0.00045639645669872926,1.082779435015278,3.7791068622845705e-05,3.587668439980079e-05,3.204677132208921e-05,1.119160879906811,3.829913077711577e-06,6.048604336676446e-06,6.084363201921284e-06,0.9924916084373816,-3.5758865244838165e-08,0.05237016567534941,Train263.csv,Normal
254,3.7681658550557575,13.565397078200727,1,0,0.11954781450237237,0.13049686094780152,0.9160971725535951,-0.010949046445429156,1.3468761499611863,1.3888486749300128,0.9697789000167851,-0.04197252496882653,0.8769024068990732,30.42599982333702,36.05466878951633,-5.628668966179308,-0.07343405472893794,0.760705384298535,-0.003227050718532562,0.9593814843815872,0.043993593507191765,1.9018653322338794,0.02927574944971416,1.344181655100134,-0.006984566171674117,0.9369122679468926,0.00220090035511869,1.0338745118158994,0.020365198518352612,1.2486251592957547,0.027053220004012682,1.498317601738616,0.043993593507191765,-0.07343405472893794,1.9018653322338794,0.760705384298535,0.1174276482361297,1.5468136268349562e-05,3.233352444844368e-05,0.4782452293659624,-1.686538818009412e-05,9.201449485715962e-07,1.3384366725157063e-06,0.6823790596372101,-4.1829172394411004e-07,1.1805812382414195e-06,1.6778845410353833e-06,0.6994443100457728,-4.973033027939638e-07,1.7812974321967563e-05,1.4831143476476221e-05,1.2002427137910099,2.9818308454913417e-06,2.753832745270864e-07,3.0709458224825723e-07,0.8684578354337364,-3.1711307721170827e-08,2.7555832866767656e-07,2.961998674318699e-07,0.8999296145318836,-2.0641538764193362e-08,0.0,Train264.csv,Normal
929,13.781992438373225,49.61517277814361,0,0,0.5477125174993281,0.3694843843694558,1.4823698262927392,0.17822813312987235,1.4817185063577134,1.5538214205776526,0.9535963896487553,-0.0721029142199392,1.154820696771212,39.973275830850326,37.04423135878119,2.929044472069137,-0.024335551373484587,0.8883798753551708,-0.029375466532789413,0.8777479763161099,-0.004379736018325808,0.9862359567892899,0.025654636733280167,1.0751984496677218,-0.021599175962818823,0.8968746120518023,0.02146182254329393,1.0819862443008823,0.18564302401349342,1.3254494172036422,0.6065297648462707,2.0534974721621673,0.6065297648462707,-0.029375466532789413,2.0534974721621673,0.8777479763161099,0.6359052313790602,0.0006708740733448642,0.00022937434512912733,2.924672444264708,0.0004414997282157368,0.00010818710209541865,7.737776771283673e-05,1.397987114667388,3.080933438258192e-05,6.795518268127562e-05,6.138909986551992e-05,1.1067781584765124,6.566082815755695e-06,7.598010892706064e-05,6.476098329328113e-05,1.1730578271913044,1.1219125633779505e-05,5.100429851637183e-06,4.4363372104698605e-06,1.147108194949119,6.640926411673229e-07,1.3851444307176204e-06,1.1497538181905468e-06,1.1943434968627473,2.353906125270736e-07,0.1411276011237952,Train265.csv,Side II
340,5.044001538263612,18.158405537749005,0,0,0.12159079209901302,0.11476781314882853,1.0594501905062417,0.006822978950184494,1.5059794244832299,1.597659017314473,0.9426162896689236,-0.09167959283124305,1.0215723745062766,63.81767662342736,63.36364912428642,0.45402749914094187,-0.039718577110920195,0.7615067917257171,0.01007612034398045,1.1108611867254796,0.035263342580257456,1.3693239316138228,0.029751786067454003,1.2538053553612574,0.0025121478432928723,1.0173456149314486,0.011082739896269095,1.1204345684368096,1.9324084259794705e-05,1.0001630521095894,0.028043967830112135,1.5082618898315157,0.035263342580257456,-0.039718577110920195,1.5082618898315157,0.7615067917257171,0.07498191969117765,9.163044161066184e-06,1.2985058846202083e-05,0.7051175581051071,-3.8220146851358995e-06,1.8803364926407515e-06,2.60067895600282e-06,0.720248075052366,-7.203424633620686e-07,2.0848682012634208e-06,1.9553100563144697e-06,1.0608342406659017,1.2955814494895112e-07,4.4633451622587775e-05,3.6878344601961266e-05,1.2099608183614377,7.755107020626508e-06,4.4543290739176417e-07,3.600261005708297e-07,1.2037878049808008,8.540680682093446e-08,3.353389327610735e-07,4.073861902032634e-07,0.8034260371618102,-7.204725744218991e-08,0.006538047555046808,Train266.csv,Normal
1196,17.743017175774355,63.87486183278768,0,0,0.7119510805188974,0.9034982686410477,0.7879938427660798,-0.1915471881221502,1.4476456722309508,2.23428400675935,0.6479237471029511,-0.7866383345283994,0.9346455866655727,27.944383242004275,16.537684788622897,11.406698453381377,-0.7737524267962083,0.3791929202226923,-0.7384299906087433,0.44469234286748316,0.3785693778882945,1.5518779210969955,-0.48684171693475586,0.5675463974358267,-0.037801785822595746,0.9398608465329091,0.1965405676883375,1.3814547624281173,0.29759752928283556,1.479508471501196,-0.16036494564818904,0.7540430863432454,0.3785693778882945,-0.7737524267962083,1.5518779210969955,0.3791929202226923,1.1523218046845027,0.000814358895177634,0.0019105265098167568,0.4262461832020895,-0.001096167614639123,0.00022987278356958627,0.00019231458361116082,1.1952334914934217,3.755819995842545e-05,0.0002866620051189713,0.00027786747455296203,1.0316129638796432,8.79453056600927e-06,0.0005044897752590648,0.00033866529282048806,1.4895972217449749,0.0001658244824385768,2.152938661446975e-05,2.3924782563306088e-05,0.8995020764247927,-2.3953959488363367e-06,2.8369257162062216e-06,8.27505872158331e-06,0.34241467822259114,-5.438133005377089e-06,0.030794660265185098,Train267.csv,Side II
842,12.491321456523417,44.968757243484305,0,0,0.30872431238455267,0.25179995734499755,1.2260697077913503,0.05692435503955512,1.4887672093061468,1.5956019971534154,0.9330442069085486,-0.10683478784726863,1.1625576206703248,18.77137755557648,20.17509242365924,-1.403714868082762,0.0499600819469142,1.2664146631781943,0.010602591177289289,1.0467685997044092,-0.043689585167789036,0.881145477721921,0.004939590880301381,1.0155008508247827,-0.001383206046898816,0.9931154395177689,-0.0005529622143840562,0.9972605255660765,0.0320677020705078,1.167620013989542,0.29923654802756144,2.162280020339877,0.29923654802756144,-0.043689585167789036,2.162280020339877,0.881145477721921,0.3429261331953505,0.00017511280635662297,0.00011573430279456393,1.5129280848270603,5.9378503562059035e-05,1.8225289538212825e-05,1.2042141943597939e-05,1.5122033596603999,6.183147594614886e-06,6.164275333339632e-05,3.690473308974386e-05,1.6698685910456363,2.4738020243652457e-05,4.17420810570306e-05,2.8089434311040194e-05,1.48551321692018,1.3652646745990409e-05,2.6463092912012782e-06,2.1628352147518577e-06,1.2179061132822686,4.834740764494205e-07,6.827571300222532e-07,7.048728630537696e-07,0.9550749025577423,-2.211573303151637e-08,0.031977782846836826,Train268.csv,Normal
906,13.44078056960833,48.38681005058999,0,0,0.4322458777009785,0.41566455382167594,1.03989109325763,0.016581323879302556,1.5778600414554877,1.7373833984247762,0.9081818289528144,-0.15952335696928843,1.0160977476109005,17.57057336528501,23.08107226367662,-5.51049889839161,-0.25634171740111367,0.47966444391570917,-0.25288619825809294,0.5994797205387264,0.02099771468076561,1.0397710528982822,0.11866478877106185,1.2885603951141715,0.35391983996135074,1.8409299534040262,0.001752062662050885,1.00809606992747,-0.012761407668353014,0.944747805340653,0.00864451800747068,1.0690072897840441,0.35391983996135074,-0.25634171740111367,1.8409299534040262,0.47966444391570917,0.6102615573624643,0.0004209489964186322,0.0004245764930295609,0.9914328489703618,-3.627496610928674e-06,6.952260309398673e-05,6.0991060609955944e-05,1.1396949888874552,8.531542484030784e-06,6.811478963452253e-05,6.523516331447628e-05,1.0439822076345322,2.8796263200462523e-06,7.264361081130384e-05,6.8111687460015e-05,1.0663800842271127,4.531923351288835e-06,4.521639340940979e-06,3.6707294361419787e-06,1.2284628412351914,8.509099047990004e-07,1.0268002181608674e-06,1.1773183680266086e-06,0.8648061428271075,-1.505181498657411e-07,0.13763359162342134,Train269.csv,Normal
475,7.046766854927105,25.368360677737577,0,0,0.21315904087983584,0.19129626242642297,1.1142874776183722,0.021862778453412862,1.4103227798373386,1.533221275228232,0.9198429433670438,-0.12289849539089337,1.2600434220870569,33.26353176153185,30.813166442120483,2.450365319411368,0.15834737924837183,2.0444152125799744,-0.04215882951600236,0.7747289333089485,0.03478168231272674,1.1690667849140362,0.041074576316298295,1.2468631497426248,-0.014842108307608737,0.9347490075728035,-0.007942003391339991,0.9665655218446817,-0.005515844619475491,0.964134661976111,-0.021423503000164268,0.8819222875792538,0.15834737924837183,-0.04215882951600236,2.0444152125799744,0.7747289333089485,0.2005062087643742,8.20416090151264e-05,5.752119140261733e-05,1.4260370246981187,2.452041761250907e-05,4.232237068625969e-06,3.2143388430254955e-06,1.3125906657672282,1.0178982256004738e-06,1.90693844689441e-05,1.46800041411749e-05,1.2981197476652953,4.389380327769202e-06,2.8973708229692074e-05,2.4824658472442233e-05,1.1666642511650698,4.149049757249841e-06,8.869254301570785e-07,1.0982148424210912e-06,0.8003190322008621,-2.1128941226401267e-07,4.265777158262767e-07,4.5036613287410986e-07,0.9266053372847197,-2.3788417047833173e-08,0.019502403349932147,Train270.csv,Normal
270,4.005530633326986,14.419910279977149,1,0,0.21271620613651696,0.21593858748961237,0.9850772794185143,-0.0032223813530954104,1.3818372401241457,1.464326620374262,0.9436673563540717,-0.08248938025011632,0.8265450508464566,23.22453151903498,29.974331634852177,-6.749800115817198,-0.09078612011188986,0.6134400107671185,0.004852777225244367,1.0533989930147516,-0.09098489012665661,0.6827121730361843,0.14199902427433775,1.5788590046946804,-0.08358484031972507,0.57255750308262,-0.04213219101104179,0.7993342991226684,0.0842966939061669,1.478676023965357,-0.04444647248987424,0.808516224213267,0.14199902427433775,-0.09098489012665661,1.5788590046946804,0.57255750308262,0.23298391440099436,0.0001021235973244186,0.00011443116125646394,0.8923677128333088,-1.2307563932045337e-05,2.09291309771129e-05,1.587745703245697e-05,1.317336747747367,5.051673944655931e-06,2.1616781079146793e-05,1.522690474349181e-05,1.4187120969158806,6.389876335654983e-06,4.706061379266512e-06,4.2942238594159395e-06,1.0933588802477154,4.1183751985057213e-07,7.134678762736945e-07,7.671301812996538e-07,0.9180802566186633,-5.36623050259593e-08,3.954475574293982e-07,4.627215541457253e-07,0.8365337987264572,-6.727399671632712e-08,0.0,Train271.csv,Normal
737,10.933615099118477,39.361014356826516,0,0,0.20681363152996787,0.20462746035374613,1.0106836153153946,0.002186171176221746,1.4027854461582943,1.5629737062915734,0.8975105796958931,-0.16018826013327914,0.9458833386406056,18.507826650337698,18.41289265814668,0.09493399219101661,0.019049925687168984,1.1207077646419639,0.011737510163384646,1.0659008259281095,0.003099713140628707,1.013740677802472,-0.001439266551702345,0.9947341124149357,0.02224505723857731,1.1132908525315646,0.016159396145895982,1.1001129401901002,-0.01033194380740568,0.9456423634020986,-0.03569814232300891,0.8434837730432254,0.02224505723857731,-0.03569814232300891,1.1207077646419639,0.8434837730432254,0.05794319956158622,5.68291349097685e-05,6.808506197796276e-05,0.8345558878874332,-1.1255927068194259e-05,9.550123534741063e-06,6.365188168819458e-06,1.4980143772775152,3.184935365921605e-06,1.882715746252768e-05,2.60110668963072e-05,0.723535185453889,-7.18390943377952e-06,3.636916656202015e-05,3.5642956142012206e-05,1.0200883881032232,7.262104200079418e-07,1.3197231213718792e-06,1.4321563343832814e-06,0.9151040632056309,-1.1243321301140219e-07,4.1036881135104917e-07,4.83268975703676e-07,0.8319372017379258,-7.290016435262684e-08,0.11196021746850057,Train272.csv,Normal
